{"/ui/1080p/talk/log.ui":{"rootdata":{"0":{"1":"BackLog"}}},"/ui/common/config/btn_reset.ui":{"rootdata":{"2":"I-reset"}},"/ui/1080p/extra/scenepage.ui":{"rootdata":{"0":{"0":"eksena"}}},"/img/1080p/bg/ED0003_a.ui":{"rootdata":{"0":{"5":"Kanon Rapipaka","3":"Mekabu Shinonome","4":"Oni MAYUGE","10":"Yui","2":"Tsukimachi Usagi","7":"arp","8":"Minami no Tenjino","6":"Koyo Urami","1":"Remake Staff","9":"Majin Hachimitsu"}}},"/img/720p/bg/ED0000_a.ui":{"rootdata":{"0":{"1":"Orihinal na ideya, Black Swan, \"Amane Switch\""}}},"/ui/1080p/config/config.ui":{"rootdata":{"1":"sistema"}},"/ui/common/title/btn_continue.ui":{"rootdata":{"0":"Magpatuloy"}},"/img/1080p/bg/ED0007_a.ui":{"rootdata":{"0":{"1":"palikpik"}}},"/ui/common/ui/btn_exit.ui":{"rootdata":{"2":"labasan"}},"character":{"1st_grade":"mag aaral sa unang antas","cat":"pusa","female_student2":"Babaeng mag-aaral 2","police_officer":"pulis","friend":"kaibigan","doctor":"manggagamot","teacher":"guro (silid aralan)","amane":"Si Amane","female":"babae","amane_with_mother":"Nanay Si Amane","pe_teacher":"guro sa pisikal na edukasyon","director":"pinuno ng isang (paaralan) club","theater_tirector":"pinuno ng kagawaran ng drama","School_principal":"punong-guro","theater_member":"miyembro ng isang theatrical troupe","police_officer2":"Opisyal ng Pulis 2","nurse":"rehistradong nars","yukika":"Yukika","teacher1":"Guro 1","hospital_officials":"tauhan ng ospital","soccer_member":"soccer club","store_manager":"manager ng tindahan","3rd_grade":"mag-aaral sa ikatlong taon","unknown":"Ano?","wet_woman":"Basang-basa na babae","police_officer3":"Opisyal ng Pulisya 3.","4heroines":"Yoko & Izumi & Shizuku & Yukika","female_student":"babaeng mag-aaral","Students":"mag-aaral","literary_club_Director":"pinuno ng departamento ng panitikan","part_time_job":"byte","youko":"Yoko","male":"panlalaki kasarian","children":"anak","youhei":"Yohei","Audiovisual_committee":"miyembro ng komite ng kawalan ng pandama","male_student":"lalaking estudyante","izumi":"Izumi","child":"mga bata","male_student2":"Lalake mag-aaral 2","hospital_officials2":"Tauhan ng ospital 2","police_officer1":"Opisyal ng Pulis 1","classmate":"kamag-aaral","member2":"Miyembro 2.","athletics_member":"track at field club member","male_student1":"Lalaking mag-aaral 1","resident":"residente","homeroom_teacher":"guro ng homeroom","father":"ama","police_officer4":"Opisyal ng Pulis 4.","literary_club_member":"isang kasapi sa panitikan ng mga tauhan","customer":"kostumer","softball_member":"software department","baseball_member":"club ng baseball (ibig sabihin, koponan ng baseball ng isang unibersidad, korporasyon, atbp.)","male_student3":"Lalake mag-aaral 3","news_caster":"caster","teacher4":"Apat na Guro.","shizuku":"Shizuku","vice-president":"bise presidente (ng isang club o samahan, samahan)","member1":"Miyembro 1","teacher3":"Tatlong Guro.","shinzi":"Shinji","sales_clerk":"klerk","female_student1":"Babaeng mag-aaral 1","mother":"ina","father_in_law":"Biyenan","hospital_officials1":"Tauhan ng ospital 1","member3":"Miyembro 3.","teacher2":"Guro 2"},"/ui/720p/extra/cgpage.ui":{"rootdata":{"0":{"0":"CG"}}},"/ui/1080p/extra/routepage.ui":{"rootdata":{"0":{"0":"eksena"}}},"scene":{"34":{"hidden":"WAKAS5","name":"TAPOS 'Ang sakit na hindi mapapagaling'"},"29":{"hidden":"WAKAS3","name":"TAPOS \"maulan na naman"},"27":{"hidden":"25","name":"Ang aking paboritong kapatid."},"8":{"hidden":"08","name":"Pang-araw-araw na buhay ng kabaligtaran"},"6":{"hidden":"06","name":"Relasyon kay Amane"},"15":{"hidden":"15","name":"Nakakatawa."},"5":{"hidden":"05","name":"imbitasyon"},"23":{"hidden":"WAKAS1","name":"WAKAS \"Ame Furi"},"35":{"hidden":"WAKAS6","name":"WAKAS \"Ang Wakas ng Pagtakbo: ......"},"11":{"hidden":"11","name":"Ang pinaniniwalaan ko sa ..."},"26":{"hidden":"WAKAS2","name":"WAKAS \"Luha ng Ulan"},"36":{"hidden":"Sikretong WAKAS","name":"WAKAS \"New Call Rain\"."},"16":{"hidden":"16","name":"Kaya ako lang ang baliw?"},"25":{"hidden":"24","name":"pagbagsak ng ulan sa oras ng kalungkutan"},"4":{"hidden":"04","name":"kaibigan"},"22":{"hidden":"22","name":"dulas ng dila"},"12":{"hidden":"12","name":"kilos ng barbarity"},"18":{"hidden":"18","name":"Ang batong nagsimulang gumulong."},"21":{"hidden":"21","name":"Lumipat si Amane"},"1":{"hidden":"01","name":"Ang bagong mag-aaral ..."},"0":{"hidden":"00","name":"Si Amane"},"7":{"hidden":"07","name":"pagiging puno ng mga butas"},"17":{"hidden":"17","name":"pagpipilian"},"32":{"hidden":"28","name":"pagkilala sa karapatan sa pagmamay-ari ng lupa (ng shogunate, isang pyudal lord, atbp.)"},"24":{"hidden":"23","name":"Iniisip kita."},"9":{"hidden":"09","name":"cog-wheel"},"19":{"hidden":"19","name":"Paano ito nangyari?"},"30":{"hidden":"27","name":"malayang kalooban"},"10":{"hidden":"10","name":"mamamatay-tao"},"14":{"hidden":"14","name":"pansamantalang kapayapaan ng isip"},"3":{"hidden":"03","name":"Amane at ulan"},"31":{"hidden":"WAKAS4","name":"WAKAS \"Ang Pagtatapos ng Pag-atake: ......"},"2":{"hidden":"02","name":"Masayang oras"},"28":{"hidden":"26","name":"konstitusyon (pisikal)"},"13":{"hidden":"13","name":"Ngayon magkasama kami."},"33":{"hidden":"29","name":"disente"},"20":{"hidden":"20","name":"namamatay na sandali"}},"/img/720p/bg/ED0006_a.ui":{"rootdata":{"0":{"1":"paggawa","2":"Ride On Works, Inc."}}},"/ui/720p/extra/soundpage.ui":{"rootdata":{"0":{"0":"tunog"}}},"/ui/common/title/btn_start.ui":{"rootdata":{"0":"magsimula"}},"/img/720p/bg/ED0007_a.ui":{"rootdata":{"0":{"1":"palikpik"}}},"/img/1080p/bg/ED0002_a.ui":{"rootdata":{"0":{"1":"gumawa","2":"Nais","3":"Ryusei"}}},"/ui/common/ui/btn_back.ui":{"rootdata":{"2":"bumalik"}},"/ui/common/title/btn_load.ui":{"rootdata":{"0":"karga"}},"/ui/720p/language/language.ui":{"rootdata":{"1":"Wika"}},"/ui/common/extra/achieve.ui":{"rootdata":{"1":"rate ng mga nakamit"}},"/ui/720p/talk/log.ui":{"rootdata":{"0":{"1":"BackLog"}}},"/img/1080p/bg/ED0000_a.ui":{"rootdata":{"0":{"1":"Orihinal na ideya, Black Swan, \"Amane Switch\""}}},"/img/720p/bg/ED0004_a.ui":{"rootdata":{"0":{"1":"komprehensibong produksyon","2":"Bushi"}}},"/ui/720p/extra/scenepage.ui":{"rootdata":{"0":{"0":"eksena"}}},"/ui/1080p/extra/soundpage.ui":{"rootdata":{"0":{"0":"tunog"}}},"/img/1080p/bg/ED0004_a.ui":{"rootdata":{"0":{"1":"komprehensibong produksyon","2":"Bushi"}}},"/ui/common/extra/btn_thumbnail.ui":{"rootdata":{"0":{"1":"NoData"}}},"/ui/common/title/btn_config.ui":{"rootdata":{"0":"Config"}},"/img/720p/bg/ED0002_a.ui":{"rootdata":{"0":{"1":"gumawa","2":"Nais","3":"Ryusei"}}},"/img/1080p/bg/ED0005_a.ui":{"rootdata":{"0":{"1":"kooperasyon sa produksyon","2":"Cyber Step Corporation"}}},"/img/720p/bg/ED0005_a.ui":{"rootdata":{"0":{"1":"kooperasyon sa produksyon","2":"Cyber Step Corporation"}}},"/ui/common/extra/btn_cg.ui":{"rootdata":{"2":"CG"}},"/ui/1080p/language/language.ui":{"rootdata":{"1":"Wika"}},"/ui/common/config/btn_system.ui":{"rootdata":{"2":"sistema"}},"/ui/1080p/storage/storage.ui":{"rootdata":{"1":"Magtipid"}},"/img/1080p/bg/ED0006_a.ui":{"rootdata":{"0":{"1":"paggawa","2":"Ride On Works, Inc."}}},"/ui/720p/extra/routepage.ui":{"rootdata":{"0":{"0":"eksena"}}},"bgm":{"insecurity":{"label":"malungkot"},"eye1":{"label":"naglalakad palayo"},"h1":{"label":"ripple"},"rain":{"label":"malamig na hangin"},"sys":{"label":"Tahimik na Lawa"},"eye2":{"label":"maulap na langit (panahon)"},"sir":{"label":"kawalan ng pag-asa"},"op":{"label":"Si Amane"},"ed":{"label":"Natunaw sa malawak na kalangitan"},"healing":{"label":"hawakan ang puso (ng isang tao)"},"danger":{"label":"papalapit na"},"h2":{"label":"luha"}},"/ui/common/extra/btn_sound.ui":{"rootdata":{"2":"tunog"}},"/ui/1080p/extra/cgpage.ui":{"rootdata":{"0":{"0":"CG"}}},"/img/1080p/bg/ED0001_a.ui":{"rootdata":{"0":{"5":"Shizuku Kizaki:. Uki Nashiki","6":"Yukika Mizushima:. Mei Oshiro","3":"Yoko Minegishi:. Ari Sayama","4":"Izumi Kizaki:. Nemea Iori (Stellar Cycle Campus)","1":"cast","2":"Amane Satonaka:. Kyoko Kuramochi (Stellar Cycle Campus)"}}},"/ui/common/title/btn_extra.ui":{"rootdata":{"0":"Dagdag"}},"/img/720p/bg/ED0003_a.ui":{"rootdata":{"0":{"5":"Kanon Rapipaka","3":"Mekabu Shinonome","4":"Oni MAYUGE","10":"Yui","2":"Tsukimachi Usagi","7":"arp","8":"Minami no Tenjino","6":"Koyo Urami","1":"Remake Staff","9":"Majin Hachimitsu"}}},"/ui/common/extra/btn_scene.ui":{"rootdata":{"2":"eksena"}},"/img/720p/bg/ED0001_a.ui":{"rootdata":{"0":{"5":"Shizuku Kizaki:. Uki Nashiki","6":"Yukika Mizushima:. Mei Oshiro","3":"Yoko Minegishi:. Ari Sayama","4":"Izumi Kizaki:. Nemea Iori (Stellar Cycle Campus)","1":"cast","2":"Amane Satonaka:. Kyoko Kuramochi (Stellar Cycle Campus)"}}},"dict":{"title.translate.cancaled":"Nagambala ang pag-download at nasimulan ang mga setting ng wika.","talk.quickload.confirm.yes":"Ipagpapatuloy namin.","title.continue.confirm.yes":"Ipagpapatuloy namin.","config.10.0":"lokal","storage.title.save":"Magtipid","language.restart":"Bumalik sa screen ng pamagat.","config.6":"transparency ng window ng mensahe","title.continue.confirm":"Nais mo bang muling simulan mula sa isang nai-save na eksena?","title.continue.nodata":"Walang i-save na data.","storage.date":"Petsa:","config.1":"background music","config.8.0":"lokal","extra.scene.confirm":"Nais mo bang magsimula sa eksenang ito?","title.translate.confirm.yes":"i-download","title.translate.confirm":"I-download ang mga kinakailangang file sa pag-update upang masimulan ang laro sa %s .","common.dialog.message.exit.yes":"Lumabas","common.dialog.btn.no":"kanselahin","language.confirm.yes":"Magbago","config.10.1":"maging sulit","storage.label.none":"Walang data","language.confirm":"Nais mo bang baguhin ang wikang ginagamit mo sa %s ?","config.10":"Baguhin ang kulay ng mga nabasa nang mga pangungusap","storage.title.load":"karga","config.5":"Ang bilis ng auto mode","config.7.all":"lahat","config.8":"Laktawan ang pagpapatuloy pagkatapos ng pagpipilian","config.9.1":"maging sulit","common.dialog.btn.yes":"OK lang","config.tab.system":"sistema","extra.cg.dialog.page":"%d / %d","common.dialog.message.save.yes":"magtipid","common.dialog.message.load.yes":"karga","common.dialog.message.save":"Nais mo bang i-save ito?","config.7.read":"Basahin lamang","config.3":"Tinig","config.9.0":"lokal","config.reset.confirm.yes":"Pasimulan.","talk.quickload.confirm":"Nais mo bang muling simulan mula sa isang nai-save na eksena?","config.tab.sound":"TUNOG","talk.quicksave.message":"Nai-save mo ang laro. Maaari kang magpatuloy mula sa kasalukuyang eksena.","config.4":"bilis ng pagpapakita ng character","config.reset.confirm":"Nais mo bang simulan ang mga setting?","common.dialog.message.download":"Nagda-download.","title.translate.notallowed":"Simulan ang mga setting ng wika dahil nawawala ang mga kinakailangang file.","storage.date.none":"---- / - / - -: -","common.dialog.btn.cancel":"pagkagambala","language.error.2":"Bawal kang mag-access sa server.","config.7":"laktawan mode","language.error.1":"Ang server ay nasa ilalim ng pagpapanatili.","config.9":"Pagpapatuloy ng auto mode pagkatapos ng pagpili","common.dialog.message.title":"Nais mo bang bumalik sa screen ng pamagat?","extra.scene.confirm.yes":"Pasimulan.","common.dialog.message.load":"Nais mo bang mag-load?","common.dialog.message.title.yes":"Sa pamagat","config.2":"SE","config.8.1":"maging sulit","title.translate.failed":"Pinasimulan ang mga setting ng wika dahil nabigo ang pag-download.","common.dialog.message.exit":"Nais mo bang umalis sa laro?","language.error.255":"Hindi magagamit ang server."},"/ui/common/config/btn_sound.ui":{"rootdata":{"2":"tunog"}},"/ui/common/ui/btn_title.ui":{"rootdata":{"2":"pamagat"}},"/ui/720p/storage/storage.ui":{"rootdata":{"1":"Magtipid"}},"/ui/common/storage/datum.ui":{"rootdata":{"3":{"1":"Walang Data"}}},"/ui/720p/config/config.ui":{"rootdata":{"1":"sistema"}},"/ui/common/title/btn_language.ui":{"rootdata":{"0":"Wika"}}}