{"/ui/1080p/talk/log.ui":{"rootdata":{"0":{"1":"BackLog"}}},"/ui/common/config/btn_reset.ui":{"rootdata":{"2":"Mamerina"}},"/ui/1080p/extra/scenepage.ui":{"rootdata":{"0":{"0":"sehatra"}}},"/img/1080p/bg/ED0003_a.ui":{"rootdata":{"0":{"5":"Kanon Rapipaka","3":"Mekabu Shinonome","4":"Oni MAYUGE","10":"Yui","2":"Tsukimachi Usagi","7":"arp","8":"Minami no Tenjino","6":"Koyo Urami","1":"Remake Staff","9":"Majin Hachimitsu"}}},"/img/720p/bg/ED0000_a.ui":{"rootdata":{"0":{"1":"Hevitra voalohany, Black Swan, \"Amane Switch\""}}},"/ui/1080p/config/config.ui":{"rootdata":{"1":"RAFITRA"}},"/ui/common/title/btn_continue.ui":{"rootdata":{"0":"hanohy"}},"/img/1080p/bg/ED0007_a.ui":{"rootdata":{"0":{"1":"vombony"}}},"/ui/common/ui/btn_exit.ui":{"rootdata":{"2":"Fivoahana"}},"character":{"1st_grade":"mpianatra taona voalohany","cat":"saka","female_student2":"Vehivavy mpianatra 2","police_officer":"polisy","friend":"NAMANA","doctor":"mpitsabo","teacher":"mpampianatra (trano fianarana)","amane":"Amane","female":"VEHIVAVY","amane_with_mother":"Neny. Amane","pe_teacher":"mpampianatra fanabeazana ara-batana","director":"lehiben'ny klioba (sekoly).","theater_tirector":"lehiben'ny sampana tantara an-tsehatra","School_principal":"fototra","theater_member":"mpikambana ao amin'ny troupe teatra","police_officer2":"Polisy 2","nurse":"mpitsabo mpanampy voasoratra anarana","yukika":"Yukika","teacher1":"Mpampianatra 1","hospital_officials":"mpiasan'ny hopitaly","soccer_member":"klioba baolina kitra","store_manager":"mpitantana fivarotana","3rd_grade":"mpianatra taona fahatelo","unknown":"Inona?","wet_woman":"Vehivavy lena mando","police_officer3":"Polisy 3.","4heroines":"Yoko & Izumi & Shizuku & Yukika","female_student":"vehivavy mpianatra","Students":"MPIANATRA","literary_club_Director":"lehiben\u2019ny sampana literatiora","part_time_job":"byte","youko":"Yoko","male":"lahy sy vavy","children":"ZAZA","youhei":"Yohei","Audiovisual_committee":"mpikambana ao amin'ny komity tsy fahampian-tsaina","male_student":"mpianatra lehilahy","izumi":"Izumi","child":"ankizy","male_student2":"Mpianatra lehilahy 2","hospital_officials2":"mpiasan'ny hopitaly 2","police_officer1":"Polisy 1","classmate":"mpiara-mianatra taminy","member2":"Mpikambana 2.","athletics_member":"mpikambana ao amin'ny klioban'ny lalao sy ny kianja","male_student1":"Mpianatra lehilahy 1","resident":"Amin'ny mponina","homeroom_teacher":"mpampianatra ao an-dakilasy","father":"ray","police_officer4":"Polisy 4.","literary_club_member":"mpiasan'ny literatiora","customer":"mpanjifa","softball_member":"sampana rindrambaiko","baseball_member":"klioba baseball (izany hoe ekipa baseball an'ny oniversite, orinasa, sns.)","male_student3":"Mpianatra lehilahy 3","news_caster":"caster","teacher4":"Mpampianatra efatra.","shizuku":"Shizuku","vice-president":"filoha lefitra (amin'ny klioba na fikambanana, fikambanana)","member1":"Mpikambana 1","teacher3":"Mpampianatra Telo.","shinzi":"Shinji","sales_clerk":"mpiasa","female_student1":"Vehivavy mpianatra 1","mother":"rENY","father_in_law":"rafozan-dahy","hospital_officials1":"Ny mpiasan'ny hopitaly 1","member3":"Mpikambana 3.","teacher2":"Mpampianatra 2"},"/ui/720p/extra/cgpage.ui":{"rootdata":{"0":{"0":"CG"}}},"/ui/1080p/extra/routepage.ui":{"rootdata":{"0":{"0":"sehatra"}}},"scene":{"34":{"hidden":"END5","name":"FARANY 'Ny aretina tsy azo sitranina'"},"29":{"hidden":"END3","name":"FARANY\" indray ny orana"},"27":{"hidden":"25","name":"Ny anabaviko tiako indrindra."},"8":{"hidden":"08","name":"Fiainana isan'andro amin'ny fahadisoam-panantenana"},"6":{"hidden":"06","name":"Fifandraisana amin'i Amane"},"15":{"hidden":"15","name":"Mampihomehy."},"5":{"hidden":"05","name":"fanasana"},"23":{"hidden":"END1","name":"END \"Ame Furi"},"35":{"hidden":"END6","name":"FARANY \"Ny faran'ny hazakazaka: ......"},"11":{"hidden":"11","name":"Izay inoako..."},"26":{"hidden":"END2","name":"FARANY \"Ranomason'ny orana"},"36":{"hidden":"Secret END","name":"FARANY ny \"New Call Rain\"."},"16":{"hidden":"16","name":"Dia izaho irery no adala?"},"25":{"hidden":"24","name":"orana milatsaka amin'ny fotoana mampalahelo"},"4":{"hidden":"04","name":"NAMANA"},"22":{"hidden":"22","name":"solafaka ny lela"},"12":{"hidden":"12","name":"asa barbariana"},"18":{"hidden":"18","name":"Ny vato nanomboka nihodina."},"21":{"hidden":"21","name":"Amane switch"},"1":{"hidden":"01","name":"Ilay mpianatra vaovao..."},"0":{"hidden":"00","name":"Amane"},"7":{"hidden":"07","name":"feno lavaka"},"17":{"hidden":"17","name":"SAFIDY"},"32":{"hidden":"28","name":"fanekena ny zo amin'ny fananan-tany (avy amin'ny shogunate, tompo feudal, sns.)"},"24":{"hidden":"23","name":"Nieritreritra anao aho."},"9":{"hidden":"09","name":"kodiaran-kodiarana"},"19":{"hidden":"19","name":"Ahoana no nahatonga izany?"},"30":{"hidden":"27","name":"Safidy malalaka"},"10":{"hidden":"10","name":"mpamono"},"14":{"hidden":"14","name":"fiadanan-tsaina vonjimaika"},"3":{"hidden":"03","name":"Amane sy orana"},"31":{"hidden":"END4","name":"END \"Ny fiafaran'ny fanafihana: ......"},"2":{"hidden":"02","name":"Fotoana mahafinaritra"},"28":{"hidden":"26","name":"lal\u00e0mpanorenana (ara-batana)"},"13":{"hidden":"13","name":"Ankehitriny isika miaraka."},"33":{"hidden":"29","name":"mendrika"},"20":{"hidden":"20","name":"fotoana hahafatesana"}},"/img/720p/bg/ED0006_a.ui":{"rootdata":{"0":{"1":"famokarana","2":"Ny orinasa Ride On Works, Inc."}}},"/ui/720p/extra/soundpage.ui":{"rootdata":{"0":{"0":"MISAINA"}}},"/ui/common/title/btn_start.ui":{"rootdata":{"0":"fanombohana"}},"/img/720p/bg/ED0007_a.ui":{"rootdata":{"0":{"1":"vombony"}}},"/img/1080p/bg/ED0002_a.ui":{"rootdata":{"0":{"1":"voka-pambolena sy fiompiana","2":"Pengin","3":"Ryusei"}}},"/ui/common/ui/btn_back.ui":{"rootdata":{"2":"indray"}},"/ui/common/title/btn_load.ui":{"rootdata":{"0":"entana"}},"/ui/720p/language/language.ui":{"rootdata":{"1":"Fiteny"}},"/ui/common/extra/achieve.ui":{"rootdata":{"1":"taham-pahombiazana"}},"/ui/720p/talk/log.ui":{"rootdata":{"0":{"1":"BackLog"}}},"/img/1080p/bg/ED0000_a.ui":{"rootdata":{"0":{"1":"Hevitra voalohany, Black Swan, \"Amane Switch\""}}},"/img/720p/bg/ED0004_a.ui":{"rootdata":{"0":{"1":"famokarana feno","2":"Bushi"}}},"/ui/720p/extra/scenepage.ui":{"rootdata":{"0":{"0":"sehatra"}}},"/ui/1080p/extra/soundpage.ui":{"rootdata":{"0":{"0":"MISAINA"}}},"/img/1080p/bg/ED0004_a.ui":{"rootdata":{"0":{"1":"famokarana feno","2":"Bushi"}}},"/ui/common/extra/btn_thumbnail.ui":{"rootdata":{"0":{"1":"NoData"}}},"/ui/common/title/btn_config.ui":{"rootdata":{"0":"Config"}},"/img/720p/bg/ED0002_a.ui":{"rootdata":{"0":{"1":"voka-pambolena sy fiompiana","2":"Pengin","3":"Ryusei"}}},"/img/1080p/bg/ED0005_a.ui":{"rootdata":{"0":{"1":"fiaraha-miasa amin\u2019ny famokarana","2":"Cyber Step Corporation"}}},"/img/720p/bg/ED0005_a.ui":{"rootdata":{"0":{"1":"fiaraha-miasa amin\u2019ny famokarana","2":"Cyber Step Corporation"}}},"/ui/common/extra/btn_cg.ui":{"rootdata":{"2":"CG"}},"/ui/1080p/language/language.ui":{"rootdata":{"1":"Fiteny"}},"/ui/common/config/btn_system.ui":{"rootdata":{"2":"RAFITRA"}},"/ui/1080p/storage/storage.ui":{"rootdata":{"1":"afa-tsy"}},"/img/1080p/bg/ED0006_a.ui":{"rootdata":{"0":{"1":"famokarana","2":"Ny orinasa Ride On Works, Inc."}}},"/ui/720p/extra/routepage.ui":{"rootdata":{"0":{"0":"sehatra"}}},"bgm":{"insecurity":{"label":"alahelo"},"eye1":{"label":"mifofofofo"},"h1":{"label":"ripple"},"rain":{"label":"rivotra mangatsiaka"},"sys":{"label":"Farihy mangina"},"eye2":{"label":"lanitra rahona (toetr'andro)"},"sir":{"label":"kivy"},"op":{"label":"Amane"},"ed":{"label":"Mitsonika any amin'ny lanitra midadasika"},"healing":{"label":"manohina ny fo (olona)."},"danger":{"label":"manatona"},"h2":{"label":"ranomaso"}},"/ui/common/extra/btn_sound.ui":{"rootdata":{"2":"MISAINA"}},"/ui/1080p/extra/cgpage.ui":{"rootdata":{"0":{"0":"CG"}}},"/img/1080p/bg/ED0001_a.ui":{"rootdata":{"0":{"5":"Shizuku Kizaki :. Uki Nashiki","6":"Yukika Mizushima :. Mei Oshiro","3":"Yoko Minegishi :. Ari Sayama","4":"Izumi Kizaki :. Nemea Iori (Stellar Cycle Campus)","1":"ario","2":"Amane Satonaka :. Kyoko Kuramochi (Stellar Cycle Campus)"}}},"/ui/common/title/btn_extra.ui":{"rootdata":{"0":"FANALAVAM"}},"/img/720p/bg/ED0003_a.ui":{"rootdata":{"0":{"5":"Kanon Rapipaka","3":"Mekabu Shinonome","4":"Oni MAYUGE","10":"Yui","2":"Tsukimachi Usagi","7":"arp","8":"Minami no Tenjino","6":"Koyo Urami","1":"Remake Staff","9":"Majin Hachimitsu"}}},"/ui/common/extra/btn_scene.ui":{"rootdata":{"2":"sehatra"}},"/img/720p/bg/ED0001_a.ui":{"rootdata":{"0":{"5":"Shizuku Kizaki :. Uki Nashiki","6":"Yukika Mizushima :. Mei Oshiro","3":"Yoko Minegishi :. Ari Sayama","4":"Izumi Kizaki :. Nemea Iori (Stellar Cycle Campus)","1":"ario","2":"Amane Satonaka :. Kyoko Kuramochi (Stellar Cycle Campus)"}}},"dict":{"title.translate.cancaled":"Tapaka ny fampidinana ary natomboka ny firafitry ny fiteny.","talk.quickload.confirm.yes":"Hitohy isika.","title.continue.confirm.yes":"Hitohy isika.","config.10.0":"an-toerana","storage.title.save":"afa-tsy","language.restart":"Hiverina any amin'ny title screen.","config.6":"mangarahara varavarankely hafatra","title.continue.confirm":"Te hanomboka amin'ny sehatra voatahiry ve ianao?","title.continue.nodata":"Tsy misy tahiry tahiry.","storage.date":"Daty :","config.1":"mozika afara","config.8.0":"an-toerana","extra.scene.confirm":"Te hanomboka amin'ity sehatra ity ve ianao?","title.translate.confirm.yes":"DOWNLOAD","title.translate.confirm":"Ampidino ny rakitra fanavaozana ilaina hanombohana ny lalao amin'ny %s .","common.dialog.message.exit.yes":"Fivoahana.","common.dialog.btn.no":"hanafoana","language.confirm.yes":"Fiovana.","config.10.1":"mendrika","storage.label.none":"Tsy misy angona","language.confirm":"Te hanova ny fiteny ampiasainao ho %s ve ianao?","config.10":"Ovay ny lokon'ny fehezanteny efa novakiana","storage.title.load":"entana","config.5":"Haingam-pandeha maody","config.7.all":"rehetra","config.8":"Alefaso ny tohiny aorian'ny safidy","config.9.1":"mendrika","common.dialog.btn.yes":"ok","config.tab.system":"RAFITRA","extra.cg.dialog.page":"%d / %d","common.dialog.message.save.yes":"afa-tsy","common.dialog.message.load.yes":"entana","common.dialog.message.save":"Te hamonjy azy ve ianao?","config.7.read":"mamaky ihany","config.3":"FEO","config.9.0":"an-toerana","config.reset.confirm.yes":"Initialize.","talk.quickload.confirm":"Te hanomboka amin'ny sehatra voatahiry ve ianao?","config.tab.sound":"MISAINA","talk.quicksave.message":"Namonjy ny lalao ianao. Azonao atao ny manohy amin'ny sehatra ankehitriny.","config.4":"hafainganam-pandehan'ny fampisehoana toetra","config.reset.confirm":"Te-hanao am-piandohana ve ianao?","common.dialog.message.download":"Misintona.","title.translate.notallowed":"Atombohy ny firafitry ny fiteny satria tsy ampy ny rakitra ilaina.","storage.date.none":"----/--/-- --:--","common.dialog.btn.cancel":"fahatapahana","language.error.2":"Tsy mahazo miditra amin'ny mpizara ianao.","config.7":"mandingana fomba","language.error.1":"Eo ambany fikojakojana ny mpizara.","config.9":"Fitohizan'ny maody automatique aorian'ny fifantenana","common.dialog.message.title":"Te hiverina amin'ny efijery lohateny ve ianao?","extra.scene.confirm.yes":"Manomboka.","common.dialog.message.load":"Te hampiditra entana ve ianao?","common.dialog.message.title.yes":"Ho an'ny lohateny","config.2":"SE","config.8.1":"mendrika","title.translate.failed":"Atombohy ny firafitry ny fiteny satria tsy nahomby ny fampidinana.","common.dialog.message.exit":"Te hiala amin'ny lalao ve ianao?","language.error.255":"Tsy misy ny mpizara."},"/ui/common/config/btn_sound.ui":{"rootdata":{"2":"MISAINA"}},"/ui/common/ui/btn_title.ui":{"rootdata":{"2":"lohateny"}},"/ui/720p/storage/storage.ui":{"rootdata":{"1":"afa-tsy"}},"/ui/common/storage/datum.ui":{"rootdata":{"3":{"1":"Tsy misy data"}}},"/ui/720p/config/config.ui":{"rootdata":{"1":"RAFITRA"}},"/ui/common/title/btn_language.ui":{"rootdata":{"0":"Fiteny"}}}