<?xml version="1.0" encoding="utf-8"?>
<BackupSaveData>
  <SaveDataType>Cache</SaveDataType>
  <SaveDataUserIdH>0000000000000000</SaveDataUserIdH>
  <SaveDataUserIdL>0000000000000000</SaveDataUserIdL>
  <ApplicationId>0100d4f00dd02000</ApplicationId>
  <SaveDataSize>00000000005B8D80</SaveDataSize>
  <OwnerId>0100d4f00dd02000</OwnerId>
  <Flags>00000000</Flags>
  <AvailableSize>00000000005B8D80</AvailableSize>
  <JournalSize>00000000005B8D80</JournalSize>
  <SaveDataSpaceId>00000004</SaveDataSpaceId>
  <CacheIndex>00000000</CacheIndex>
</BackupSaveData>
