{"/ui/1080p/talk/log.ui":{"rootdata":{"0":{"1":"BackLog"}}},"/ui/common/config/btn_reset.ui":{"rootdata":{"2":"Azzerare"}},"/ui/1080p/extra/scenepage.ui":{"rootdata":{"0":{"0":"scena"}}},"/img/1080p/bg/ED0003_a.ui":{"rootdata":{"0":{"5":"Kanon Rapipaka","3":"Mekabu Shinonome","4":"Oni MAYUGE","10":"Yui","2":"Tsukimachi Usagi","7":"arp","8":"Minami no Tenjino","6":"Koyo Urami","1":"Staff Remake","9":"Majin Hachimitsu"}}},"/img/720p/bg/ED0000_a.ui":{"rootdata":{"0":{"1":"Idea originale, Cigno Nero, \"Amane Switch\""}}},"/ui/1080p/config/config.ui":{"rootdata":{"1":"sistema"}},"/ui/common/title/btn_continue.ui":{"rootdata":{"0":"Continua"}},"/img/1080p/bg/ED0007_a.ui":{"rootdata":{"0":{"1":"pinna"}}},"/ui/common/ui/btn_exit.ui":{"rootdata":{"2":"uscire"}},"character":{"1st_grade":"studente del primo anno","cat":"cat","female_student2":"Studente femmina 2","police_officer":"poliziotto","friend":"amico","doctor":"medico","teacher":"insegnante (classe)","amane":"Amane","female":"donna","amane_with_mother":"Madre. Amane","pe_teacher":"insegnante di educazione fisica","director":"capo di un club (scolastico)","theater_tirector":"capo del dipartimento di teatro","School_principal":"principale","theater_member":"membro di una troupe teatrale","police_officer2":"Agente di polizia 2","nurse":"infermiera registrata","yukika":"Yukika","teacher1":"Insegnante 1","hospital_officials":"personale ospedaliero","soccer_member":"club di calcio","store_manager":"direttore del negozio","3rd_grade":"studente del terzo anno","unknown":"Cosa?","wet_woman":"Donna bagnata fradicia","police_officer3":"Agente di polizia 3.","4heroines":"Yoko & Izumi & Shizuku & Yukika","female_student":"studentessa","Students":"studenti","literary_club_Director":"capo del dipartimento letterario","part_time_job":"byte","youko":"Yoko","male":"genere maschile","children":"bambino","youhei":"Yohei","Audiovisual_committee":"membro del comitato per la privazione sensoriale","male_student":"studente maschio","izumi":"Izumi","child":"bambini","male_student2":"Studente maschio 2","hospital_officials2":"Personale ospedaliero 2","police_officer1":"Agente di polizia 1","classmate":"compagno di classe","member2":"Membro 2.","athletics_member":"membro del club di atletica leggera","male_student1":"Studente maschio 1","resident":"residente","homeroom_teacher":"insegnante di scuola elementare","father":"padre","police_officer4":"Agente di polizia 4.","literary_club_member":"un membro letterario dello staff","customer":"cliente","softball_member":"reparto software","baseball_member":"club di baseball (cio\u00e8 la squadra di baseball di un'universit\u00e0, societ\u00e0, ecc.)","male_student3":"Studente maschio 3","news_caster":"caster","teacher4":"Insegnante Quattro.","shizuku":"Shizuku","vice-president":"vicepresidente (di un club o organizzazione, organizzazione)","member1":"Membro 1","teacher3":"Insegnante 3.","shinzi":"Shinji","sales_clerk":"impiegato","female_student1":"Studente femmina 1","mother":"madre","father_in_law":"suocero","hospital_officials1":"Personale ospedaliero 1","member3":"Membro 3.","teacher2":"Insegnante 2"},"/ui/720p/extra/cgpage.ui":{"rootdata":{"0":{"0":"CG"}}},"/ui/1080p/extra/routepage.ui":{"rootdata":{"0":{"0":"scena"}}},"scene":{"34":{"hidden":"FINE5","name":"FINE 'La malattia che non pu\u00f2 essere curata'"},"29":{"hidden":"FINE3","name":"FINE \"di nuovo piovoso"},"27":{"hidden":"25","name":"La mia sorella preferita."},"8":{"hidden":"08","name":"Vita quotidiana di perversione"},"6":{"hidden":"06","name":"Relazione con Amane"},"15":{"hidden":"15","name":"\u00c8 divertente."},"5":{"hidden":"05","name":"invito"},"23":{"hidden":"END1","name":"FINE \"Ame Furi"},"35":{"hidden":"FINE6","name":"FINE \"La fine della corsa: ......"},"11":{"hidden":"11","name":"Quello in cui credo..."},"26":{"hidden":"FINE2","name":"FINE \"Lacrime di pioggia"},"36":{"hidden":"FINE SEGRETO","name":"FINE \"Nuova pioggia di chiamate\"."},"16":{"hidden":"16","name":"Quindi sono l'unico ad essere pazzo?"},"25":{"hidden":"24","name":"la pioggia che cade in un momento di tristezza"},"4":{"hidden":"04","name":"amico"},"22":{"hidden":"22","name":"lapsus"},"12":{"hidden":"12","name":"atto di barbarie"},"18":{"hidden":"18","name":"La pietra che ha iniziato a rotolare."},"21":{"hidden":"21","name":"Interruttore Amane"},"1":{"hidden":"01","name":"Il nuovo studente..."},"0":{"hidden":"00","name":"Amane"},"7":{"hidden":"07","name":"essere pieno di buchi"},"17":{"hidden":"17","name":"scelta"},"32":{"hidden":"28","name":"riconoscimento del diritto alla propriet\u00e0 della terra (da parte dello shogunato, di un signore feudale, ecc.)"},"24":{"hidden":"23","name":"Stavo pensando a te."},"9":{"hidden":"09","name":"ruota dentata"},"19":{"hidden":"19","name":"Come \u00e8 successo?"},"30":{"hidden":"27","name":"libero arbitrio"},"10":{"hidden":"10","name":"assassino"},"14":{"hidden":"14","name":"pace temporanea della mente"},"3":{"hidden":"03","name":"Amane e la pioggia"},"31":{"hidden":"FINE4","name":"FINE \"La fine dell'assalto: ......"},"2":{"hidden":"02","name":"Tempo felice"},"28":{"hidden":"26","name":"costituzione (fisica)"},"13":{"hidden":"13","name":"Ora siamo insieme."},"33":{"hidden":"29","name":"decente"},"20":{"hidden":"20","name":"momenti di morte"}},"/img/720p/bg/ED0006_a.ui":{"rootdata":{"0":{"1":"produzione","2":"Ride On Works, Inc."}}},"/ui/720p/extra/soundpage.ui":{"rootdata":{"0":{"0":"suono"}}},"/ui/common/title/btn_start.ui":{"rootdata":{"0":"avviare"}},"/img/720p/bg/ED0007_a.ui":{"rootdata":{"0":{"1":"pinna"}}},"/img/1080p/bg/ED0002_a.ui":{"rootdata":{"0":{"1":"produrre","2":"Pengin","3":"Ryusei"}}},"/ui/common/ui/btn_back.ui":{"rootdata":{"2":"indietro"}},"/ui/common/title/btn_load.ui":{"rootdata":{"0":"caricare"}},"/ui/720p/language/language.ui":{"rootdata":{"1":"Lingua"}},"/ui/common/extra/achieve.ui":{"rootdata":{"1":"tasso di realizzazione"}},"/ui/720p/talk/log.ui":{"rootdata":{"0":{"1":"BackLog"}}},"/img/1080p/bg/ED0000_a.ui":{"rootdata":{"0":{"1":"Idea originale, Cigno Nero, \"Amane Switch\""}}},"/img/720p/bg/ED0004_a.ui":{"rootdata":{"0":{"1":"produzione completa","2":"Bushi"}}},"/ui/720p/extra/scenepage.ui":{"rootdata":{"0":{"0":"scena"}}},"/ui/1080p/extra/soundpage.ui":{"rootdata":{"0":{"0":"suono"}}},"/img/1080p/bg/ED0004_a.ui":{"rootdata":{"0":{"1":"produzione completa","2":"Bushi"}}},"/ui/common/extra/btn_thumbnail.ui":{"rootdata":{"0":{"1":"NoData"}}},"/ui/common/title/btn_config.ui":{"rootdata":{"0":"Config"}},"/img/720p/bg/ED0002_a.ui":{"rootdata":{"0":{"1":"produrre","2":"Pengin","3":"Ryusei"}}},"/img/1080p/bg/ED0005_a.ui":{"rootdata":{"0":{"1":"cooperazione di produzione","2":"Cyber Step Corporation"}}},"/img/720p/bg/ED0005_a.ui":{"rootdata":{"0":{"1":"cooperazione di produzione","2":"Cyber Step Corporation"}}},"/ui/common/extra/btn_cg.ui":{"rootdata":{"2":"CG"}},"/ui/1080p/language/language.ui":{"rootdata":{"1":"Lingua"}},"/ui/common/config/btn_system.ui":{"rootdata":{"2":"sistema"}},"/ui/1080p/storage/storage.ui":{"rootdata":{"1":"Salva"}},"/img/1080p/bg/ED0006_a.ui":{"rootdata":{"0":{"1":"produzione","2":"Ride On Works, Inc."}}},"/ui/720p/extra/routepage.ui":{"rootdata":{"0":{"0":"scena"}}},"bgm":{"insecurity":{"label":"malinconia"},"eye1":{"label":"puddling via"},"h1":{"label":"ondulazione"},"rain":{"label":"vento freddo"},"sys":{"label":"Lago tranquillo"},"eye2":{"label":"cielo nuvoloso (tempo)"},"sir":{"label":"disperazione"},"op":{"label":"Amane"},"ed":{"label":"Sciogliersi nell'ampio cielo"},"healing":{"label":"toccare il cuore (di una persona)"},"danger":{"label":"avvicinarsi"},"h2":{"label":"lacrime"}},"/ui/common/extra/btn_sound.ui":{"rootdata":{"2":"suono"}},"/ui/1080p/extra/cgpage.ui":{"rootdata":{"0":{"0":"CG"}}},"/img/1080p/bg/ED0001_a.ui":{"rootdata":{"0":{"5":"Shizuku Kizaki :. Uki Nashiki","6":"Yukika Mizushima :. Mei Oshiro","3":"Yoko Minegishi :. Ari Sayama","4":"Izumi Kizaki :. Nemea Iori (Stellar Cycle Campus)","1":"cast","2":"Amane Satonaka :. Kyoko Kuramochi (Stellar Cycle Campus)"}}},"/ui/common/title/btn_extra.ui":{"rootdata":{"0":"Extra"}},"/img/720p/bg/ED0003_a.ui":{"rootdata":{"0":{"5":"Kanon Rapipaka","3":"Mekabu Shinonome","4":"Oni MAYUGE","10":"Yui","2":"Tsukimachi Usagi","7":"arp","8":"Minami no Tenjino","6":"Koyo Urami","1":"Staff Remake","9":"Majin Hachimitsu"}}},"/ui/common/extra/btn_scene.ui":{"rootdata":{"2":"scena"}},"/img/720p/bg/ED0001_a.ui":{"rootdata":{"0":{"5":"Shizuku Kizaki :. Uki Nashiki","6":"Yukika Mizushima :. Mei Oshiro","3":"Yoko Minegishi :. Ari Sayama","4":"Izumi Kizaki :. Nemea Iori (Stellar Cycle Campus)","1":"cast","2":"Amane Satonaka :. Kyoko Kuramochi (Stellar Cycle Campus)"}}},"dict":{"title.translate.cancaled":"Il download \u00e8 stato interrotto e le impostazioni della lingua sono inizializzate.","talk.quickload.confirm.yes":"Riprendiamo.","title.continue.confirm.yes":"Riprendiamo.","config.10.0":"locale","storage.title.save":"Salva","language.restart":"Torna alla schermata del titolo.","config.6":"trasparenza della finestra dei messaggi","title.continue.confirm":"Volete ricominciare da una scena salvata?","title.continue.nodata":"Non ci sono dati di salvataggio.","storage.date":"Data :","config.1":"musica di sottofondo","config.8.0":"locale","extra.scene.confirm":"Vuoi iniziare con questa scena?","title.translate.confirm.yes":"scaricare","title.translate.confirm":"Scarica i file di aggiornamento necessari per avviare il gioco su %s.","common.dialog.message.exit.yes":"Uscire.","common.dialog.btn.no":"cancellare","language.confirm.yes":"Cambiare.","config.10.1":"valere","storage.label.none":"Nessun dato","language.confirm":"Vuoi cambiare la lingua che usi in %s?","config.10":"Cambia il colore delle frasi gi\u00e0 lette","storage.title.load":"caricare","config.5":"Velocit\u00e0 in modalit\u00e0 automatica","config.7.all":"tutti","config.8":"Salta la continuazione dopo la scelta","config.9.1":"valere","common.dialog.btn.yes":"OK","config.tab.system":"sistema","extra.cg.dialog.page":"%d / %d","common.dialog.message.save.yes":"salva","common.dialog.message.load.yes":"caricare","common.dialog.message.save":"Vuoi salvarlo?","config.7.read":"leggere solo","config.3":"VOCE","config.9.0":"locale","config.reset.confirm.yes":"Inizializzare.","talk.quickload.confirm":"Volete ricominciare da una scena salvata?","config.tab.sound":"SUONO","talk.quicksave.message":"Avete salvato il gioco.\nPotete riprendere dalla scena attuale.","config.4":"velocit\u00e0 di visualizzazione dei caratteri","config.reset.confirm":"Vuoi inizializzare le impostazioni?","common.dialog.message.download":"Scaricare.","title.translate.notallowed":"Inizializza le impostazioni della lingua perch\u00e9 mancano i file necessari.","storage.date.none":"----/--/-- --:--","common.dialog.btn.cancel":"interruzione","language.error.2":"Non sei autorizzato ad accedere al server.","config.7":"modalit\u00e0 di salto","language.error.1":"Il server \u00e8 in manutenzione.","config.9":"Continuazione della modalit\u00e0 automatica dopo la selezione","common.dialog.message.title":"Vuoi tornare alla schermata del titolo?","extra.scene.confirm.yes":"Iniziare.","common.dialog.message.load":"Vuoi caricare?","common.dialog.message.title.yes":"Al titolo","config.2":"SE","config.8.1":"valere","title.translate.failed":"Inizializza le impostazioni della lingua perch\u00e9 il download non \u00e8 riuscito.","common.dialog.message.exit":"Vuoi abbandonare il gioco?","language.error.255":"Il server non \u00e8 disponibile."},"/ui/common/config/btn_sound.ui":{"rootdata":{"2":"suono"}},"/ui/common/ui/btn_title.ui":{"rootdata":{"2":"titolo"}},"/ui/720p/storage/storage.ui":{"rootdata":{"1":"Salva"}},"/ui/common/storage/datum.ui":{"rootdata":{"3":{"1":"Nessun dato"}}},"/ui/720p/config/config.ui":{"rootdata":{"1":"sistema"}},"/ui/common/title/btn_language.ui":{"rootdata":{"0":"Lingua"}}}