{"/ui/1080p/talk/log.ui":{"rootdata":{"0":{"1":"Backlog"}}},"/ui/common/config/btn_reset.ui":{"rootdata":{"2":"Pag-usab"}},"/ui/1080p/extra/scenepage.ui":{"rootdata":{"0":{"0":"talan-awon"}}},"/img/1080p/bg/ED0003_a.ui":{"rootdata":{"0":{"5":"Kanon Rapipaka","3":"Mekabu Shinonome","4":"Oni MAYUGE","10":"Yui","2":"Tsukimachi Usagi","7":"arp","8":"Minami no Tenjino","6":"Koyo Urami","1":"Pagbag-o sa kawani","9":"Majin Hachimitsu"}}},"/img/720p/bg/ED0000_a.ui":{"rootdata":{"0":{"1":"Orihinal nga ideya, Black Swan, \"Amane Switch\""}}},"/ui/1080p/config/config.ui":{"rootdata":{"1":"sistema"}},"/ui/common/title/btn_continue.ui":{"rootdata":{"0":"Padayon"}},"/img/1080p/bg/ED0007_a.ui":{"rootdata":{"0":{"1":"fin"}}},"/ui/common/ui/btn_exit.ui":{"rootdata":{"2":"paggawas"}},"character":{"1st_grade":"estudyante sa unang tuig","cat":"iring","female_student2":"Babaye nga estudyante 2","police_officer":"pulis","friend":"higala","doctor":"doktor","teacher":"magtutudlo (klasehanan)","amane":"Amane","female":"babaye","amane_with_mother":"Inahan. Amane","pe_teacher":"magtutudlo sa pisikal nga edukasyon","director":"ulo sa usa ka (eskuylahan) club","theater_tirector":"pangulo sa departamento sa drama","School_principal":"prinsipal","theater_member":"myembro sa usa ka tropa sa teatro","police_officer2":"Opisyal sa Pulis 2","nurse":"rehistrado nga nars","yukika":"Yukika","teacher1":"Magtutudlo 1","hospital_officials":"mga kawani sa hospital","soccer_member":"soccer club","store_manager":"manedyer sa tindahan","3rd_grade":"estudyante sa ikatulong tuig","unknown":"Unsa?","wet_woman":"Nagbasa basa nga babaye","police_officer3":"Opisyal sa Pulis 3.","4heroines":"Yoko & Izumi & Shizuku & Yukika","female_student":"babaye nga estudyante","Students":"mga estudyante","literary_club_Director":"pinuno sa departamento sa panitikan","part_time_job":"byte","youko":"Yoko","male":"pagkalalaki nga lalaki","children":"bata","youhei":"Yohei","Audiovisual_committee":"miyembro sa komite sa kawad-on nga sensoryo","male_student":"lalaki nga estudyante","izumi":"Izumi","child":"mga anak","male_student2":"Lalake nga estudyante 2","hospital_officials2":"Mga kawani sa hospital 2","police_officer1":"Opisyal sa Pulis 1","classmate":"classmate","member2":"Miyembro 2.","athletics_member":"miyembro sa track and field club","male_student1":"Lalake nga estudyante 1","resident":"residente","homeroom_teacher":"magtutudlo sa homeroom","father":"amahan","police_officer4":"Opisyal sa Pulis 4.","literary_club_member":"usa ka miyembro sa panitik sa kawani","customer":"kustomer","softball_member":"software departamento","baseball_member":"club sa baseball (ie team sa baseball sa usa ka unibersidad, korporasyon, ug uban pa)","male_student3":"Lalake nga estudyante 3","news_caster":"caster","teacher4":"Magtutudlo Upat.","shizuku":"Shizuku","vice-president":"bise presidente (sa usa ka club o organisasyon, organisasyon)","member1":"Miyembro 1","teacher3":"Tulo nga Magtutudlo.","shinzi":"Shinji","sales_clerk":"klerk","female_student1":"Babaye nga estudyante 1","mother":"inahan","father_in_law":"ugangan","hospital_officials1":"Mga kawani sa hospital 1","member3":"Miyembro 3.","teacher2":"Magtutudlo 2"},"/ui/720p/extra/cgpage.ui":{"rootdata":{"0":{"0":"CG"}}},"/ui/1080p/extra/routepage.ui":{"rootdata":{"0":{"0":"talan-awon"}}},"scene":{"34":{"hidden":"KATAPUSAN 5","name":"KATAPUSAN 'Ang sakit nga dili mamaayo'"},"29":{"hidden":"KATAPUSAN3","name":"KATAPUSAN \"ulan na usab"},"27":{"hidden":"25","name":"Ang akong pinalabi nga igsoon nga babaye."},"8":{"hidden":"08","name":"Adlaw-adlaw nga kinabuhi sa pagtuis"},"6":{"hidden":"06","name":"Relasyon kay Amane"},"15":{"hidden":"15","name":"Kataw-anan."},"5":{"hidden":"05","name":"pagdapit"},"23":{"hidden":"KATAPUSAN1","name":"KATAPUSAN \"Ame Furi"},"35":{"hidden":"KATAPUSAN6","name":"KATAPUSAN \"Ang Katapusan sa Pagdagan: ......"},"11":{"hidden":"11","name":"Ang akong gituohan ..."},"26":{"hidden":"KATAPUSAN2","name":"KATAPUSAN \"Mga Luha sa Ulan"},"36":{"hidden":"Sekreto nga KATAPUSAN","name":"KATAPUSAN \"Bag-ong Tawag Ulan\"."},"16":{"hidden":"16","name":"So ako ra ang nabuang?"},"25":{"hidden":"24","name":"ulan nga nahulog sa panahon sa kasubo"},"4":{"hidden":"04","name":"higala"},"22":{"hidden":"22","name":"slip sa dila"},"12":{"hidden":"12","name":"buhat sa kawang"},"18":{"hidden":"18","name":"Ang bato nga nagsugod pagsalig."},"21":{"hidden":"21","name":"Amane switch"},"1":{"hidden":"01","name":"Ang bag-ong estudyante ..."},"0":{"hidden":"00","name":"Amane"},"7":{"hidden":"07","name":"nga puno sa mga lungag"},"17":{"hidden":"17","name":"pagpili"},"32":{"hidden":"28","name":"pag-ila sa katungod sa pagpanag-iya sa yuta (sa shogunate, us aka pyudal lord, ug uban pa.)"},"24":{"hidden":"23","name":"Gihunahuna ko ikaw."},"9":{"hidden":"09","name":"cog-wheel"},"19":{"hidden":"19","name":"Giunsa kini nahitabo?"},"30":{"hidden":"27","name":"gawasnon nga pagbuot"},"10":{"hidden":"10","name":"mamumuno"},"14":{"hidden":"14","name":"temporaryo nga kalinaw sa hunahuna"},"3":{"hidden":"03","name":"Amane ug ulan"},"31":{"hidden":"KATAPUSAN4","name":"KATAPUSAN \"Ang Katapusan sa Pag-atake: ......"},"2":{"hidden":"02","name":"Malipayong panahon"},"28":{"hidden":"26","name":"konstitusyon (pisikal)"},"13":{"hidden":"13","name":"Karon nagkuyog mi."},"33":{"hidden":"29","name":"desente"},"20":{"hidden":"20","name":"himatyon nga mga gutlo"}},"/img/720p/bg/ED0006_a.ui":{"rootdata":{"0":{"1":"paghimo","2":"Ride On Works, Inc."}}},"/ui/720p/extra/soundpage.ui":{"rootdata":{"0":{"0":"tunog"}}},"/ui/common/title/btn_start.ui":{"rootdata":{"0":"pagsugod"}},"/img/720p/bg/ED0007_a.ui":{"rootdata":{"0":{"1":"fin"}}},"/img/1080p/bg/ED0002_a.ui":{"rootdata":{"0":{"1":"magpatungha","2":"Gusto","3":"Ryusei"}}},"/ui/common/ui/btn_back.ui":{"rootdata":{"2":"balik"}},"/ui/common/title/btn_load.ui":{"rootdata":{"0":"karga"}},"/ui/720p/language/language.ui":{"rootdata":{"1":"Sinultian"}},"/ui/common/extra/achieve.ui":{"rootdata":{"1":"rate sa mga nakab-ot"}},"/ui/720p/talk/log.ui":{"rootdata":{"0":{"1":"Backlog"}}},"/img/1080p/bg/ED0000_a.ui":{"rootdata":{"0":{"1":"Orihinal nga ideya, Black Swan, \"Amane Switch\""}}},"/img/720p/bg/ED0004_a.ui":{"rootdata":{"0":{"1":"komprehensibo nga paghimo","2":"Bushi"}}},"/ui/720p/extra/scenepage.ui":{"rootdata":{"0":{"0":"talan-awon"}}},"/ui/1080p/extra/soundpage.ui":{"rootdata":{"0":{"0":"tunog"}}},"/img/1080p/bg/ED0004_a.ui":{"rootdata":{"0":{"1":"komprehensibo nga paghimo","2":"Bushi"}}},"/ui/common/extra/btn_thumbnail.ui":{"rootdata":{"0":{"1":"NoData"}}},"/ui/common/title/btn_config.ui":{"rootdata":{"0":"Config"}},"/img/720p/bg/ED0002_a.ui":{"rootdata":{"0":{"1":"magpatungha","2":"Gusto","3":"Ryusei"}}},"/img/1080p/bg/ED0005_a.ui":{"rootdata":{"0":{"1":"kooperasyon sa produksyon","2":"Cyber Step Corporation"}}},"/img/720p/bg/ED0005_a.ui":{"rootdata":{"0":{"1":"kooperasyon sa produksyon","2":"Cyber Step Corporation"}}},"/ui/common/extra/btn_cg.ui":{"rootdata":{"2":"CG"}},"/ui/1080p/language/language.ui":{"rootdata":{"1":"Sinultian"}},"/ui/common/config/btn_system.ui":{"rootdata":{"2":"sistema"}},"/ui/1080p/storage/storage.ui":{"rootdata":{"1":"Pagtipig"}},"/img/1080p/bg/ED0006_a.ui":{"rootdata":{"0":{"1":"paghimo","2":"Ride On Works, Inc."}}},"/ui/720p/extra/routepage.ui":{"rootdata":{"0":{"0":"talan-awon"}}},"bgm":{"insecurity":{"label":"kasubo"},"eye1":{"label":"pagkalayo palayo"},"h1":{"label":"ripple"},"rain":{"label":"bugnaw nga hangin"},"sys":{"label":"Hilum nga Lanaw"},"eye2":{"label":"madag-umon nga langit (panahon)"},"sir":{"label":"pagkawalay paglaum"},"op":{"label":"Amane"},"ed":{"label":"Natunaw sa halapad nga langit"},"healing":{"label":"paghikap sa kasingkasing (sa usa ka tawo)"},"danger":{"label":"pagpaduol"},"h2":{"label":"luha"}},"/ui/common/extra/btn_sound.ui":{"rootdata":{"2":"tunog"}},"/ui/1080p/extra/cgpage.ui":{"rootdata":{"0":{"0":"CG"}}},"/img/1080p/bg/ED0001_a.ui":{"rootdata":{"0":{"5":"Shizuku Kizaki:. Uki Nashiki","6":"Yukika Mizushima:. Mei Oshiro","3":"Yoko Minegishi:. Ari Sayama","4":"Izumi Kizaki:. Nemea Iori (Stellar Cycle Campus)","1":"cast","2":"Amane Satonaka:. Kyoko Kuramochi (Stellar Cycle Campus)"}}},"/ui/common/title/btn_extra.ui":{"rootdata":{"0":"Dugang"}},"/img/720p/bg/ED0003_a.ui":{"rootdata":{"0":{"5":"Kanon Rapipaka","3":"Mekabu Shinonome","4":"Oni MAYUGE","10":"Yui","2":"Tsukimachi Usagi","7":"arp","8":"Minami no Tenjino","6":"Koyo Urami","1":"Pagbag-o sa kawani","9":"Majin Hachimitsu"}}},"/ui/common/extra/btn_scene.ui":{"rootdata":{"2":"talan-awon"}},"/img/720p/bg/ED0001_a.ui":{"rootdata":{"0":{"5":"Shizuku Kizaki:. Uki Nashiki","6":"Yukika Mizushima:. Mei Oshiro","3":"Yoko Minegishi:. Ari Sayama","4":"Izumi Kizaki:. Nemea Iori (Stellar Cycle Campus)","1":"cast","2":"Amane Satonaka:. Kyoko Kuramochi (Stellar Cycle Campus)"}}},"dict":{"title.translate.cancaled":"Nabalda ang pag-download ug gipahimutang ang mga setting sa sinultian.","talk.quickload.confirm.yes":"Ipadayon naton.","title.continue.confirm.yes":"Ipadayon naton.","config.10.0":"lokal","storage.title.save":"Pagtipig","language.restart":"Mobalik sa screen sa ulohan.","config.6":"transparency sa bintana sa mensahe","title.continue.confirm":"Gusto ba nimo nga magsugod usab gikan sa usa ka natipig nga talan-awon?","title.continue.nodata":"Wala\u2019y data sa pag-save.","storage.date":"Petsa :","config.1":"musika sa background","config.8.0":"lokal","extra.scene.confirm":"Gusto ba nimong magsugod sa kini nga talan-awon?","title.translate.confirm.yes":"pag-download","title.translate.confirm":"Pag-download sa mga kinahanglan nga file sa pag-update aron masugdan ang dula sa %s .","common.dialog.message.exit.yes":"Paggawas","common.dialog.btn.no":"pagkansela","language.confirm.yes":"Pagbag-o.","config.10.1":"mahimong bili","storage.label.none":"Wala\u2019y datos","language.confirm":"Gusto ba nimo nga usbon ang sinultian nga imong gigamit sa %s ?","config.10":"Usba ang kolor sa nabasa na nga mga tudling-pulong","storage.title.load":"karga","config.5":"Kusog sa mode sa awto","config.7.all":"tanan","config.8":"Laktawan ang pagpadayon pagkahuman sa pagpili","config.9.1":"mahimong bili","common.dialog.btn.yes":"OK ra","config.tab.system":"sistema","extra.cg.dialog.page":"%d / %d","common.dialog.message.save.yes":"magtipig","common.dialog.message.load.yes":"karga","common.dialog.message.save":"Gusto ba nimo kini tipigan?","config.7.read":"basaha ra","config.3":"TINGOG","config.9.0":"lokal","config.reset.confirm.yes":"Ipauna.","talk.quickload.confirm":"Gusto ba nimo nga magsugod usab gikan sa usa ka natipig nga talan-awon?","config.tab.sound":"TINGOG","talk.quicksave.message":"Nakatipig ka sa dula. Mahimo ka magpadayon gikan sa karon nga eksena.","config.4":"katulin sa pagpakita sa karakter","config.reset.confirm":"Gusto ba nimo nga una ang mga setting?","common.dialog.message.download":"Pag-download","title.translate.notallowed":"Ig-una ang mga setting sa sinultian tungod kay nawala ang kinahanglan nga mga file.","storage.date.none":"---- / - / - -: -","common.dialog.btn.cancel":"pagkabalda","language.error.2":"Wala ka tugoti nga maka-access sa server.","config.7":"laktaw mode","language.error.1":"Ang server gitun-an sa pagpadayon.","config.9":"Pagpadayon sa auto mode pagkahuman sa pagpili","common.dialog.message.title":"Gusto ba nimo nga mobalik sa screen sa ulohan?","extra.scene.confirm.yes":"Pagsugod.","common.dialog.message.load":"Gusto ba nimo mag-load?","common.dialog.message.title.yes":"Sa ulohan","config.2":"Ang SE","config.8.1":"mahimong bili","title.translate.failed":"Ig-una ang mga setting sa sinultian tungod kay napakyas ang pag-download.","common.dialog.message.exit":"Gusto ba nimo mohunong sa dula?","language.error.255":"Ang server dili magamit."},"/ui/common/config/btn_sound.ui":{"rootdata":{"2":"tunog"}},"/ui/common/ui/btn_title.ui":{"rootdata":{"2":"titulo"}},"/ui/720p/storage/storage.ui":{"rootdata":{"1":"Pagtipig"}},"/ui/common/storage/datum.ui":{"rootdata":{"3":{"1":"Wala\u2019y Data"}}},"/ui/720p/config/config.ui":{"rootdata":{"1":"sistema"}},"/ui/common/title/btn_language.ui":{"rootdata":{"0":"Sinultian"}}}