{"/ui/1080p/talk/log.ui":{"rootdata":{"0":{"1":"Orderstock"}}},"/ui/common/config/btn_reset.ui":{"rootdata":{"2":"\u00c5terst\u00e4lla"}},"/ui/1080p/extra/scenepage.ui":{"rootdata":{"0":{"0":"scen"}}},"/img/1080p/bg/ED0003_a.ui":{"rootdata":{"0":{"5":"Kanon Rapipaka","3":"Mekabu Shinonome","4":"Oni MAYUGE","10":"Yui","2":"Tsukimachi Usagi","7":"arp","8":"Minami no Tenjino","6":"Koyo Urami","1":"Remake -personal","9":"Majin Hachimitsu"}}},"/img/720p/bg/ED0000_a.ui":{"rootdata":{"0":{"1":"Originalid\u00e9, Black Swan, \"Amane Switch\""}}},"/ui/1080p/config/config.ui":{"rootdata":{"1":"systemet"}},"/ui/common/title/btn_continue.ui":{"rootdata":{"0":"Forts\u00e4tta"}},"/img/1080p/bg/ED0007_a.ui":{"rootdata":{"0":{"1":"fena"}}},"/ui/common/ui/btn_exit.ui":{"rootdata":{"2":"utg\u00e5ng"}},"character":{"1st_grade":"f\u00f6rsta\u00e5rsstudent","cat":"katt","female_student2":"Kvinnlig student 2","police_officer":"polis","friend":"v\u00e4n","doctor":"l\u00e4kare","teacher":"l\u00e4rare (klassrum)","amane":"Amane","female":"kvinna","amane_with_mother":"Mor. Amane","pe_teacher":"idrottsl\u00e4rare","director":"chef f\u00f6r en (skola) klubb","theater_tirector":"chef f\u00f6r dramavdelningen","School_principal":"rektor","theater_member":"medlem i en teatergrupp","police_officer2":"Polis 2","nurse":"legitimerad sjuksk\u00f6terska","yukika":"Yukika","teacher1":"L\u00e4rare 1","hospital_officials":"sjukhuspersonal","soccer_member":"fotbollsklubb","store_manager":"butiksf\u00f6rest\u00e5ndare","3rd_grade":"tredje\u00e5rsstudent","unknown":"Vad?","wet_woman":"Bl\u00f6tv\u00e5t kvinna","police_officer3":"Polis 3.","4heroines":"Yoko & Izumi & Shizuku & Yukika","female_student":"kvinnlig student","Students":"studenter","literary_club_Director":"chef f\u00f6r litteraturavdelningen","part_time_job":"byte","youko":"Yoko","male":"manligt k\u00f6n","children":"barn","youhei":"Yohei","Audiovisual_committee":"sensorisk deprivationskommitt\u00e9medlem","male_student":"manlig student","izumi":"Izumi","child":"barn","male_student2":"Manlig student 2","hospital_officials2":"Sjukhuspersonal 2","police_officer1":"Polis 1","classmate":"klasskamrat","member2":"Medlem 2.","athletics_member":"friidrottsklubbmedlem","male_student1":"Manlig student 1","resident":"bosatt","homeroom_teacher":"hemma l\u00e4rare","father":"far","police_officer4":"Polis 4.","literary_club_member":"en litter\u00e4r medarbetare","customer":"kund","softball_member":"programvaruavdelning","baseball_member":"baseballklubb (dvs basebollag fr\u00e5n ett universitet, f\u00f6retag, etc.)","male_student3":"Manlig student 3","news_caster":"hjul","teacher4":"L\u00e4rare fyra.","shizuku":"Shizuku","vice-president":"vice ordf\u00f6rande (f\u00f6r en klubb eller organisation, organisation)","member1":"Medlem 1","teacher3":"L\u00e4rare tre.","shinzi":"Shinji","sales_clerk":"kontorist","female_student1":"Kvinnlig student 1","mother":"mor","father_in_law":"sv\u00e4rfar","hospital_officials1":"Sjukhuspersonal 1","member3":"Medlem 3.","teacher2":"L\u00e4rare 2"},"/ui/720p/extra/cgpage.ui":{"rootdata":{"0":{"0":"CG"}}},"/ui/1080p/extra/routepage.ui":{"rootdata":{"0":{"0":"scen"}}},"scene":{"34":{"hidden":"SLUT5","name":"SLUT \"Sjukdomen som inte g\u00e5r att bota\""},"29":{"hidden":"SLUT3","name":"END \"regn igen"},"27":{"hidden":"25","name":"Min favoritsyster."},"8":{"hidden":"08","name":"Perversionens dagliga liv"},"6":{"hidden":"06","name":"F\u00f6rh\u00e5llande till Amane"},"15":{"hidden":"15","name":"Det \u00e4r roligt."},"5":{"hidden":"05","name":"inbjudan"},"23":{"hidden":"SLUT1","name":"SLUT \"Ame Furi"},"35":{"hidden":"SLUT6","name":"SLUT \"Slutet p\u00e5 k\u00f6rningen: ......"},"11":{"hidden":"11","name":"Vad jag tror p\u00e5 ..."},"26":{"hidden":"SLUT2","name":"SLUT \"Tears of Rain"},"36":{"hidden":"Hemligt SLUT","name":"SLUT \"New Call Rain\"."},"16":{"hidden":"16","name":"S\u00e5 jag \u00e4r den enda som \u00e4r galen?"},"25":{"hidden":"24","name":"regn faller vid sorgens tid"},"4":{"hidden":"04","name":"v\u00e4n"},"22":{"hidden":"22","name":"fels\u00e4gning"},"12":{"hidden":"12","name":"barbaritetshandling"},"18":{"hidden":"18","name":"Stenen som b\u00f6rjade rulla."},"21":{"hidden":"21","name":"Amane switch"},"1":{"hidden":"01","name":"Den nya studenten ..."},"0":{"hidden":"00","name":"Amane"},"7":{"hidden":"07","name":"vara full av h\u00e5l"},"17":{"hidden":"17","name":"val"},"32":{"hidden":"28","name":"erk\u00e4nnande av r\u00e4tten till mark\u00e4gande (av shogunatet, en feodalherre, etc.)"},"24":{"hidden":"23","name":"Jag t\u00e4nkte p\u00e5 dig."},"9":{"hidden":"09","name":"kugghjul"},"19":{"hidden":"19","name":"Hur h\u00e4nde det h\u00e4r?"},"30":{"hidden":"27","name":"fri vilja"},"10":{"hidden":"10","name":"m\u00f6rdare"},"14":{"hidden":"14","name":"tillf\u00e4llig sinnesro"},"3":{"hidden":"03","name":"Amane och regn"},"31":{"hidden":"SLUT4","name":"SLUT \"Slutet p\u00e5 \u00f6verfall: ......"},"2":{"hidden":"02","name":"Glada Tider"},"28":{"hidden":"26","name":"konstitution (fysisk)"},"13":{"hidden":"13","name":"Nu \u00e4r vi tillsammans."},"33":{"hidden":"29","name":"anst\u00e4ndig"},"20":{"hidden":"20","name":"d\u00f6ende stunder"}},"/img/720p/bg/ED0006_a.ui":{"rootdata":{"0":{"1":"produktion","2":"Ride On Works, Inc."}}},"/ui/720p/extra/soundpage.ui":{"rootdata":{"0":{"0":"ljud"}}},"/ui/common/title/btn_start.ui":{"rootdata":{"0":"Start"}},"/img/720p/bg/ED0007_a.ui":{"rootdata":{"0":{"1":"fena"}}},"/img/1080p/bg/ED0002_a.ui":{"rootdata":{"0":{"1":"producera","2":"Pingvin","3":"Ryusei"}}},"/ui/common/ui/btn_back.ui":{"rootdata":{"2":"tillbaka"}},"/ui/common/title/btn_load.ui":{"rootdata":{"0":"ladda"}},"/ui/720p/language/language.ui":{"rootdata":{"1":"Spr\u00e5k"}},"/ui/common/extra/achieve.ui":{"rootdata":{"1":"prestationsgrad"}},"/ui/720p/talk/log.ui":{"rootdata":{"0":{"1":"Orderstock"}}},"/img/1080p/bg/ED0000_a.ui":{"rootdata":{"0":{"1":"Originalid\u00e9, Black Swan, \"Amane Switch\""}}},"/img/720p/bg/ED0004_a.ui":{"rootdata":{"0":{"1":"omfattande produktion","2":"Bushi"}}},"/ui/720p/extra/scenepage.ui":{"rootdata":{"0":{"0":"scen"}}},"/ui/1080p/extra/soundpage.ui":{"rootdata":{"0":{"0":"ljud"}}},"/img/1080p/bg/ED0004_a.ui":{"rootdata":{"0":{"1":"omfattande produktion","2":"Bushi"}}},"/ui/common/extra/btn_thumbnail.ui":{"rootdata":{"0":{"1":"Inga data"}}},"/ui/common/title/btn_config.ui":{"rootdata":{"0":"Konfig"}},"/img/720p/bg/ED0002_a.ui":{"rootdata":{"0":{"1":"producera","2":"Pingvin","3":"Ryusei"}}},"/img/1080p/bg/ED0005_a.ui":{"rootdata":{"0":{"1":"produktionssamarbete","2":"Cyber Step Corporation"}}},"/img/720p/bg/ED0005_a.ui":{"rootdata":{"0":{"1":"produktionssamarbete","2":"Cyber Step Corporation"}}},"/ui/common/extra/btn_cg.ui":{"rootdata":{"2":"CG"}},"/ui/1080p/language/language.ui":{"rootdata":{"1":"Spr\u00e5k"}},"/ui/common/config/btn_system.ui":{"rootdata":{"2":"systemet"}},"/ui/1080p/storage/storage.ui":{"rootdata":{"1":"Spara"}},"/img/1080p/bg/ED0006_a.ui":{"rootdata":{"0":{"1":"produktion","2":"Ride On Works, Inc."}}},"/ui/720p/extra/routepage.ui":{"rootdata":{"0":{"0":"scen"}}},"bgm":{"insecurity":{"label":"melankoli"},"eye1":{"label":"p\u00f6lar iv\u00e4g"},"h1":{"label":"krusning"},"rain":{"label":"kall vind"},"sys":{"label":"Tyst sj\u00f6"},"eye2":{"label":"molnig himmel (v\u00e4der)"},"sir":{"label":"f\u00f6rtvivlan"},"op":{"label":"Amane"},"ed":{"label":"Sm\u00e4lter in i den stora himlen"},"healing":{"label":"r\u00f6ra (en persons) hj\u00e4rta"},"danger":{"label":"n\u00e4rma sig"},"h2":{"label":"t\u00e5rar"}},"/ui/common/extra/btn_sound.ui":{"rootdata":{"2":"ljud"}},"/ui/1080p/extra/cgpage.ui":{"rootdata":{"0":{"0":"CG"}}},"/img/1080p/bg/ED0001_a.ui":{"rootdata":{"0":{"5":"Shizuku Kizaki:. Uki Nashiki","6":"Yukika Mizushima:. Mei Oshiro","3":"Yoko Minegishi:. Ari Sayama","4":"Izumi Kizaki:. Nemea Iori (Stellar Cycle Campus)","1":"kasta","2":"Amane Satonaka:. Kyoko Kuramochi (Stellar Cycle Campus)"}}},"/ui/common/title/btn_extra.ui":{"rootdata":{"0":"Extra"}},"/img/720p/bg/ED0003_a.ui":{"rootdata":{"0":{"5":"Kanon Rapipaka","3":"Mekabu Shinonome","4":"Oni MAYUGE","10":"Yui","2":"Tsukimachi Usagi","7":"arp","8":"Minami no Tenjino","6":"Koyo Urami","1":"Remake -personal","9":"Majin Hachimitsu"}}},"/ui/common/extra/btn_scene.ui":{"rootdata":{"2":"scen"}},"/img/720p/bg/ED0001_a.ui":{"rootdata":{"0":{"5":"Shizuku Kizaki:. Uki Nashiki","6":"Yukika Mizushima:. Mei Oshiro","3":"Yoko Minegishi:. Ari Sayama","4":"Izumi Kizaki:. Nemea Iori (Stellar Cycle Campus)","1":"kasta","2":"Amane Satonaka:. Kyoko Kuramochi (Stellar Cycle Campus)"}}},"dict":{"title.translate.cancaled":"Nedladdningen har avbrutits och spr\u00e5kinst\u00e4llningarna initieras.","talk.quickload.confirm.yes":"Vi forts\u00e4tter.","title.continue.confirm.yes":"Vi forts\u00e4tter.","config.10.0":"lokal","storage.title.save":"Spara","language.restart":"\u00c5terg\u00e5 till titelsk\u00e4rmen.","config.6":"meddelandef\u00f6nster \u00f6ppenhet","title.continue.confirm":"Vill du starta om fr\u00e5n en sparad scen?","title.continue.nodata":"Det finns inga sparade data.","storage.date":"Datum :","config.1":"bakgrundsmusik","config.8.0":"lokal","extra.scene.confirm":"Vill du b\u00f6rja med den h\u00e4r scenen?","title.translate.confirm.yes":"ladda ner","title.translate.confirm":"Ladda ner uppdateringsfilerna som beh\u00f6vs f\u00f6r att starta spelet p\u00e5 %s .","common.dialog.message.exit.yes":"Utg\u00e5ng.","common.dialog.btn.no":"Avbryt","language.confirm.yes":"F\u00f6r\u00e4ndra.","config.10.1":"vara v\u00e4rd","storage.label.none":"Inga data","language.confirm":"Vill du \u00e4ndra det spr\u00e5k du anv\u00e4nder till %s ?","config.10":"\u00c4ndra f\u00e4rgen p\u00e5 redan l\u00e4sta meningar","storage.title.load":"ladda","config.5":"Automatisk hastighet","config.7.all":"Allt","config.8":"Hoppa \u00f6ver forts\u00e4ttning efter val","config.9.1":"vara v\u00e4rd","common.dialog.btn.yes":"OK","config.tab.system":"systemet","extra.cg.dialog.page":"%d / %d","common.dialog.message.save.yes":"spara","common.dialog.message.load.yes":"ladda","common.dialog.message.save":"Vill du spara det?","config.7.read":"skrivskyddad","config.3":"R\u00d6ST","config.9.0":"lokal","config.reset.confirm.yes":"Initiera.","talk.quickload.confirm":"Vill du starta om fr\u00e5n en sparad scen?","config.tab.sound":"LJUD","talk.quicksave.message":"Du har sparat spelet. Du kan forts\u00e4tta fr\u00e5n den aktuella scenen.","config.4":"teckenvisningshastighet","config.reset.confirm":"Vill du initiera inst\u00e4llningarna?","common.dialog.message.download":"Laddar ner.","title.translate.notallowed":"Initiera spr\u00e5kinst\u00e4llningarna eftersom de n\u00f6dv\u00e4ndiga filerna saknas.","storage.date.none":"----/-/--:-","common.dialog.btn.cancel":"avbrott","language.error.2":"Du har inte \u00e5tkomst till servern.","config.7":"hoppl\u00e4ge","language.error.1":"Servern \u00e4r under underh\u00e5ll.","config.9":"Autol\u00e4ge forts\u00e4tter efter val","common.dialog.message.title":"Vill du \u00e5terg\u00e5 till titelsk\u00e4rmen?","extra.scene.confirm.yes":"Inleda.","common.dialog.message.load":"Vill du ladda?","common.dialog.message.title.yes":"Till titeln","config.2":"SE","config.8.1":"vara v\u00e4rd","title.translate.failed":"Initiera spr\u00e5kinst\u00e4llningarna eftersom nedladdningen misslyckades.","common.dialog.message.exit":"Vill du avsluta spelet?","language.error.255":"Servern \u00e4r inte tillg\u00e4nglig."},"/ui/common/config/btn_sound.ui":{"rootdata":{"2":"ljud"}},"/ui/common/ui/btn_title.ui":{"rootdata":{"2":"titel"}},"/ui/720p/storage/storage.ui":{"rootdata":{"1":"Spara"}},"/ui/common/storage/datum.ui":{"rootdata":{"3":{"1":"Inga data"}}},"/ui/720p/config/config.ui":{"rootdata":{"1":"systemet"}},"/ui/common/title/btn_language.ui":{"rootdata":{"0":"Spr\u00e5k"}}}