{"/ui/1080p/talk/log.ui":{"rootdata":{"0":{"1":"Teruglog"}}},"/ui/common/config/btn_reset.ui":{"rootdata":{"2":"Herstel"}},"/ui/1080p/extra/scenepage.ui":{"rootdata":{"0":{"0":"toneel"}}},"/img/1080p/bg/ED0003_a.ui":{"rootdata":{"0":{"5":"Kanon Rapipaka","3":"Mekabu Shinonome","4":"Oni MAYUGE","10":"Yui","2":"Tsukimachi Usagi","7":"arp","8":"Minami no Tenjino","6":"Koyo Urami","1":"Remake personeel","9":"Majin Hachimitsu"}}},"/img/720p/bg/ED0000_a.ui":{"rootdata":{"0":{"1":"Oorspronklike idee, Black Swan, \"Amane Switch\""}}},"/ui/1080p/config/config.ui":{"rootdata":{"1":"stelsel"}},"/ui/common/title/btn_continue.ui":{"rootdata":{"0":"Aanhou"}},"/img/1080p/bg/ED0007_a.ui":{"rootdata":{"0":{"1":"vin"}}},"/ui/common/ui/btn_exit.ui":{"rootdata":{"2":"uitgang"}},"character":{"1st_grade":"eerstejaarstudent","cat":"kat","female_student2":"Vroulike student 2","police_officer":"polisieman","friend":"vriend","doctor":"dokter","teacher":"onderwyser (klaskamer)","amane":"Amane","female":"vrou","amane_with_mother":"Moeder. Amane","pe_teacher":"liggaamlike opvoeding onderwyser","director":"hoof van 'n (skool) klub","theater_tirector":"hoof van die drama -afdeling","School_principal":"skoolhoof","theater_member":"lid van 'n teatergroep","police_officer2":"Polisiebeampte 2","nurse":"geregistreerde verpleegster","yukika":"Yukika","teacher1":"Onderwyser 1","hospital_officials":"hospitaalpersoneel","soccer_member":"sokkerklub","store_manager":"winkelbestuurder","3rd_grade":"derdejaarstudent","unknown":"Wat?","wet_woman":"Sopnat vrou","police_officer3":"Polisiebeampte 3.","4heroines":"Yoko & Izumi & Shizuku & Yukika","female_student":"vroulike student","Students":"studente","literary_club_Director":"hoof van die letterkundige afdeling","part_time_job":"byte","youko":"Yoko","male":"manlike geslag","children":"kind","youhei":"Yohei","Audiovisual_committee":"lid van sensoriese ontnemingskomitee","male_student":"manlike student","izumi":"Izumi","child":"kinders","male_student2":"Manlike student 2","hospital_officials2":"Hospitaalpersoneel 2","police_officer1":"Polisiebeampte 1","classmate":"klasmaat","member2":"Lid 2.","athletics_member":"baan en veld klub lid","male_student1":"Manlike student 1","resident":"inwoner","homeroom_teacher":"huis kamer onderwyser","father":"pa","police_officer4":"Polisiebeampte 4.","literary_club_member":"'n letterkundige lid van die personeel","customer":"kli\u00ebnt","softball_member":"sagteware -afdeling","baseball_member":"bofbal klub (dws bofbal span van 'n universiteit, korporasie, ens.)","male_student3":"Manlike student 3","news_caster":"caster","teacher4":"Onderwyser Vier.","shizuku":"Shizuku","vice-president":"vise -president (van 'n klub of organisasie, organisasie)","member1":"Lid 1","teacher3":"Onderwyser Drie.","shinzi":"Shinji","sales_clerk":"klerk","female_student1":"Vroulike student 1","mother":"ma","father_in_law":"skoonpa","hospital_officials1":"Hospitaalpersoneel 1","member3":"Lid 3.","teacher2":"Onderwyser 2"},"/ui/720p/extra/cgpage.ui":{"rootdata":{"0":{"0":"CG"}}},"/ui/1080p/extra/routepage.ui":{"rootdata":{"0":{"0":"toneel"}}},"scene":{"34":{"hidden":"EINDE 5","name":"EINDE 'Die siekte wat nie genees kan word nie'"},"29":{"hidden":"EINDE3","name":"EINDE \"weer re\u00ebnerig"},"27":{"hidden":"25","name":"My gunsteling suster."},"8":{"hidden":"08","name":"Daaglikse lewe van verdraaiing"},"6":{"hidden":"06","name":"Verhouding met Amane"},"15":{"hidden":"15","name":"Dis snaaks."},"5":{"hidden":"05","name":"uitnodiging"},"23":{"hidden":"EINDE 1","name":"EINDE \"Ame Furi"},"35":{"hidden":"EINDE 6","name":"EINDE \"Die einde van die aanloop: ......"},"11":{"hidden":"11","name":"Waaraan ek glo ..."},"26":{"hidden":"EINDE 2","name":"EINDE \"Trane van re\u00ebn"},"36":{"hidden":"Geheime EINDE","name":"EINDE \"New Call Rain\"."},"16":{"hidden":"16","name":"So ek is die enigste een wat mal is?"},"25":{"hidden":"24","name":"re\u00ebn wat val in 'n tyd van hartseer"},"4":{"hidden":"04","name":"vriend"},"22":{"hidden":"22","name":"glip van die tong"},"12":{"hidden":"12","name":"daad van barbaarsheid"},"18":{"hidden":"18","name":"Die klip wat begin rol het."},"21":{"hidden":"21","name":"Amane skakelaar"},"1":{"hidden":"01","name":"Die nuwe student ..."},"0":{"hidden":"00","name":"Amane"},"7":{"hidden":"07","name":"vol gate"},"17":{"hidden":"17","name":"keuse"},"32":{"hidden":"28","name":"erkenning van die reg op grondbesit (deur die shogunaat, 'n feodale heer, ens.)"},"24":{"hidden":"23","name":"Ek het aan jou gedink."},"9":{"hidden":"09","name":"tandwiel"},"19":{"hidden":"19","name":"Hoe het dit gebeur?"},"30":{"hidden":"27","name":"vrye wil"},"10":{"hidden":"10","name":"sluipmoordenaar"},"14":{"hidden":"14","name":"tydelike gemoedsrus"},"3":{"hidden":"03","name":"Amane en re\u00ebn"},"31":{"hidden":"EINDE4","name":"EINDE \"Die einde van aanranding: ......"},"2":{"hidden":"02","name":"Gelukkige tyd"},"28":{"hidden":"26","name":"grondwet (fisies)"},"13":{"hidden":"13","name":"Nou is ons saam."},"33":{"hidden":"29","name":"ordentlik"},"20":{"hidden":"20","name":"doodsnikke"}},"/img/720p/bg/ED0006_a.ui":{"rootdata":{"0":{"1":"produksie","2":"Ride On Works, Inc."}}},"/ui/720p/extra/soundpage.ui":{"rootdata":{"0":{"0":"klank"}}},"/ui/common/title/btn_start.ui":{"rootdata":{"0":"begin"}},"/img/720p/bg/ED0007_a.ui":{"rootdata":{"0":{"1":"vin"}}},"/img/1080p/bg/ED0002_a.ui":{"rootdata":{"0":{"1":"produseer","2":"Pikkewyn","3":"Ryusei"}}},"/ui/common/ui/btn_back.ui":{"rootdata":{"2":"terug"}},"/ui/common/title/btn_load.ui":{"rootdata":{"0":"laai"}},"/ui/720p/language/language.ui":{"rootdata":{"1":"Taal"}},"/ui/common/extra/achieve.ui":{"rootdata":{"1":"prestasietempo"}},"/ui/720p/talk/log.ui":{"rootdata":{"0":{"1":"Teruglog"}}},"/img/1080p/bg/ED0000_a.ui":{"rootdata":{"0":{"1":"Oorspronklike idee, Black Swan, \"Amane Switch\""}}},"/img/720p/bg/ED0004_a.ui":{"rootdata":{"0":{"1":"omvattende produksie","2":"Bushi"}}},"/ui/720p/extra/scenepage.ui":{"rootdata":{"0":{"0":"toneel"}}},"/ui/1080p/extra/soundpage.ui":{"rootdata":{"0":{"0":"klank"}}},"/img/1080p/bg/ED0004_a.ui":{"rootdata":{"0":{"1":"omvattende produksie","2":"Bushi"}}},"/ui/common/extra/btn_thumbnail.ui":{"rootdata":{"0":{"1":"Geen data"}}},"/ui/common/title/btn_config.ui":{"rootdata":{"0":"Konfig"}},"/img/720p/bg/ED0002_a.ui":{"rootdata":{"0":{"1":"produseer","2":"Pikkewyn","3":"Ryusei"}}},"/img/1080p/bg/ED0005_a.ui":{"rootdata":{"0":{"1":"produksiesamewerking","2":"Cyber Step Corporation"}}},"/img/720p/bg/ED0005_a.ui":{"rootdata":{"0":{"1":"produksiesamewerking","2":"Cyber Step Corporation"}}},"/ui/common/extra/btn_cg.ui":{"rootdata":{"2":"CG"}},"/ui/1080p/language/language.ui":{"rootdata":{"1":"Taal"}},"/ui/common/config/btn_system.ui":{"rootdata":{"2":"stelsel"}},"/ui/1080p/storage/storage.ui":{"rootdata":{"1":"Stoor"}},"/img/1080p/bg/ED0006_a.ui":{"rootdata":{"0":{"1":"produksie","2":"Ride On Works, Inc."}}},"/ui/720p/extra/routepage.ui":{"rootdata":{"0":{"0":"toneel"}}},"bgm":{"insecurity":{"label":"weemoedig"},"eye1":{"label":"wegpoel"},"h1":{"label":"rimpel"},"rain":{"label":"koue wind"},"sys":{"label":"Rustige meer"},"eye2":{"label":"bewolkte lug (weer)"},"sir":{"label":"wanhoop"},"op":{"label":"Amane"},"ed":{"label":"Smelt in die wye lug"},"healing":{"label":"raak ('n persoon se) hart"},"danger":{"label":"nader kom"},"h2":{"label":"trane"}},"/ui/common/extra/btn_sound.ui":{"rootdata":{"2":"klank"}},"/ui/1080p/extra/cgpage.ui":{"rootdata":{"0":{"0":"CG"}}},"/img/1080p/bg/ED0001_a.ui":{"rootdata":{"0":{"5":"Shizuku Kizaki:. Uki Nashiki","6":"Yukika Mizushima:. Mei Oshiro","3":"Yoko Minegishi:. Ari Sayama","4":"Izumi Kizaki:. Nemea Iori (Stellar Cycle Campus)","1":"gooi","2":"Amane Satonaka:. Kyoko Kuramochi (Stellar Cycle Campus)"}}},"/ui/common/title/btn_extra.ui":{"rootdata":{"0":"Ekstra"}},"/img/720p/bg/ED0003_a.ui":{"rootdata":{"0":{"5":"Kanon Rapipaka","3":"Mekabu Shinonome","4":"Oni MAYUGE","10":"Yui","2":"Tsukimachi Usagi","7":"arp","8":"Minami no Tenjino","6":"Koyo Urami","1":"Remake personeel","9":"Majin Hachimitsu"}}},"/ui/common/extra/btn_scene.ui":{"rootdata":{"2":"toneel"}},"/img/720p/bg/ED0001_a.ui":{"rootdata":{"0":{"5":"Shizuku Kizaki:. Uki Nashiki","6":"Yukika Mizushima:. Mei Oshiro","3":"Yoko Minegishi:. Ari Sayama","4":"Izumi Kizaki:. Nemea Iori (Stellar Cycle Campus)","1":"gooi","2":"Amane Satonaka:. Kyoko Kuramochi (Stellar Cycle Campus)"}}},"dict":{"title.translate.cancaled":"Die aflaai is onderbreek en die taalinstellings word ge\u00efnitialiseer.","talk.quickload.confirm.yes":"Ons sal hervat.","title.continue.confirm.yes":"Ons sal hervat.","config.10.0":"plaaslik","storage.title.save":"Stoor","language.restart":"Keer terug na die titelskerm.","config.6":"boodskap venster deursigtigheid","title.continue.confirm":"Wil u weer begin vanaf 'n gestoorde toneel?","title.continue.nodata":"Daar is geen stoordata nie.","storage.date":"Datum:","config.1":"agtergrond musiek","config.8.0":"plaaslik","extra.scene.confirm":"Wil u met hierdie toneel begin?","title.translate.confirm.yes":"Aflaai","title.translate.confirm":"Laai die opdateringsl\u00eaers wat nodig is om die spel te begin op %s laai.","common.dialog.message.exit.yes":"Verlaat.","common.dialog.btn.no":"kanselleer","language.confirm.yes":"Verander.","config.10.1":"wees waardig","storage.label.none":"Geen data","language.confirm":"Wil u die taal wat u gebruik verander na %s ?","config.10":"Verander die kleur van reeds gelees sinne","storage.title.load":"laai","config.5":"Outomatiese modus spoed","config.7.all":"almal","config.8":"Slaan voortsetting na keuse oor","config.9.1":"wees waardig","common.dialog.btn.yes":"OK","config.tab.system":"stelsel","extra.cg.dialog.page":"%d / %d","common.dialog.message.save.yes":"stoor","common.dialog.message.load.yes":"laai","common.dialog.message.save":"Wil jy dit stoor?","config.7.read":"slegs lees","config.3":"STEM","config.9.0":"plaaslik","config.reset.confirm.yes":"Initialiseer.","talk.quickload.confirm":"Wil u weer begin vanaf 'n gestoorde toneel?","config.tab.sound":"GELUID","talk.quicksave.message":"U het die speletjie gestoor. U kan vanaf die huidige toneel hervat.","config.4":"vertoon spoed van die karakter","config.reset.confirm":"Wil u die instellings inisialiseer?","common.dialog.message.download":"Laai tans af.","title.translate.notallowed":"Begin die taalinstellings omdat die vereiste l\u00eaers ontbreek.","storage.date.none":"----/-/--:-","common.dialog.btn.cancel":"onderbreking","language.error.2":"U het nie toegang tot die bediener nie.","config.7":"oorslaan -modus","language.error.1":"Die bediener word onderhou.","config.9":"Voortgesette outomatiese modus na keuse","common.dialog.message.title":"Wil u terugkeer na die titelskerm?","extra.scene.confirm.yes":"Begin.","common.dialog.message.load":"Wil jy laai?","common.dialog.message.title.yes":"Aan die titel","config.2":"SE","config.8.1":"wees waardig","title.translate.failed":"Begin die taalinstellings omdat die aflaai misluk het.","common.dialog.message.exit":"Wil u die spel stop?","language.error.255":"Die bediener is nie beskikbaar nie."},"/ui/common/config/btn_sound.ui":{"rootdata":{"2":"klank"}},"/ui/common/ui/btn_title.ui":{"rootdata":{"2":"titel"}},"/ui/720p/storage/storage.ui":{"rootdata":{"1":"Stoor"}},"/ui/common/storage/datum.ui":{"rootdata":{"3":{"1":"Geen data"}}},"/ui/720p/config/config.ui":{"rootdata":{"1":"stelsel"}},"/ui/common/title/btn_language.ui":{"rootdata":{"0":"Taal"}}}