{"/ui/1080p/talk/log.ui":{"rootdata":{"0":{"1":"Registre posterior"}}},"/ui/common/config/btn_reset.ui":{"rootdata":{"2":"Restableix"}},"/ui/1080p/extra/scenepage.ui":{"rootdata":{"0":{"0":"escena"}}},"/img/1080p/bg/ED0003_a.ui":{"rootdata":{"0":{"5":"Kanon Rapipaka","3":"Mekabu Shinonome","4":"Oni MAYUGE","10":"Yui","2":"Tsukimachi Usagi","7":"arp","8":"Minami no Tenjino","6":"Koyo Urami","1":"Ref\u00e0 el personal","9":"Majin Hachimitsu"}}},"/img/720p/bg/ED0000_a.ui":{"rootdata":{"0":{"1":"Idea original, Black Swan, \"Amane Switch\""}}},"/ui/1080p/config/config.ui":{"rootdata":{"1":"sistema"}},"/ui/common/title/btn_continue.ui":{"rootdata":{"0":"Continua"}},"/img/1080p/bg/ED0007_a.ui":{"rootdata":{"0":{"1":"aleta"}}},"/ui/common/ui/btn_exit.ui":{"rootdata":{"2":"sortir"}},"character":{"1st_grade":"estudiant de primer curs","cat":"gat","female_student2":"Estudiant 2","police_officer":"policia","friend":"amic","doctor":"metge","teacher":"professor (aula)","amane":"Amane","female":"dona","amane_with_mother":"Mare. Amane","pe_teacher":"professor d\u2019educaci\u00f3 f\u00edsica","director":"cap d\u2019un club (escolar)","theater_tirector":"cap del departament de teatre","School_principal":"principal","theater_member":"membre d\u2019una comparsa teatral","police_officer2":"Oficial de policia 2","nurse":"infermera registrada","yukika":"Yukika","teacher1":"Professor 1","hospital_officials":"personal hospitalari","soccer_member":"club de futbol","store_manager":"gerent de botiga","3rd_grade":"estudiant de tercer curs","unknown":"Qu\u00e8?","wet_woman":"Dona mullada","police_officer3":"Oficial de policia 3.","4heroines":"Yoko i Izumi i Shizuku i Yukika","female_student":"estudiant","Students":"estudiants","literary_club_Director":"cap del departament literari","part_time_job":"byte","youko":"Yoko","male":"g\u00e8nere mascul\u00ed","children":"nen","youhei":"Yohei","Audiovisual_committee":"membre del comit\u00e8 de privaci\u00f3 sensorial","male_student":"estudiant mascul\u00ed","izumi":"Izumi","child":"nens","male_student2":"Estudiant mascul\u00ed 2","hospital_officials2":"Personal hospitalari 2","police_officer1":"Oficial de policia 1","classmate":"company de classe","member2":"Membre 2.","athletics_member":"membre del club de pista","male_student1":"Estudiant mascul\u00ed 1","resident":"resident","homeroom_teacher":"mestre d\u2019aula","father":"pare","police_officer4":"Agent de policia 4.","literary_club_member":"un membre literari del personal","customer":"client","softball_member":"departament de programari","baseball_member":"club de beisbol (\u00e9s a dir, equip de beisbol d'una universitat, corporaci\u00f3, etc.)","male_student3":"Estudiant mascul\u00ed 3","news_caster":"llan\u00e7ador","teacher4":"Professor quatre.","shizuku":"Shizuku","vice-president":"vicepresident (d'un club o organitzaci\u00f3, organitzaci\u00f3)","member1":"Membre 1","teacher3":"Professor tres.","shinzi":"Shinji","sales_clerk":"empleat","female_student1":"Estudiant 1","mother":"mare","father_in_law":"sogre","hospital_officials1":"Personal hospitalari 1","member3":"Membre 3.","teacher2":"Professor 2"},"/ui/720p/extra/cgpage.ui":{"rootdata":{"0":{"0":"CG"}}},"/ui/1080p/extra/routepage.ui":{"rootdata":{"0":{"0":"escena"}}},"scene":{"34":{"hidden":"FINAL5","name":"FI \"La malaltia que no es pot curar\""},"29":{"hidden":"FI3","name":"FI \"pluj\u00f3s de nou"},"27":{"hidden":"25","name":"La meva germana preferida."},"8":{"hidden":"08","name":"Vida di\u00e0ria de perversi\u00f3"},"6":{"hidden":"06","name":"Relaci\u00f3 amb Amane"},"15":{"hidden":"15","name":"\u00c9s divertit."},"5":{"hidden":"05","name":"invitaci\u00f3"},"23":{"hidden":"FI1","name":"FI \"Ame Furi"},"35":{"hidden":"FI6","name":"FI \"El final de la carrera: ......"},"11":{"hidden":"11","name":"En qu\u00e8 crec ..."},"26":{"hidden":"FINAL2","name":"FI \"Ll\u00e0grimes de pluja"},"36":{"hidden":"FINAL secret","name":"FI \"Nova trucada pluja\"."},"16":{"hidden":"16","name":"Llavors s\u00f3c l\u2019\u00fanic que est\u00e0 boig?"},"25":{"hidden":"24","name":"plou caient en un moment de tristesa"},"4":{"hidden":"04","name":"amic"},"22":{"hidden":"22","name":"relliscada de la llengua"},"12":{"hidden":"12","name":"acte de barb\u00e0rie"},"18":{"hidden":"18","name":"La pedra que va comen\u00e7ar a rodar."},"21":{"hidden":"21","name":"Interruptor Amane"},"1":{"hidden":"01","name":"El nou estudiant ..."},"0":{"hidden":"00","name":"Amane"},"7":{"hidden":"07","name":"estar ple de forats"},"17":{"hidden":"17","name":"elecci\u00f3"},"32":{"hidden":"28","name":"reconeixement del dret a la propietat de la terra (per part del shogunat, un senyor feudal, etc.)"},"24":{"hidden":"23","name":"Pensava en tu."},"9":{"hidden":"09","name":"roda dentada"},"19":{"hidden":"19","name":"Com va passar aix\u00f2?"},"30":{"hidden":"27","name":"lliure albir"},"10":{"hidden":"10","name":"assass\u00ed"},"14":{"hidden":"14","name":"tranquil\u00b7litat temporal"},"3":{"hidden":"03","name":"Amane i pluja"},"31":{"hidden":"FI4","name":"FI \"El final de l'assalt: ......"},"2":{"hidden":"02","name":"Temps feli\u00e7"},"28":{"hidden":"26","name":"constituci\u00f3 (f\u00edsica)"},"13":{"hidden":"13","name":"Ara estem junts."},"33":{"hidden":"29","name":"decent"},"20":{"hidden":"20","name":"moments moribunds"}},"/img/720p/bg/ED0006_a.ui":{"rootdata":{"0":{"1":"producci\u00f3","2":"Ride On Works, Inc."}}},"/ui/720p/extra/soundpage.ui":{"rootdata":{"0":{"0":"so"}}},"/ui/common/title/btn_start.ui":{"rootdata":{"0":"comen\u00e7ar"}},"/img/720p/bg/ED0007_a.ui":{"rootdata":{"0":{"1":"aleta"}}},"/img/1080p/bg/ED0002_a.ui":{"rootdata":{"0":{"1":"produir","2":"Pengin","3":"Ryusei"}}},"/ui/common/ui/btn_back.ui":{"rootdata":{"2":"esquena"}},"/ui/common/title/btn_load.ui":{"rootdata":{"0":"c\u00e0rrega"}},"/ui/720p/language/language.ui":{"rootdata":{"1":"Llenguatge"}},"/ui/common/extra/achieve.ui":{"rootdata":{"1":"taxa d\u2019assoliment"}},"/ui/720p/talk/log.ui":{"rootdata":{"0":{"1":"Registre posterior"}}},"/img/1080p/bg/ED0000_a.ui":{"rootdata":{"0":{"1":"Idea original, Black Swan, \"Amane Switch\""}}},"/img/720p/bg/ED0004_a.ui":{"rootdata":{"0":{"1":"producci\u00f3 integral","2":"Bushi"}}},"/ui/720p/extra/scenepage.ui":{"rootdata":{"0":{"0":"escena"}}},"/ui/1080p/extra/soundpage.ui":{"rootdata":{"0":{"0":"so"}}},"/img/1080p/bg/ED0004_a.ui":{"rootdata":{"0":{"1":"producci\u00f3 integral","2":"Bushi"}}},"/ui/common/extra/btn_thumbnail.ui":{"rootdata":{"0":{"1":"No hi ha informaci\u00f3"}}},"/ui/common/title/btn_config.ui":{"rootdata":{"0":"Configuraci\u00f3"}},"/img/720p/bg/ED0002_a.ui":{"rootdata":{"0":{"1":"produir","2":"Pengin","3":"Ryusei"}}},"/img/1080p/bg/ED0005_a.ui":{"rootdata":{"0":{"1":"cooperaci\u00f3 de producci\u00f3","2":"Cyber Step Corporation"}}},"/img/720p/bg/ED0005_a.ui":{"rootdata":{"0":{"1":"cooperaci\u00f3 de producci\u00f3","2":"Cyber Step Corporation"}}},"/ui/common/extra/btn_cg.ui":{"rootdata":{"2":"CG"}},"/ui/1080p/language/language.ui":{"rootdata":{"1":"Llenguatge"}},"/ui/common/config/btn_system.ui":{"rootdata":{"2":"sistema"}},"/ui/1080p/storage/storage.ui":{"rootdata":{"1":"Desa"}},"/img/1080p/bg/ED0006_a.ui":{"rootdata":{"0":{"1":"producci\u00f3","2":"Ride On Works, Inc."}}},"/ui/720p/extra/routepage.ui":{"rootdata":{"0":{"0":"escena"}}},"bgm":{"insecurity":{"label":"malenconia"},"eye1":{"label":"tollant"},"h1":{"label":"ondulaci\u00f3"},"rain":{"label":"vent fred"},"sys":{"label":"Llac tranquil"},"eye2":{"label":"cel ennuvolat (temps)"},"sir":{"label":"la desesperaci\u00f3"},"op":{"label":"Amane"},"ed":{"label":"Desfeu-vos al cel ample"},"healing":{"label":"tocar el cor (d\u2019una persona)"},"danger":{"label":"estar apropant-se"},"h2":{"label":"ll\u00e0grimes"}},"/ui/common/extra/btn_sound.ui":{"rootdata":{"2":"so"}},"/ui/1080p/extra/cgpage.ui":{"rootdata":{"0":{"0":"CG"}}},"/img/1080p/bg/ED0001_a.ui":{"rootdata":{"0":{"5":"Shizuku Kizaki:. Uki Nashiki","6":"Yukika Mizushima:. Mei Oshiro","3":"Yoko Minegishi:. Ari Sayama","4":"Izumi Kizaki:. Nemea Iori (Campus de Cicle Estel\u00b7lar)","1":"repartiment","2":"Amane Satonaka:. Kyoko Kuramochi (Campus del Cicle Estel\u00b7lar)"}}},"/ui/common/title/btn_extra.ui":{"rootdata":{"0":"Extra"}},"/img/720p/bg/ED0003_a.ui":{"rootdata":{"0":{"5":"Kanon Rapipaka","3":"Mekabu Shinonome","4":"Oni MAYUGE","10":"Yui","2":"Tsukimachi Usagi","7":"arp","8":"Minami no Tenjino","6":"Koyo Urami","1":"Ref\u00e0 el personal","9":"Majin Hachimitsu"}}},"/ui/common/extra/btn_scene.ui":{"rootdata":{"2":"escena"}},"/img/720p/bg/ED0001_a.ui":{"rootdata":{"0":{"5":"Shizuku Kizaki:. Uki Nashiki","6":"Yukika Mizushima:. Mei Oshiro","3":"Yoko Minegishi:. Ari Sayama","4":"Izumi Kizaki:. Nemea Iori (Campus de Cicle Estel\u00b7lar)","1":"repartiment","2":"Amane Satonaka:. Kyoko Kuramochi (Campus del Cicle Estel\u00b7lar)"}}},"dict":{"title.translate.cancaled":"La desc\u00e0rrega s'ha interromput i la configuraci\u00f3 d'idioma s'inicialitza.","talk.quickload.confirm.yes":"Ho reprendrem.","title.continue.confirm.yes":"Ho reprendrem.","config.10.0":"local","storage.title.save":"Desa","language.restart":"Torneu a la pantalla del t\u00edtol.","config.6":"transpar\u00e8ncia de la finestra del missatge","title.continue.confirm":"Voleu reiniciar una escena desada?","title.continue.nodata":"No hi ha dades desades.","storage.date":"Data :","config.1":"m\u00fasica de fons","config.8.0":"local","extra.scene.confirm":"Voleu comen\u00e7ar amb aquesta escena?","title.translate.confirm.yes":"descarregar","title.translate.confirm":"Descarregueu els fitxers d'actualitzaci\u00f3 necessaris per iniciar el joc a %s .","common.dialog.message.exit.yes":"Surt.","common.dialog.btn.no":"cancel \u00b7 lar","language.confirm.yes":"Canvi.","config.10.1":"val la pena","storage.label.none":"No hi ha informaci\u00f3","language.confirm":"Voleu canviar l'idioma que utilitzeu a %s ?","config.10":"Canvieu el color de les frases ja llegides","storage.title.load":"c\u00e0rrega","config.5":"Velocitat del mode autom\u00e0tic","config.7.all":"tot","config.8":"Omet la continuaci\u00f3 despr\u00e9s de l'elecci\u00f3","config.9.1":"val la pena","common.dialog.btn.yes":"D'acord","config.tab.system":"sistema","extra.cg.dialog.page":"%d / %d","common.dialog.message.save.yes":"guardar","common.dialog.message.load.yes":"c\u00e0rrega","common.dialog.message.save":"El voleu desar?","config.7.read":"Llegeix nom\u00e9s","config.3":"VEU","config.9.0":"local","config.reset.confirm.yes":"Inicialitzar.","talk.quickload.confirm":"Voleu reiniciar una escena desada?","config.tab.sound":"SO","talk.quicksave.message":"Has desat el joc. Podeu reprendre l\u2019escena actual.","config.4":"velocitat de visualitzaci\u00f3 de car\u00e0cters","config.reset.confirm":"Voleu inicialitzar la configuraci\u00f3?","common.dialog.message.download":"S'est\u00e0 descarregant.","title.translate.notallowed":"Inicialitzeu la configuraci\u00f3 d'idioma perqu\u00e8 falten els fitxers necessaris.","storage.date.none":"---- / - / - -: -","common.dialog.btn.cancel":"interrupci\u00f3","language.error.2":"No teniu perm\u00eds per accedir al servidor.","config.7":"saltar el mode","language.error.1":"El servidor est\u00e0 en manteniment.","config.9":"Continuaci\u00f3 del mode autom\u00e0tic despr\u00e9s de la selecci\u00f3","common.dialog.message.title":"Voleu tornar a la pantalla del t\u00edtol?","extra.scene.confirm.yes":"Iniciar.","common.dialog.message.load":"Voleu carregar?","common.dialog.message.title.yes":"Al t\u00edtol","config.2":"SE","config.8.1":"val la pena","title.translate.failed":"Inicialitzeu la configuraci\u00f3 d'idioma perqu\u00e8 la desc\u00e0rrega ha fallat.","common.dialog.message.exit":"Voleu deixar el joc?","language.error.255":"El servidor no est\u00e0 disponible."},"/ui/common/config/btn_sound.ui":{"rootdata":{"2":"so"}},"/ui/common/ui/btn_title.ui":{"rootdata":{"2":"t\u00edtol"}},"/ui/720p/storage/storage.ui":{"rootdata":{"1":"Desa"}},"/ui/common/storage/datum.ui":{"rootdata":{"3":{"1":"No hi ha informaci\u00f3"}}},"/ui/720p/config/config.ui":{"rootdata":{"1":"sistema"}},"/ui/common/title/btn_language.ui":{"rootdata":{"0":"Llenguatge"}}}