{"/ui/1080p/talk/log.ui":{"rootdata":{"0":{"1":"Orqaga kirish"}}},"/ui/common/config/btn_reset.ui":{"rootdata":{"2":"Qayta o'rnatish"}},"/ui/1080p/extra/scenepage.ui":{"rootdata":{"0":{"0":"sahna"}}},"/img/1080p/bg/ED0003_a.ui":{"rootdata":{"0":{"5":"Kanon Rapipaka","3":"Mekabu Shinonome","4":"Oni MAYUGE","10":"Yui","2":"Tsukimachi Usagi","7":"arp","8":"Minami no Tenjino","6":"Koyo Urami","1":"Xodimlarni qayta tiklash","9":"Majin Xachimitsu"}}},"/img/720p/bg/ED0000_a.ui":{"rootdata":{"0":{"1":"Asl g'oya, Black Swan, \"Amane Switch\""}}},"/ui/1080p/config/config.ui":{"rootdata":{"1":"tizimi"}},"/ui/common/title/btn_continue.ui":{"rootdata":{"0":"Davom eting"}},"/img/1080p/bg/ED0007_a.ui":{"rootdata":{"0":{"1":"fin"}}},"/ui/common/ui/btn_exit.ui":{"rootdata":{"2":"Chiqish"}},"character":{"1st_grade":"birinchi kurs talabasi","cat":"mushuk","female_student2":"Ayol talaba 2","police_officer":"politsiyachi","friend":"do'st","doctor":"shifokor","teacher":"o'qituvchi (sinf)","amane":"Amane","female":"ayol","amane_with_mother":"Ona. Amane","pe_teacher":"jismoniy tarbiya o'qituvchisi","director":"(maktab) klubi rahbari","theater_tirector":"dramaturgiya kafedrasi mudiri","School_principal":"asosiy","theater_member":"teatr truppasining a'zosi","police_officer2":"Politsiya xodimi 2","nurse":"ro'yxatdan o'tgan hamshira","yukika":"Yukika","teacher1":"O'qituvchi 1","hospital_officials":"shifoxona xodimlari","soccer_member":"futbol klubi","store_manager":"do'kon menejeri","3rd_grade":"uchinchi kurs talabasi","unknown":"Nima?","wet_woman":"Ho'l ayol","police_officer3":"Politsiya xodimi 3.","4heroines":"Yoko & Izumi & Shizuku & Yukika","female_student":"talaba qiz","Students":"talabalar","literary_club_Director":"adabiyot bo\u2018limi mudiri","part_time_job":"bayt","youko":"Yoko","male":"erkak jinsi","children":"bola","youhei":"Yohei","Audiovisual_committee":"hissiy mahrumlik qo'mitasi a'zosi","male_student":"erkak talaba","izumi":"Izumi","child":"bolalar","male_student2":"Erkak talaba 2","hospital_officials2":"Kasalxona xodimlari 2","police_officer1":"Politsiya xodimi 1","classmate":"sinfdosh","member2":"A'zo 2.","athletics_member":"yengil atletika klubi a'zosi","male_student1":"Erkak talaba 1","resident":"rezident","homeroom_teacher":"sinf o'qituvchisi","father":"ota","police_officer4":"Politsiya xodimi 4.","literary_club_member":"xodimlarining adabiy a'zosi","customer":"mijoz","softball_member":"dasturiy ta'minot bo'limi","baseball_member":"beysbol klubi (ya'ni universitetning beysbol jamoasi, korporatsiya va boshqalar)","male_student3":"Erkak talaba 3","news_caster":"kaster","teacher4":"To'rtinchi o'qituvchi.","shizuku":"Shizuku","vice-president":"vitse-prezident (klub yoki tashkilot, tashkilot)","member1":"A'zo 1","teacher3":"O'qituvchi Uchinchi.","shinzi":"Shinji","sales_clerk":"xizmatchi","female_student1":"Talaba ayol 1","mother":"Ona","father_in_law":"qaynota","hospital_officials1":"Kasalxona xodimlari 1","member3":"A'zo 3.","teacher2":"O'qituvchi 2"},"/ui/720p/extra/cgpage.ui":{"rootdata":{"0":{"0":"CG"}}},"/ui/1080p/extra/routepage.ui":{"rootdata":{"0":{"0":"sahna"}}},"scene":{"34":{"hidden":"END5","name":"'Davolab bo'lmaydigan kasallik'"},"29":{"hidden":"END3","name":"END \"yana yomg'irli"},"27":{"hidden":"25","name":"Mening sevimli singlim."},"8":{"hidden":"08","name":"Buzg'unchilikning kundalik hayoti"},"6":{"hidden":"06","name":"Amane bilan munosabat"},"15":{"hidden":"15","name":"Bu kulguli."},"5":{"hidden":"05","name":"taklifnoma"},"23":{"hidden":"END1","name":"OXIRGI \u201cAme Furi"},"35":{"hidden":"END6","name":"END \"Yugurishning oxiri: ......"},"11":{"hidden":"11","name":"Men nimaga ishonaman ..."},"26":{"hidden":"END2","name":"OXIRGI \"Yomg'ir ko'z yoshlari"},"36":{"hidden":"Yashirin END","name":"\"Yangi qo'ng'iroq yomg'iri\"."},"16":{"hidden":"16","name":"Demak, yolg\u2018iz men aqldan ozganmanmi?"},"25":{"hidden":"24","name":"qayg'uli paytda yog'ayotgan yomg'ir"},"4":{"hidden":"04","name":"do'st"},"22":{"hidden":"22","name":"tilning siljishi"},"12":{"hidden":"12","name":"vahshiylik harakati"},"18":{"hidden":"18","name":"Aylana boshlagan tosh."},"21":{"hidden":"21","name":"Amane kaliti"},"1":{"hidden":"01","name":"Yangi talaba..."},"0":{"hidden":"00","name":"Amane"},"7":{"hidden":"07","name":"teshiklarga to'la"},"17":{"hidden":"17","name":"tanlash"},"32":{"hidden":"28","name":"yerga egalik huquqini tan olish (syogunat, feodal va boshqalar tomonidan)"},"24":{"hidden":"23","name":"Men seni o'ylardim."},"9":{"hidden":"09","name":"tishli g'ildirak"},"19":{"hidden":"19","name":"Bu qanday sodir bo'ldi?"},"30":{"hidden":"27","name":"erkin iroda"},"10":{"hidden":"10","name":"qotil"},"14":{"hidden":"14","name":"vaqtinchalik xotirjamlik"},"3":{"hidden":"03","name":"Aman va yomg'ir"},"31":{"hidden":"END4","name":"END \"Hujumning oxiri: ......"},"2":{"hidden":"02","name":"Baxtli vaqt"},"28":{"hidden":"26","name":"konstitutsiya (jismoniy)"},"13":{"hidden":"13","name":"Endi biz birgamiz."},"33":{"hidden":"29","name":"munosib"},"20":{"hidden":"20","name":"o'lim daqiqalari"}},"/img/720p/bg/ED0006_a.ui":{"rootdata":{"0":{"1":"ishlab chiqarish","2":"Ride On Works, Inc."}}},"/ui/720p/extra/soundpage.ui":{"rootdata":{"0":{"0":"ovoz"}}},"/ui/common/title/btn_start.ui":{"rootdata":{"0":"boshlash"}},"/img/720p/bg/ED0007_a.ui":{"rootdata":{"0":{"1":"fin"}}},"/img/1080p/bg/ED0002_a.ui":{"rootdata":{"0":{"1":"mahsulot","2":"Pengin","3":"Ryusei"}}},"/ui/common/ui/btn_back.ui":{"rootdata":{"2":"orqaga"}},"/ui/common/title/btn_load.ui":{"rootdata":{"0":"yuk"}},"/ui/720p/language/language.ui":{"rootdata":{"1":"Til"}},"/ui/common/extra/achieve.ui":{"rootdata":{"1":"erishish darajasi"}},"/ui/720p/talk/log.ui":{"rootdata":{"0":{"1":"Orqaga kirish"}}},"/img/1080p/bg/ED0000_a.ui":{"rootdata":{"0":{"1":"Asl g'oya, Black Swan, \"Amane Switch\""}}},"/img/720p/bg/ED0004_a.ui":{"rootdata":{"0":{"1":"keng qamrovli ishlab chiqarish","2":"Bushi"}}},"/ui/720p/extra/scenepage.ui":{"rootdata":{"0":{"0":"sahna"}}},"/ui/1080p/extra/soundpage.ui":{"rootdata":{"0":{"0":"ovoz"}}},"/img/1080p/bg/ED0004_a.ui":{"rootdata":{"0":{"1":"keng qamrovli ishlab chiqarish","2":"Bushi"}}},"/ui/common/extra/btn_thumbnail.ui":{"rootdata":{"0":{"1":"NoData"}}},"/ui/common/title/btn_config.ui":{"rootdata":{"0":"konfiguratsiya"}},"/img/720p/bg/ED0002_a.ui":{"rootdata":{"0":{"1":"mahsulot","2":"Pengin","3":"Ryusei"}}},"/img/1080p/bg/ED0005_a.ui":{"rootdata":{"0":{"1":"ishlab chiqarish kooperatsiyasi","2":"Cyber Step korporatsiyasi"}}},"/img/720p/bg/ED0005_a.ui":{"rootdata":{"0":{"1":"ishlab chiqarish kooperatsiyasi","2":"Cyber Step korporatsiyasi"}}},"/ui/common/extra/btn_cg.ui":{"rootdata":{"2":"CG"}},"/ui/1080p/language/language.ui":{"rootdata":{"1":"Til"}},"/ui/common/config/btn_system.ui":{"rootdata":{"2":"tizimi"}},"/ui/1080p/storage/storage.ui":{"rootdata":{"1":"Saqlash"}},"/img/1080p/bg/ED0006_a.ui":{"rootdata":{"0":{"1":"ishlab chiqarish","2":"Ride On Works, Inc."}}},"/ui/720p/extra/routepage.ui":{"rootdata":{"0":{"0":"sahna"}}},"bgm":{"insecurity":{"label":"melankolik"},"eye1":{"label":"ko'lmaklash"},"h1":{"label":"dalgalanma"},"rain":{"label":"sovuq shamol"},"sys":{"label":"Sokin ko'l"},"eye2":{"label":"bulutli osmon (ob-havo)"},"sir":{"label":"umidsizlik"},"op":{"label":"Amane"},"ed":{"label":"Keng osmonga erishing"},"healing":{"label":"(odamning) qalbiga teginish"},"danger":{"label":"yaqinlashmoq"},"h2":{"label":"ko'z yoshlari"}},"/ui/common/extra/btn_sound.ui":{"rootdata":{"2":"ovoz"}},"/ui/1080p/extra/cgpage.ui":{"rootdata":{"0":{"0":"CG"}}},"/img/1080p/bg/ED0001_a.ui":{"rootdata":{"0":{"5":"Shizuku Kizaki:. Uki Nashiki","6":"Yukika Mizushima :. Mei Oshiro","3":"Yoko Minegishi :. Ari Sayama","4":"Izumi Kizaki :. Nemea Iori (Stellar Cycle Campus)","1":"quyma","2":"Amane Satonaka :. Kyoko Kuramochi (Stellar Cycle Campus)"}}},"/ui/common/title/btn_extra.ui":{"rootdata":{"0":"Qo'shimcha"}},"/img/720p/bg/ED0003_a.ui":{"rootdata":{"0":{"5":"Kanon Rapipaka","3":"Mekabu Shinonome","4":"Oni MAYUGE","10":"Yui","2":"Tsukimachi Usagi","7":"arp","8":"Minami no Tenjino","6":"Koyo Urami","1":"Xodimlarni qayta tiklash","9":"Majin Xachimitsu"}}},"/ui/common/extra/btn_scene.ui":{"rootdata":{"2":"sahna"}},"/img/720p/bg/ED0001_a.ui":{"rootdata":{"0":{"5":"Shizuku Kizaki:. Uki Nashiki","6":"Yukika Mizushima :. Mei Oshiro","3":"Yoko Minegishi :. Ari Sayama","4":"Izumi Kizaki :. Nemea Iori (Stellar Cycle Campus)","1":"quyma","2":"Amane Satonaka :. Kyoko Kuramochi (Stellar Cycle Campus)"}}},"dict":{"title.translate.cancaled":"Yuklab olish to'xtatildi va til sozlamalari ishga tushirildi.","talk.quickload.confirm.yes":"Biz davom etamiz.","title.continue.confirm.yes":"Biz davom etamiz.","config.10.0":"mahalliy","storage.title.save":"Saqlash","language.restart":"Sarlavha ekraniga qayting.","config.6":"xabar oynasining shaffofligi","title.continue.confirm":"Saqlangan sahnadan qayta boshlashni xohlaysizmi?","title.continue.nodata":"Saqlash ma'lumotlari yo'q.","storage.date":"Sana:","config.1":"fon musiqasi","config.8.0":"mahalliy","extra.scene.confirm":"Ushbu sahnadan boshlamoqchimisiz?","title.translate.confirm.yes":"yuklab oling","title.translate.confirm":"O'yinni boshlash uchun zarur bo'lgan yangilash fayllarini %s da yuklab oling.","common.dialog.message.exit.yes":"Chiqish.","common.dialog.btn.no":"bekor qilish","language.confirm.yes":"O'zgartirish.","config.10.1":"qiymatli bo'l","storage.label.none":"Ma\u02bclumot yo\u02bbq","language.confirm":"Foydalanadigan tilni %s ga o'zgartirmoqchimisiz?","config.10":"O'qilgan jumlalarning rangini o'zgartiring","storage.title.load":"yuk","config.5":"Avtomatik rejim tezligi","config.7.all":"hammasi","config.8":"Tanlovdan keyin davomini o'tkazib yuboring","config.9.1":"qiymatli bo'l","common.dialog.btn.yes":"OK","config.tab.system":"tizimi","extra.cg.dialog.page":"%d / %d","common.dialog.message.save.yes":"saqlang","common.dialog.message.load.yes":"yuk","common.dialog.message.save":"Uni saqlamoqchimisiz?","config.7.read":"faqat o'qish","config.3":"OVOZ","config.9.0":"mahalliy","config.reset.confirm.yes":"Boshlash.","talk.quickload.confirm":"Saqlangan sahnadan qayta boshlashni xohlaysizmi?","config.tab.sound":"OVOZ","talk.quicksave.message":"Siz o'yinni saqladingiz. Joriy sahnadan davom etishingiz mumkin.","config.4":"belgilarni ko'rsatish tezligi","config.reset.confirm":"Sozlamalarni ishga tushirmoqchimisiz?","common.dialog.message.download":"Yuklab olinmoqda.","title.translate.notallowed":"Til sozlamalarini ishga tushiring, chunki kerakli fayllar yo'q.","storage.date.none":"----/--/-- --:--","common.dialog.btn.cancel":"uzilish","language.error.2":"Serverga kirishga ruxsat berilmagan.","config.7":"o'tkazib yuborish rejimi","language.error.1":"Serverga texnik xizmat ko\u02bbrsatilmoqda.","config.9":"Tanlovdan keyin avtomatik rejim davom etadi","common.dialog.message.title":"Sarlavha ekraniga qaytmoqchimisiz?","extra.scene.confirm.yes":"Boshlash.","common.dialog.message.load":"Yuklashni xohlaysizmi?","common.dialog.message.title.yes":"Sarlavhaga","config.2":"SE","config.8.1":"qiymatli bo'l","title.translate.failed":"Til sozlamalarini ishga tushiring, chunki yuklab olish muvaffaqiyatsiz tugadi.","common.dialog.message.exit":"O'yinni tashlamoqchimisiz?","language.error.255":"Server mavjud emas."},"/ui/common/config/btn_sound.ui":{"rootdata":{"2":"ovoz"}},"/ui/common/ui/btn_title.ui":{"rootdata":{"2":"sarlavha"}},"/ui/720p/storage/storage.ui":{"rootdata":{"1":"Saqlash"}},"/ui/common/storage/datum.ui":{"rootdata":{"3":{"1":"Ma\u02bclumot yo\u02bbq"}}},"/ui/720p/config/config.ui":{"rootdata":{"1":"tizimi"}},"/ui/common/title/btn_language.ui":{"rootdata":{"0":"Til"}}}