{"/ui/1080p/talk/log.ui":{"rootdata":{"0":{"1":"BackLog"}}},"/ui/common/config/btn_reset.ui":{"rootdata":{"2":"Reset"}},"/ui/1080p/extra/scenepage.ui":{"rootdata":{"0":{"0":"toaniel"}}},"/img/1080p/bg/ED0003_a.ui":{"rootdata":{"0":{"5":"Kanon Rapipaka","3":"Mekabu Shinonome","4":"Oni MEI","10":"Yui","2":"Tsukimachi Usagi","7":"arp","8":"Minami no Tenjino","6":"Koyo Urami","1":"Remake Staff","9":"Majin Hachimitsu"}}},"/img/720p/bg/ED0000_a.ui":{"rootdata":{"0":{"1":"Oarspronklik idee, Swarte Swan, \"Amane Switch\""}}},"/ui/1080p/config/config.ui":{"rootdata":{"1":"systeem"}},"/ui/common/title/btn_continue.ui":{"rootdata":{"0":"Trochgean"}},"/img/1080p/bg/ED0007_a.ui":{"rootdata":{"0":{"1":"fin"}}},"/ui/common/ui/btn_exit.ui":{"rootdata":{"2":"\u00fatgong"}},"character":{"1st_grade":"earstejierrige studint","cat":"kat","female_student2":"Froulike studint 2","police_officer":"plysjeman","friend":"freon","doctor":"arts","teacher":"learaar (klaslokaal)","amane":"Amane","female":"frou","amane_with_mother":"Mem. Amane","pe_teacher":"learaar fysyk \u00fbnderwiis","director":"haad fan in (skoalle) klup","theater_tirector":"haad fan 'e drama -\u00f4fdieling","School_principal":"rektor","theater_member":"lid fan in teatrale groep","police_officer2":"Plysjeman 2","nurse":"registrearre ferpleechster","yukika":"Yukika","teacher1":"Learaar 1","hospital_officials":"sikeh\u00fbs personiel","soccer_member":"fuotbalklup","store_manager":"winkelmanager","3rd_grade":"treddejierrige studint","unknown":"Wat?","wet_woman":"Soakende wiete frou","police_officer3":"Plysjeman 3.","4heroines":"Yoko & Izumi & Shizuku & Yukika","female_student":"froulike studint","Students":"studinten","literary_club_Director":"haad fan 'e liter\u00eare \u00f4fdieling","part_time_job":"byte","youko":"Yoko","male":"manlik geslacht","children":"bern","youhei":"Yohei","Audiovisual_committee":"lid fan sensoryske deprivaasjekommisje","male_student":"manlike studint","izumi":"Izumi","child":"bern","male_student2":"Manlike studint 2","hospital_officials2":"Sikeh\u00fbspersoniel 2","police_officer1":"Plysjeman 1","classmate":"klasgenoat","member2":"Lid 2.","athletics_member":"spoar en fjild klublid","male_student1":"Manlike studint 1","resident":"ynwenster","homeroom_teacher":"homeroom learaar","father":"heit","police_officer4":"Plysjeman 4.","literary_club_member":"in liter\u00ear lid fan 'e meiwurkers","customer":"klant","softball_member":"software \u00f4fdieling","baseball_member":"honkbalferiening (ie baseballteam fan in universiteit, korporaasje, ensfh.)","male_student3":"Manlike studint 3","news_caster":"caster","teacher4":"Teacher Four.","shizuku":"Shizuku","vice-president":"fise -presidint (fan in klub as organisaasje, organisaasje)","member1":"Lid 1","teacher3":"Learaar Trije.","shinzi":"Shinji","sales_clerk":"griffier","female_student1":"Froulike studint 1","mother":"mem","father_in_law":"skoanheit","hospital_officials1":"Sikeh\u00fbspersoniel 1","member3":"Lid 3.","teacher2":"Learaar 2"},"/ui/720p/extra/cgpage.ui":{"rootdata":{"0":{"0":"CG"}}},"/ui/1080p/extra/routepage.ui":{"rootdata":{"0":{"0":"toaniel"}}},"scene":{"34":{"hidden":"EIND5","name":"EINDE 'De sykte dy't net te gen\u00eazen is'"},"29":{"hidden":"EIND3","name":"END \"wer reinich"},"27":{"hidden":"25","name":"Myn favorite suster."},"8":{"hidden":"08","name":"Deistich libben fan perversje"},"6":{"hidden":"06","name":"Ferh\u00e2lding mei Amane"},"15":{"hidden":"15","name":"It is grappich."},"5":{"hidden":"05","name":"\u00fatnoeging"},"23":{"hidden":"EINDE 1","name":"EINDE \"Ame Furi"},"35":{"hidden":"EINDE 6","name":"EINDE \"It ein fan 'e run: ......"},"11":{"hidden":"11","name":"W\u00ear't ik yn leau ..."},"26":{"hidden":"EINDE2","name":"EINDE \"Tears of Rain"},"36":{"hidden":"Geheime EINDE","name":"EINDE \"Nije oproprein\"."},"16":{"hidden":"16","name":"Dat ik bin de iennige dy't gek is?"},"25":{"hidden":"24","name":"rein falt yn in tiid fan fertriet"},"4":{"hidden":"04","name":"freon"},"22":{"hidden":"22","name":"slip fan 'e tonge"},"12":{"hidden":"12","name":"akte fan barbaarskens"},"18":{"hidden":"18","name":"De stien dy't begon te r\u00f4ljen."},"21":{"hidden":"21","name":"Amane switch"},"1":{"hidden":"01","name":"De nije studint ..."},"0":{"hidden":"00","name":"Amane"},"7":{"hidden":"07","name":"fol gatten w\u00eaze"},"17":{"hidden":"17","name":"kar"},"32":{"hidden":"28","name":"erkenning fan rjocht op l\u00e2nbesit (troch it shogunaat, in feodale hear, ensfh.)"},"24":{"hidden":"23","name":"Ik tocht oan dy."},"9":{"hidden":"09","name":"tandwiel"},"19":{"hidden":"19","name":"Hoe is dit bard?"},"30":{"hidden":"27","name":"frije wil"},"10":{"hidden":"10","name":"moardner"},"14":{"hidden":"14","name":"tydlike gemoedsr\u00east"},"3":{"hidden":"03","name":"Amane en rein"},"31":{"hidden":"EIND 4","name":"EINDE \"It ein fan oanfal: ......"},"2":{"hidden":"02","name":"Fleurige tiid"},"28":{"hidden":"26","name":"gr\u00fbnwet (fysyk)"},"13":{"hidden":"13","name":"No binne wy tegearre."},"33":{"hidden":"29","name":"fatsoenlik"},"20":{"hidden":"20","name":"stjerrende mominten"}},"/img/720p/bg/ED0006_a.ui":{"rootdata":{"0":{"1":"produksje","2":"Ride On Works, Inc."}}},"/ui/720p/extra/soundpage.ui":{"rootdata":{"0":{"0":"l\u00fbd"}}},"/ui/common/title/btn_start.ui":{"rootdata":{"0":"start"}},"/img/720p/bg/ED0007_a.ui":{"rootdata":{"0":{"1":"fin"}}},"/img/1080p/bg/ED0002_a.ui":{"rootdata":{"0":{"1":"produsearje","2":"Pengin","3":"Ryusei"}}},"/ui/common/ui/btn_back.ui":{"rootdata":{"2":"efterkant"}},"/ui/common/title/btn_load.ui":{"rootdata":{"0":"lade"}},"/ui/720p/language/language.ui":{"rootdata":{"1":"Taal"}},"/ui/common/extra/achieve.ui":{"rootdata":{"1":"taryf fan prestaasje"}},"/ui/720p/talk/log.ui":{"rootdata":{"0":{"1":"BackLog"}}},"/img/1080p/bg/ED0000_a.ui":{"rootdata":{"0":{"1":"Oarspronklik idee, Swarte Swan, \"Amane Switch\""}}},"/img/720p/bg/ED0004_a.ui":{"rootdata":{"0":{"1":"wiidweidige produksje","2":"Bushi"}}},"/ui/720p/extra/scenepage.ui":{"rootdata":{"0":{"0":"toaniel"}}},"/ui/1080p/extra/soundpage.ui":{"rootdata":{"0":{"0":"l\u00fbd"}}},"/img/1080p/bg/ED0004_a.ui":{"rootdata":{"0":{"1":"wiidweidige produksje","2":"Bushi"}}},"/ui/common/extra/btn_thumbnail.ui":{"rootdata":{"0":{"1":"Gjin gegevens"}}},"/ui/common/title/btn_config.ui":{"rootdata":{"0":"Konfig"}},"/img/720p/bg/ED0002_a.ui":{"rootdata":{"0":{"1":"produsearje","2":"Pengin","3":"Ryusei"}}},"/img/1080p/bg/ED0005_a.ui":{"rootdata":{"0":{"1":"produksje gearwurking","2":"De bedriuw Cyber Step Corporation"}}},"/img/720p/bg/ED0005_a.ui":{"rootdata":{"0":{"1":"produksje gearwurking","2":"De bedriuw Cyber Step Corporation"}}},"/ui/common/extra/btn_cg.ui":{"rootdata":{"2":"CG"}},"/ui/1080p/language/language.ui":{"rootdata":{"1":"Taal"}},"/ui/common/config/btn_system.ui":{"rootdata":{"2":"systeem"}},"/ui/1080p/storage/storage.ui":{"rootdata":{"1":"R\u00eade"}},"/img/1080p/bg/ED0006_a.ui":{"rootdata":{"0":{"1":"produksje","2":"Ride On Works, Inc."}}},"/ui/720p/extra/routepage.ui":{"rootdata":{"0":{"0":"toaniel"}}},"bgm":{"insecurity":{"label":"weemoedich"},"eye1":{"label":"fuort p\u00fblje"},"h1":{"label":"rimpelje"},"rain":{"label":"k\u00e2lde wyn"},"sys":{"label":"Quiet Lake"},"eye2":{"label":"bewolkte loft (waar)"},"sir":{"label":"wanhoop"},"op":{"label":"Amane"},"ed":{"label":"Melt yn 'e brede loft"},"healing":{"label":"oanreitsje (in persoan syn) hert"},"danger":{"label":"oankommen w\u00eaze"},"h2":{"label":"triennen"}},"/ui/common/extra/btn_sound.ui":{"rootdata":{"2":"l\u00fbd"}},"/ui/1080p/extra/cgpage.ui":{"rootdata":{"0":{"0":"CG"}}},"/img/1080p/bg/ED0001_a.ui":{"rootdata":{"0":{"5":"Shizuku Kizaki :. Uki Nashiki","6":"Yukika Mizushima:. Mei Oshiro","3":"Yoko Minegishi:. Ari Sayama","4":"Izumi Kizaki :. Nemea Iori (Stellar Cycle Campus)","1":"cast","2":"Amane Satonaka:. Kyoko Kuramochi (Stellar Cycle Campus)"}}},"/ui/common/title/btn_extra.ui":{"rootdata":{"0":"Ekstra"}},"/img/720p/bg/ED0003_a.ui":{"rootdata":{"0":{"5":"Kanon Rapipaka","3":"Mekabu Shinonome","4":"Oni MEI","10":"Yui","2":"Tsukimachi Usagi","7":"arp","8":"Minami no Tenjino","6":"Koyo Urami","1":"Remake Staff","9":"Majin Hachimitsu"}}},"/ui/common/extra/btn_scene.ui":{"rootdata":{"2":"toaniel"}},"/img/720p/bg/ED0001_a.ui":{"rootdata":{"0":{"5":"Shizuku Kizaki :. Uki Nashiki","6":"Yukika Mizushima:. Mei Oshiro","3":"Yoko Minegishi:. Ari Sayama","4":"Izumi Kizaki :. Nemea Iori (Stellar Cycle Campus)","1":"cast","2":"Amane Satonaka:. Kyoko Kuramochi (Stellar Cycle Campus)"}}},"dict":{"title.translate.cancaled":"De download is \u00fbnderbrutsen en de taalynstellingen wurde inisjalisearre.","talk.quickload.confirm.yes":"Wy geane opnij.","title.continue.confirm.yes":"Wy geane opnij.","config.10.0":"pleatslik","storage.title.save":"R\u00eade","language.restart":"Gean werom nei it titelskerm.","config.6":"berjochtfinster transpar\u00e2nsje","title.continue.confirm":"Wolle jo opnij starte fan\u00fat in opsleine s\u00eane?","title.continue.nodata":"D'r binne gjin opslachgegevens.","storage.date":"Datum:","config.1":"eftergr\u00fbn muzyk","config.8.0":"pleatslik","extra.scene.confirm":"Wolle jo mei dizze s\u00eane begjinne?","title.translate.confirm.yes":"download","title.translate.confirm":"Download de fernijingsbestannen dy't nedich binne om it spultsje te begjinnen op %s .","common.dialog.message.exit.yes":"\u00datgong.","common.dialog.btn.no":"\u00f4fbrekke","language.confirm.yes":"Wikselje.","config.10.1":"wurdich w\u00eaze","storage.label.none":"Gjin gegevens","language.confirm":"Wolle jo de taal dy't jo br\u00fbke feroarje yn %s ?","config.10":"Feroarje de kleur fan al l\u00eazen sinnen","storage.title.load":"lade","config.5":"Auto modus snelheid","config.7.all":"alle","config.8":"Skip fuortsetting nei kar","config.9.1":"wurdich w\u00eaze","common.dialog.btn.yes":"OK","config.tab.system":"systeem","extra.cg.dialog.page":"%d / %d","common.dialog.message.save.yes":"r\u00eade","common.dialog.message.load.yes":"lade","common.dialog.message.save":"Wolle jo it opslaan?","config.7.read":"allinnich l\u00eaze","config.3":"L\u00dbD","config.9.0":"pleatslik","config.reset.confirm.yes":"Inisjalisearje.","talk.quickload.confirm":"Wolle jo opnij starte fan\u00fat in opsleine s\u00eane?","config.tab.sound":"SOUND","talk.quicksave.message":"Jo hawwe it spultsje opslein. Jo kinne opnij gean fan 'e hjoeddeistige s\u00eane.","config.4":"karakter werjaan snelheid","config.reset.confirm":"Wolle jo de ynstellingen inisjalisearje?","common.dialog.message.download":"Ynladen.","title.translate.notallowed":"Inisjalisearje de taalynstellingen om't de fereaske bestannen \u00fbntbrekke.","storage.date.none":"----/-/--:-","common.dialog.btn.cancel":"\u00fbnderbrekking","language.error.2":"Jo hawwe gjin tagong ta de server.","config.7":"oerslaan modus","language.error.1":"De tsjinner is \u00fbnder \u00fbnderh\u00e2ld.","config.9":"Fuortsetting fan automatyske modus nei seleksje","common.dialog.message.title":"Wolle jo weromgean nei it titelskerm?","extra.scene.confirm.yes":"Inisjearje.","common.dialog.message.load":"Wolle jo lade?","common.dialog.message.title.yes":"Oan de titel","config.2":"SE","config.8.1":"wurdich w\u00eaze","title.translate.failed":"Inisjalisearje de taalynstellingen om't it downloaden net slagge is.","common.dialog.message.exit":"Wolle jo it spultsje stopje?","language.error.255":"De tsjinner is net beskikber."},"/ui/common/config/btn_sound.ui":{"rootdata":{"2":"l\u00fbd"}},"/ui/common/ui/btn_title.ui":{"rootdata":{"2":"titel"}},"/ui/720p/storage/storage.ui":{"rootdata":{"1":"R\u00eade"}},"/ui/common/storage/datum.ui":{"rootdata":{"3":{"1":"Gjin gegevens"}}},"/ui/720p/config/config.ui":{"rootdata":{"1":"systeem"}},"/ui/common/title/btn_language.ui":{"rootdata":{"0":"Taal"}}}