{"/ui/1080p/talk/log.ui":{"rootdata":{"0":{"1":"BackLog"}}},"/ui/common/config/btn_reset.ui":{"rootdata":{"2":"Seta bocha"}},"/ui/1080p/extra/scenepage.ui":{"rootdata":{"0":{"0":"ketsahalo"}}},"/img/1080p/bg/ED0003_a.ui":{"rootdata":{"0":{"5":"Kanon Rapipika","3":"Mekabu Shinonome","4":"Oni MAYUGE","10":"Yui","2":"Tsukimachi Usagi","7":"arp","8":"Minami le Tenjino","6":"Koyo Urami","1":"Remake Basebetsi","9":"Majin Hachimitsu"}}},"/img/720p/bg/ED0000_a.ui":{"rootdata":{"0":{"1":"Khopolo ea mantlha, Black Swan, \"Amane Switch\""}}},"/ui/1080p/config/config.ui":{"rootdata":{"1":"tsamaiso"}},"/ui/common/title/btn_continue.ui":{"rootdata":{"0":"Tsoela pele"}},"/img/1080p/bg/ED0007_a.ui":{"rootdata":{"0":{"1":"pheletsong"}}},"/ui/common/ui/btn_exit.ui":{"rootdata":{"2":"Etsoa"}},"character":{"1st_grade":"seithuti sa selemo sa pele","cat":"katse","female_student2":"Seithuti sa mosali 2","police_officer":"lepolesa","friend":"motsoalle","doctor":"ngaka","teacher":"tichere (phaposing)","amane":"Amane","female":"mosadi","amane_with_mother":"Mme. Amane","pe_teacher":"tichere ea thuto ea 'mele","director":"hlooho ea sehlopha (sekolo).","theater_tirector":"hlooho ea lefapha la lit\u0161oant\u0161iso","School_principal":"mosuoe-hlooho","theater_member":"setho sa sehlopha sa dipapadi","police_officer2":"Sepolesa 2","nurse":"mooki ea ngolisitsoeng","yukika":"Yukika","teacher1":"Mosuoe 1","hospital_officials":"basebetsi ba sepetlele","soccer_member":"sehlopha sa bolo ea maoto","store_manager":"mookameli oa lebenkele","3rd_grade":"seithuti sa selemo sa boraro","unknown":"Eng?","wet_woman":"Mosadi a le metsi","police_officer3":"Sepolesa 3.","4heroines":"Yoko & Izumi & Shizuku & Yukika","female_student":"moithuti e motshehadi","Students":"baithuti","literary_club_Director":"hlooho ea lefapha la bongoli","part_time_job":"byte","youko":"Yoko","male":"bong ba banna","children":"ngoana","youhei":"Yohei","Audiovisual_committee":"setho sa komiti ea ho hloka kutlo","male_student":"morutoana e motona","izumi":"Izumi","child":"bana","male_student2":"Seithuti sa monna 2","hospital_officials2":"Basebetsi ba sepetlele 2","police_officer1":"Sepolesa 1","classmate":"seithuti-'moho","member2":"Member 2.","athletics_member":"setho sa sehlopha sa pina le lebala","male_student1":"Seithuti sa monna 1","resident":"moahi","homeroom_teacher":"tichere ea kamore ea lapeng","father":"ntate","police_officer4":"Sepolesa 4.","literary_club_member":"setho sa bongoli sa basebetsi","customer":"moreki","softball_member":"lefapha la software","baseball_member":"sehlopha sa baseball (ke hore sehlopha sa baseball sa univesithi, koporasi, joalo-joalo)","male_student3":"Seithuti sa monna 3","news_caster":"caster","teacher4":"Mosuoe oa Nne.","shizuku":"Shizuku","vice-president":"motlatsi oa mopresidente (oa sehlopha kapa mokhatlo, mokhatlo)","member1":"Setho 1","teacher3":"Mosuoe oa Boraro.","shinzi":"Shinji","sales_clerk":"tlelereke","female_student1":"Moithuti wa mosadi 1","mother":"mme","father_in_law":"Ntate matsale","hospital_officials1":"Basebetsi ba sepetlele 1","member3":"Member 3.","teacher2":"Mosuoe 2"},"/ui/720p/extra/cgpage.ui":{"rootdata":{"0":{"0":"CG"}}},"/ui/1080p/extra/routepage.ui":{"rootdata":{"0":{"0":"ketsahalo"}}},"scene":{"34":{"hidden":"QETELA5","name":"QETELA 'Lefu le ke keng la phekoleha'"},"29":{"hidden":"QETELA3","name":"QETELA \"pula hape"},"27":{"hidden":"25","name":"Kgaitsedi eo ke e ratang haholo."},"8":{"hidden":"08","name":"Bophelo ba letsatsi le letsatsi ba kgopamiso"},"6":{"hidden":"06","name":"Kamano le Amane"},"15":{"hidden":"15","name":"Hoa qabola."},"5":{"hidden":"05","name":"memo"},"23":{"hidden":"QETELA1","name":"QETELA \"Ame Furi"},"35":{"hidden":"QETELA6","name":"QETELA \"Qetello ea Lebelo: ......"},"11":{"hidden":"11","name":"Seo ke se dumelang..."},"26":{"hidden":"QETELA2","name":"QETELA \"Meokho ea Pula"},"36":{"hidden":"Sephiri QETELA","name":"QETELA \"New Call Pula\"."},"16":{"hidden":"16","name":"Joale ke 'na feela ea hlanyang?"},"25":{"hidden":"24","name":"pula e nang ka nako ya masisapelo"},"4":{"hidden":"04","name":"motsoalle"},"22":{"hidden":"22","name":"ho thella hoa leleme"},"12":{"hidden":"12","name":"ketso ya bohlanya"},"18":{"hidden":"18","name":"Lejoe le qadileng ho bidika."},"21":{"hidden":"21","name":"Amane switjha"},"1":{"hidden":"01","name":"Moithuti e mocha..."},"0":{"hidden":"00","name":"Amane"},"7":{"hidden":"07","name":"ho tlala mekoti"},"17":{"hidden":"17","name":"khetho"},"32":{"hidden":"28","name":"kananelo ea tokelo ea ho ba beng ba mobu (ke shogunate, morena oa feudal, joalo-joalo)"},"24":{"hidden":"23","name":"Ke ne ke nahana ka uena."},"9":{"hidden":"09","name":"mabili a khoho"},"19":{"hidden":"19","name":"See se etsahetse joang?"},"30":{"hidden":"27","name":"bolokolohi ba ho ikgethela"},"10":{"hidden":"10","name":"mmolai"},"14":{"hidden":"14","name":"khutso ea nakoana ea kelello"},"3":{"hidden":"03","name":"Amane le pula"},"31":{"hidden":"QETELA4","name":"QETELA \"Qetello ea Tlhaselo: ......"},"2":{"hidden":"02","name":"Nako e monate"},"28":{"hidden":"26","name":"molaotheo (ka mmele)"},"13":{"hidden":"13","name":"Jwale re mmoho."},"33":{"hidden":"29","name":"hlomphehang"},"20":{"hidden":"20","name":"nako tsa ho shoa"}},"/img/720p/bg/ED0006_a.ui":{"rootdata":{"0":{"1":"tlhahiso","2":"Lichelete tsa Ride On Works, Inc."}}},"/ui/720p/extra/soundpage.ui":{"rootdata":{"0":{"0":"molumo"}}},"/ui/common/title/btn_start.ui":{"rootdata":{"0":"qala"}},"/img/720p/bg/ED0007_a.ui":{"rootdata":{"0":{"1":"pheletsong"}}},"/img/1080p/bg/ED0002_a.ui":{"rootdata":{"0":{"1":"lihlahisoa","2":"Pengin","3":"Ryusei"}}},"/ui/common/ui/btn_back.ui":{"rootdata":{"2":"morao"}},"/ui/common/title/btn_load.ui":{"rootdata":{"0":"morwalo"}},"/ui/720p/language/language.ui":{"rootdata":{"1":"Puo"}},"/ui/common/extra/achieve.ui":{"rootdata":{"1":"sekhahla sa phihlello"}},"/ui/720p/talk/log.ui":{"rootdata":{"0":{"1":"BackLog"}}},"/img/1080p/bg/ED0000_a.ui":{"rootdata":{"0":{"1":"Khopolo ea mantlha, Black Swan, \"Amane Switch\""}}},"/img/720p/bg/ED0004_a.ui":{"rootdata":{"0":{"1":"tlhahiso e akaretsang","2":"Bush"}}},"/ui/720p/extra/scenepage.ui":{"rootdata":{"0":{"0":"ketsahalo"}}},"/ui/1080p/extra/soundpage.ui":{"rootdata":{"0":{"0":"molumo"}}},"/img/1080p/bg/ED0004_a.ui":{"rootdata":{"0":{"1":"tlhahiso e akaretsang","2":"Bushi"}}},"/ui/common/extra/btn_thumbnail.ui":{"rootdata":{"0":{"1":"NoData"}}},"/ui/common/title/btn_config.ui":{"rootdata":{"0":"Lokisa"}},"/img/720p/bg/ED0002_a.ui":{"rootdata":{"0":{"1":"lihlahisoa","2":"Pengin","3":"Ryusei"}}},"/img/1080p/bg/ED0005_a.ui":{"rootdata":{"0":{"1":"tshebedisano ya tlhahiso","2":"Cyber Step Corporation"}}},"/img/720p/bg/ED0005_a.ui":{"rootdata":{"0":{"1":"tshebedisano ya tlhahiso","2":"Cyber Step Corporation"}}},"/ui/common/extra/btn_cg.ui":{"rootdata":{"2":"CG"}},"/ui/1080p/language/language.ui":{"rootdata":{"1":"Puo"}},"/ui/common/config/btn_system.ui":{"rootdata":{"2":"tsamaiso"}},"/ui/1080p/storage/storage.ui":{"rootdata":{"1":"Boloka"}},"/img/1080p/bg/ED0006_a.ui":{"rootdata":{"0":{"1":"tlhahiso","2":"Lichelete tsa Ride On Works, Inc."}}},"/ui/720p/extra/routepage.ui":{"rootdata":{"0":{"0":"ketsahalo"}}},"bgm":{"insecurity":{"label":"melancholy"},"eye1":{"label":"puddling away"},"h1":{"label":"ripple"},"rain":{"label":"moya o batang"},"sys":{"label":"Let\u0161a le khutsitseng"},"eye2":{"label":"leholimo le koahetsoeng (leholimo)"},"sir":{"label":"tsieleha"},"op":{"label":"Amane"},"ed":{"label":"Qhibiliha sebakeng se sephara"},"healing":{"label":"ama (a person's) pelo"},"danger":{"label":"atamela"},"h2":{"label":"dikeledi"}},"/ui/common/extra/btn_sound.ui":{"rootdata":{"2":"molumo"}},"/ui/1080p/extra/cgpage.ui":{"rootdata":{"0":{"0":"CG"}}},"/img/1080p/bg/ED0001_a.ui":{"rootdata":{"0":{"5":"Shizuku Kizaki :. Uki Nashiki","6":"Yukika Mizushima :. Mei Oshiro","3":"Yoko Minegishi :. Ari Sayama","4":"Izumi Kizaki :. Nemea Iori (Khamphase ea Lipotoloho tsa Stellar)","1":"lahla","2":"Amane Satonaka :. Kyoko Kuramochi (Khampase ya Baesekele ya Dinaledi)"}}},"/ui/common/title/btn_extra.ui":{"rootdata":{"0":"Eketsa"}},"/img/720p/bg/ED0003_a.ui":{"rootdata":{"0":{"5":"Kanon Rapipika","3":"Mekabu Shinonome","4":"Oni MAYUGE","10":"Yui","2":"Tsukimachi Usagi","7":"arp","8":"Minami le Tenjino","6":"Koyo Urami","1":"Remake Basebetsi","9":"Majin Hachimitsu"}}},"/ui/common/extra/btn_scene.ui":{"rootdata":{"2":"ketsahalo"}},"/img/720p/bg/ED0001_a.ui":{"rootdata":{"0":{"5":"Shizuku Kizaki :. Uki Nashiki","6":"Yukika Mizushima :. Mei Oshiro","3":"Yoko Minegishi :. Ari Sayama","4":"Izumi Kizaki :. Nemea Iori (Khamphase ea Lipotoloho tsa Stellar)","1":"lahla","2":"Amane Satonaka :. Kyoko Kuramochi (Khampase ya Baesekele ya Dinaledi)"}}},"dict":{"title.translate.cancaled":"Ho khoasolla ho emisitsoe 'me litlhophiso tsa puo lia qalisoa.","talk.quickload.confirm.yes":"Re tla qala hape.","title.continue.confirm.yes":"Re tla qala hape.","config.10.0":"sebakeng","storage.title.save":"Boloka","language.restart":"Khutlela skrineng sa sehlooho.","config.6":"ho pepeseha ha fensetere ea molaetsa","title.continue.confirm":"Na u batla ho qala bocha sebakeng se bolokiloeng?","title.continue.nodata":"Ha ho na data ea ho boloka.","storage.date":"Letsatsi :","config.1":"mmino wa bokamorao","config.8.0":"sebakeng","extra.scene.confirm":"O batla ho qala ka ketsahalo ee?","title.translate.confirm.yes":"download","title.translate.confirm":"Khoasolla lifaele tsa ntlafatso tse hlokahalang ho qala papali ho %s .","common.dialog.message.exit.yes":"Etsoa.","common.dialog.btn.no":"hlakola","language.confirm.yes":"Fetola.","config.10.1":"e-ba oa bohlokoa","storage.label.none":"Ha ho data","language.confirm":"Na u batla ho fetola puo eo u e sebelisang ho %s ?","config.10":"Fetola 'mala oa lipolelo tse seng li baliloe","storage.title.load":"morwalo","config.5":"Lebelo la Auto mode","config.7.all":"kaofela","config.8":"Tlola ho tsoela pele ka mor'a khetho","config.9.1":"e-ba oa bohlokoa","common.dialog.btn.yes":"OK","config.tab.system":"tsamaiso","extra.cg.dialog.page":"%d / %d","common.dialog.message.save.yes":"boloka","common.dialog.message.load.yes":"morwalo","common.dialog.message.save":"O batla ho e boloka?","config.7.read":"bala feela","config.3":"LENTSOE","config.9.0":"sebakeng","config.reset.confirm.yes":"Qala.","talk.quickload.confirm":"Na u batla ho qala bocha sebakeng se bolokiloeng?","config.tab.sound":"LESOA","talk.quicksave.message":"U bolokile papali. O ka qala hape ho tloha sebakeng sa hajoale.","config.4":"lebelo la pontsho ya sebopeho","config.reset.confirm":"O batla ho qala litlhophiso?","common.dialog.message.download":"E jarolla.","title.translate.notallowed":"Qala litlhophiso tsa puo hobane lifaele tse hlokahalang ha li eo.","storage.date.none":"----/--/-- --:--","common.dialog.btn.cancel":"tshitiso","language.error.2":"Ha ua lumelloa ho kena ho seva.","config.7":"skip mode","language.error.1":"Seva e tlas'a tlhokomelo.","config.9":"Ho tsoela pele ka mokhoa oa Auto kamora khetho","common.dialog.message.title":"Na u batla ho khutlela skrineng sa sehlooho?","extra.scene.confirm.yes":"Qala.","common.dialog.message.load":"O batla ho kenya?","common.dialog.message.title.yes":"Ho ea sehloohong","config.2":"SE","config.8.1":"e-ba oa bohlokoa","title.translate.failed":"Kenya litlhophiso tsa puo hobane download e hlolehile.","common.dialog.message.exit":"O batla ho tlohela papali?","language.error.255":"Seva ha e teng."},"/ui/common/config/btn_sound.ui":{"rootdata":{"2":"molumo"}},"/ui/common/ui/btn_title.ui":{"rootdata":{"2":"sehlooho"}},"/ui/720p/storage/storage.ui":{"rootdata":{"1":"Boloka"}},"/ui/common/storage/datum.ui":{"rootdata":{"3":{"1":"Ha ho Lintlha"}}},"/ui/720p/config/config.ui":{"rootdata":{"1":"tsamaiso"}},"/ui/common/title/btn_language.ui":{"rootdata":{"0":"Puo"}}}