<?xml version="1.0" encoding="utf-8"?>
<BackupSaveData>
  <SaveDataType>Cache</SaveDataType>
  <SaveDataUserIdH>0000000000000000</SaveDataUserIdH>
  <SaveDataUserIdL>0000000000000000</SaveDataUserIdL>
  <ApplicationId>0100d4f00dd02000</ApplicationId>
  <SaveDataSize>0000000001406F40</SaveDataSize>
  <OwnerId>0100d4f00dd02000</OwnerId>
  <Flags>00000000</Flags>
  <AvailableSize>0000000001406F40</AvailableSize>
  <JournalSize>0000000001406F40</JournalSize>
  <SaveDataSpaceId>00000004</SaveDataSpaceId>
  <CacheIndex>00000003</CacheIndex>
</BackupSaveData>
