{"/ui/1080p/talk/log.ui":{"rootdata":{"0":{"1":"BackLog"}}},"/ui/common/config/btn_reset.ui":{"rootdata":{"2":"Reiniciar"}},"/ui/1080p/extra/scenepage.ui":{"rootdata":{"0":{"0":"escena"}}},"/img/1080p/bg/ED0003_a.ui":{"rootdata":{"0":{"5":"Kanon Rapipaka","3":"Mekabu Shinonome","4":"Oni MAYUGE","10":"Yui","2":"Tsukimachi Usagi","7":"arp","8":"Minami no Tenjino","6":"Koyo Urami","1":"Personal de Remake","9":"Majin Hachimitsu"}}},"/img/720p/bg/ED0000_a.ui":{"rootdata":{"0":{"1":"Idea original, Cisne Negro, \" Amane Switch\""}}},"/ui/1080p/config/config.ui":{"rootdata":{"1":"sistema"}},"/ui/common/title/btn_continue.ui":{"rootdata":{"0":"Continuar"}},"/img/1080p/bg/ED0007_a.ui":{"rootdata":{"0":{"1":"aleta"}}},"/ui/common/ui/btn_exit.ui":{"rootdata":{"2":"salir"}},"character":{"1st_grade":"estudiante de primer a\u00f1o","cat":"gato","female_student2":"Estudiante femenina 2","police_officer":"polic\u00eda","friend":"amigo","doctor":"m\u00e9dico","teacher":"profesor (aula)","amane":"Amane","female":"mujer","amane_with_mother":"Madre. Amane","pe_teacher":"profesor de educaci\u00f3n f\u00edsica","director":"director de un club (escolar)","theater_tirector":"jefe del departamento de teatro","School_principal":"principal","theater_member":"miembro de una compa\u00f1\u00eda teatral","police_officer2":"Oficial de polic\u00eda 2","nurse":"enfermera diplomada","yukika":"Yukika","teacher1":"Profesor 1","hospital_officials":"personal del hospital","soccer_member":"club de f\u00fatbol","store_manager":"gerente de la tienda","3rd_grade":"estudiante de tercer a\u00f1o","unknown":"\u00bfQu\u00e9?","wet_woman":"Mujer empapada","police_officer3":"Oficial de polic\u00eda 3.","4heroines":"Yoko & Izumi & Shizuku & Yukika","female_student":"estudiante","Students":"estudiantes","literary_club_Director":"jefe del departamento literario","part_time_job":"byte","youko":"Yoko","male":"g\u00e9nero masculino","children":"ni\u00f1o","youhei":"Yohei","Audiovisual_committee":"miembro del comit\u00e9 de privaci\u00f3n sensorial","male_student":"estudiante masculino","izumi":"Izumi","child":"ni\u00f1os","male_student2":"Estudiante masculino 2","hospital_officials2":"Personal del hospital 2","police_officer1":"Oficial de polic\u00eda 1","classmate":"compa\u00f1ero de clase","member2":"Miembro 2.","athletics_member":"miembro del club de atletismo","male_student1":"Estudiante masculino 1","resident":"residente","homeroom_teacher":"profesor de aula","father":"padre","police_officer4":"Oficial de polic\u00eda 4.","literary_club_member":"un miembro literario del personal","customer":"cliente","softball_member":"departamento de software","baseball_member":"club de b\u00e9isbol (es decir, equipo de b\u00e9isbol de una universidad, corporaci\u00f3n, etc.)","male_student3":"Estudiante masculino 3","news_caster":"fundidor","teacher4":"Profesor cuatro.","shizuku":"Shizuku","vice-president":"vicepresidente (de un club u organizaci\u00f3n, organizaci\u00f3n)","member1":"Miembro 1","teacher3":"Profesor tres.","shinzi":"Shinji","sales_clerk":"secretario","female_student1":"Estudiante femenina 1","mother":"madre","father_in_law":"suegro","hospital_officials1":"Personal del hospital 1","member3":"Miembro 3.","teacher2":"Profesor 2"},"/ui/720p/extra/cgpage.ui":{"rootdata":{"0":{"0":"CG"}}},"/ui/1080p/extra/routepage.ui":{"rootdata":{"0":{"0":"escena"}}},"scene":{"34":{"hidden":"END5","name":"FINALIZAR 'La enfermedad que no se puede curar'"},"29":{"hidden":"END3","name":"FINALIZACI\u00d3N \"vuelve a llover"},"27":{"hidden":"25","name":"Mi hermana favorita."},"8":{"hidden":"08","name":"La vida cotidiana de la perversi\u00f3n"},"6":{"hidden":"06","name":"Relaci\u00f3n con Amane"},"15":{"hidden":"15","name":"Es curioso."},"5":{"hidden":"05","name":"invitaci\u00f3n"},"23":{"hidden":"FIN1","name":"FIN \"Ame Furi"},"35":{"hidden":"END6","name":"FINAL \"El final de la carrera: ......"},"11":{"hidden":"11","name":"En lo que creo..."},"26":{"hidden":"FIN2","name":"FINALIZACI\u00d3N \"L\u00e1grimas de lluvia"},"36":{"hidden":"Final secreto","name":"FINALIZA la \"Nueva Llamada Lluvia\"."},"16":{"hidden":"16","name":"\u00bfAs\u00ed que soy el \u00fanico que est\u00e1 loco?"},"25":{"hidden":"24","name":"la lluvia que cae en un momento de tristeza"},"4":{"hidden":"04","name":"amigo"},"22":{"hidden":"22","name":"deslizamiento de la lengua"},"12":{"hidden":"12","name":"acto de barbarie"},"18":{"hidden":"18","name":"La piedra que empez\u00f3 a rodar."},"21":{"hidden":"21","name":"Interruptor Amane"},"1":{"hidden":"01","name":"El nuevo estudiante..."},"0":{"hidden":"00","name":"Amane"},"7":{"hidden":"07","name":"estar lleno de agujeros"},"17":{"hidden":"17","name":"elecci\u00f3n"},"32":{"hidden":"28","name":"reconocimiento del derecho a la propiedad de la tierra (por el shogunato, un se\u00f1or feudal, etc.)"},"24":{"hidden":"23","name":"Estaba pensando en ti."},"9":{"hidden":"09","name":"rueda dentada"},"19":{"hidden":"19","name":"\u00bfC\u00f3mo ha ocurrido esto?"},"30":{"hidden":"27","name":"libre albedr\u00edo"},"10":{"hidden":"10","name":"asesino"},"14":{"hidden":"14","name":"tranquilidad temporal"},"3":{"hidden":"03","name":"Amane y la lluvia"},"31":{"hidden":"END4","name":"FIN \"El fin del asalto: ......"},"2":{"hidden":"02","name":"Feliz momento"},"28":{"hidden":"26","name":"constituci\u00f3n (f\u00edsica)"},"13":{"hidden":"13","name":"Ahora estamos juntos."},"33":{"hidden":"29","name":"decente"},"20":{"hidden":"20","name":"momentos de muerte"}},"/img/720p/bg/ED0006_a.ui":{"rootdata":{"0":{"1":"producci\u00f3n","2":"Ride On Works, Inc."}}},"/ui/720p/extra/soundpage.ui":{"rootdata":{"0":{"0":"sonido"}}},"/ui/common/title/btn_start.ui":{"rootdata":{"0":"iniciar"}},"/img/720p/bg/ED0007_a.ui":{"rootdata":{"0":{"1":"aleta"}}},"/img/1080p/bg/ED0002_a.ui":{"rootdata":{"0":{"1":"producir","2":"Pengin","3":"Ryusei"}}},"/ui/common/ui/btn_back.ui":{"rootdata":{"2":"volver"}},"/ui/common/title/btn_load.ui":{"rootdata":{"0":"carga"}},"/ui/720p/language/language.ui":{"rootdata":{"1":"Idioma"}},"/ui/common/extra/achieve.ui":{"rootdata":{"1":"tasa de \u00e9xito"}},"/ui/720p/talk/log.ui":{"rootdata":{"0":{"1":"BackLog"}}},"/img/1080p/bg/ED0000_a.ui":{"rootdata":{"0":{"1":"Idea original, Cisne Negro, \" Amane Switch\""}}},"/img/720p/bg/ED0004_a.ui":{"rootdata":{"0":{"1":"producci\u00f3n integral","2":"Bushi"}}},"/ui/720p/extra/scenepage.ui":{"rootdata":{"0":{"0":"escena"}}},"/ui/1080p/extra/soundpage.ui":{"rootdata":{"0":{"0":"sonido"}}},"/img/1080p/bg/ED0004_a.ui":{"rootdata":{"0":{"1":"producci\u00f3n integral","2":"Bushi"}}},"/ui/common/extra/btn_thumbnail.ui":{"rootdata":{"0":{"1":"NoData"}}},"/ui/common/title/btn_config.ui":{"rootdata":{"0":"Configurar"}},"/img/720p/bg/ED0002_a.ui":{"rootdata":{"0":{"1":"producir","2":"Pengin","3":"Ryusei"}}},"/img/1080p/bg/ED0005_a.ui":{"rootdata":{"0":{"1":"cooperaci\u00f3n en la producci\u00f3n","2":"Corporaci\u00f3n Cyber Step"}}},"/img/720p/bg/ED0005_a.ui":{"rootdata":{"0":{"1":"cooperaci\u00f3n en la producci\u00f3n","2":"Corporaci\u00f3n Cyber Step"}}},"/ui/common/extra/btn_cg.ui":{"rootdata":{"2":"CG"}},"/ui/1080p/language/language.ui":{"rootdata":{"1":"Idioma"}},"/ui/common/config/btn_system.ui":{"rootdata":{"2":"sistema"}},"/ui/1080p/storage/storage.ui":{"rootdata":{"1":"Guardar"}},"/img/1080p/bg/ED0006_a.ui":{"rootdata":{"0":{"1":"producci\u00f3n","2":"Ride On Works, Inc."}}},"/ui/720p/extra/routepage.ui":{"rootdata":{"0":{"0":"escena"}}},"bgm":{"insecurity":{"label":"melancol\u00eda"},"eye1":{"label":"encharc\u00e1ndose"},"h1":{"label":"ondulaci\u00f3n"},"rain":{"label":"viento fr\u00edo"},"sys":{"label":"Lago tranquilo"},"eye2":{"label":"cielo nublado (clima)"},"sir":{"label":"desesperaci\u00f3n"},"op":{"label":"Amane"},"ed":{"label":"Se funden en el amplio cielo"},"healing":{"label":"tocar el coraz\u00f3n (de una persona)"},"danger":{"label":"se aproxima"},"h2":{"label":"l\u00e1grimas"}},"/ui/common/extra/btn_sound.ui":{"rootdata":{"2":"sonido"}},"/ui/1080p/extra/cgpage.ui":{"rootdata":{"0":{"0":"CG"}}},"/img/1080p/bg/ED0001_a.ui":{"rootdata":{"0":{"5":"Shizuku Kizaki :. Uki Nashiki","6":"Yukika Mizushima :. Mei Oshiro","3":"Yoko Minegishi :. Ari Sayama","4":"Izumi Kizaki :. Nemea Iori (Campus del Ciclo Estelar)","1":"fundici\u00f3n","2":"Amane Satonaka :. Kyoko Kuramochi (Campus Stellar Cycle)"}}},"/ui/common/title/btn_extra.ui":{"rootdata":{"0":"Extra"}},"/img/720p/bg/ED0003_a.ui":{"rootdata":{"0":{"5":"Kanon Rapipaka","3":"Mekabu Shinonome","4":"Oni MAYUGE","10":"Yui","2":"Tsukimachi Usagi","7":"arp","8":"Minami no Tenjino","6":"Koyo Urami","1":"Personal de Remake","9":"Majin Hachimitsu"}}},"/ui/common/extra/btn_scene.ui":{"rootdata":{"2":"escena"}},"/img/720p/bg/ED0001_a.ui":{"rootdata":{"0":{"5":"Shizuku Kizaki :. Uki Nashiki","6":"Yukika Mizushima :. Mei Oshiro","3":"Yoko Minegishi :. Ari Sayama","4":"Izumi Kizaki :. Nemea Iori (Campus del Ciclo Estelar)","1":"fundici\u00f3n","2":"Amane Satonaka :. Kyoko Kuramochi (Campus Stellar Cycle)"}}},"dict":{"title.translate.cancaled":"La descarga se ha interrumpido y la configuraci\u00f3n del idioma se ha inicializado.","talk.quickload.confirm.yes":"Continuaremos.","title.continue.confirm.yes":"Continuaremos.","config.10.0":"local","storage.title.save":"Guardar","language.restart":"Vuelve a la pantalla del t\u00edtulo.","config.6":"transparencia de la ventana de mensajes","title.continue.confirm":"\u00bfQuieres reiniciar desde una escena guardada?","title.continue.nodata":"No hay datos guardados.","storage.date":"Fecha :","config.1":"m\u00fasica de fondo","config.8.0":"local","extra.scene.confirm":"\u00bfQuieres empezar con esta escena?","title.translate.confirm.yes":"descargar","title.translate.confirm":"Descarga los archivos de actualizaci\u00f3n necesarios para iniciar el juego en %s.","common.dialog.message.exit.yes":"Salir.","common.dialog.btn.no":"cancelar","language.confirm.yes":"Cambios.","config.10.1":"valga la pena","storage.label.none":"No hay datos","language.confirm":"\u00bfQuieres cambiar el idioma que utilizas a %s?","config.10":"Cambiar el color de las frases ya le\u00eddas","storage.title.load":"carga","config.5":"Velocidad del modo autom\u00e1tico","config.7.all":"todo","config.8":"Omitir la continuaci\u00f3n despu\u00e9s de la elecci\u00f3n","config.9.1":"valga la pena","common.dialog.btn.yes":"OK","config.tab.system":"sistema","extra.cg.dialog.page":"%d / %d","common.dialog.message.save.yes":"guardar","common.dialog.message.load.yes":"carga","common.dialog.message.save":"\u00bfQuieres salvarlo?","config.7.read":"s\u00f3lo lectura","config.3":"VOZ","config.9.0":"local","config.reset.confirm.yes":"Inicie.","talk.quickload.confirm":"\u00bfQuieres reiniciar desde una escena guardada?","config.tab.sound":"SONIDO","talk.quicksave.message":"Has guardado la partida.\nPuedes reanudarla desde la escena actual.","config.4":"velocidad de visualizaci\u00f3n de caracteres","config.reset.confirm":"\u00bfDesea inicializar los ajustes?","common.dialog.message.download":"Descargando.","title.translate.notallowed":"Inicializar la configuraci\u00f3n del idioma porque faltan los archivos necesarios.","storage.date.none":"----/--/-- --:--","common.dialog.btn.cancel":"interrupci\u00f3n","language.error.2":"No se le permite acceder al servidor.","config.7":"modo de salto","language.error.1":"El servidor est\u00e1 en mantenimiento.","config.9":"Continuaci\u00f3n del modo autom\u00e1tico tras la selecci\u00f3n","common.dialog.message.title":"\u00bfQuieres volver a la pantalla del t\u00edtulo?","extra.scene.confirm.yes":"Inicie.","common.dialog.message.load":"\u00bfQuieres cargar?","common.dialog.message.title.yes":"Al t\u00edtulo","config.2":"SE","config.8.1":"valga la pena","title.translate.failed":"Inicialice la configuraci\u00f3n del idioma porque la descarga ha fallado.","common.dialog.message.exit":"\u00bfQuieres dejar el juego?","language.error.255":"El servidor no est\u00e1 disponible."},"/ui/common/config/btn_sound.ui":{"rootdata":{"2":"sonido"}},"/ui/common/ui/btn_title.ui":{"rootdata":{"2":"t\u00edtulo"}},"/ui/720p/storage/storage.ui":{"rootdata":{"1":"Guardar"}},"/ui/common/storage/datum.ui":{"rootdata":{"3":{"1":"Sin datos"}}},"/ui/720p/config/config.ui":{"rootdata":{"1":"sistema"}},"/ui/common/title/btn_language.ui":{"rootdata":{"0":"Idioma"}}}