{"/ui/1080p/talk/log.ui":{"rootdata":{"0":{"1":"TilbakeLogg"}}},"/ui/common/config/btn_reset.ui":{"rootdata":{"2":"Nullstille"}},"/ui/1080p/extra/scenepage.ui":{"rootdata":{"0":{"0":"scene"}}},"/img/1080p/bg/ED0003_a.ui":{"rootdata":{"0":{"5":"Kanon Rapipaka","3":"Mekabu Shinonome","4":"Oni MAYUGE","10":"Yui","2":"Tsukimachi Usagi","7":"arp","8":"Minami no Tenjino","6":"Koyo Urami","1":"Remake Staff","9":"Majin Hachimitsu"}}},"/img/720p/bg/ED0000_a.ui":{"rootdata":{"0":{"1":"Original id\u00e9, Black Swan, \"Amane Switch\""}}},"/ui/1080p/config/config.ui":{"rootdata":{"1":"system"}},"/ui/common/title/btn_continue.ui":{"rootdata":{"0":"Fortsette"}},"/img/1080p/bg/ED0007_a.ui":{"rootdata":{"0":{"1":"fin"}}},"/ui/common/ui/btn_exit.ui":{"rootdata":{"2":"exit"}},"character":{"1st_grade":"f\u00f8rste\u00e5rsstudent","cat":"katt","female_student2":"Kvinnelig student 2","police_officer":"politimann","friend":"venn","doctor":"lege","teacher":"l\u00e6rer (klasserom)","amane":"Amane","female":"kvinne","amane_with_mother":"Mor. Amane","pe_teacher":"gyml\u00e6rer","director":"leder for en (skole) klubb","theater_tirector":"leder for dramaavdelingen","School_principal":"rektor","theater_member":"medlem av en teatergruppe","police_officer2":"Politibetjent 2","nurse":"registrert sykepleier","yukika":"Yukika","teacher1":"L\u00e6rer 1","hospital_officials":"sykehuspersonell","soccer_member":"fotballklubb","store_manager":"Butikksjef","3rd_grade":"tredje\u00e5rsstudent","unknown":"Hva?","wet_woman":"V\u00e5t v\u00e5t kvinne","police_officer3":"Politibetjent 3.","4heroines":"Yoko & Izumi & Shizuku & Yukika","female_student":"kvinnelig student","Students":"studenter","literary_club_Director":"leder for litteraturavdelingen","part_time_job":"byte","youko":"Yoko","male":"maskulint kj\u00f8nn","children":"barn","youhei":"Yohei","Audiovisual_committee":"medlem av sensorisk deprivasjonskomit\u00e9","male_student":"mannlig student","izumi":"Izumi","child":"barn","male_student2":"Mannlig student 2","hospital_officials2":"Sykehuspersonell 2","police_officer1":"Politibetjent 1","classmate":"klassekamerat","member2":"Medlem 2.","athletics_member":"friidrettsklubbmedlem","male_student1":"Mannlig student 1","resident":"beboer","homeroom_teacher":"hjemmel\u00e6rer","father":"far","police_officer4":"Politibetjent 4.","literary_club_member":"en litter\u00e6r medarbeider","customer":"kunde","softball_member":"programvare avdeling","baseball_member":"baseballklubb (dvs. baseballlag ved et universitet, selskap, etc.)","male_student3":"Mannlig student 3","news_caster":"hjul","teacher4":"L\u00e6rer fire.","shizuku":"Shizuku","vice-president":"visepresident (i en klubb eller organisasjon, organisasjon)","member1":"Medlem 1","teacher3":"L\u00e6rer tre.","shinzi":"Shinji","sales_clerk":"kontorist","female_student1":"Kvinnelig student 1","mother":"mor","father_in_law":"svigerfar","hospital_officials1":"Sykehuspersonell 1","member3":"Medlem 3.","teacher2":"L\u00e6rer 2"},"/ui/720p/extra/cgpage.ui":{"rootdata":{"0":{"0":"CG"}}},"/ui/1080p/extra/routepage.ui":{"rootdata":{"0":{"0":"scene"}}},"scene":{"34":{"hidden":"SLUTT5","name":"SLUTT 'Sykdommen som ikke kan kureres'"},"29":{"hidden":"SLUTT 3","name":"END \"regnv\u00e6r igjen"},"27":{"hidden":"25","name":"Min favoritt s\u00f8ster."},"8":{"hidden":"08","name":"Perversjonens daglige liv"},"6":{"hidden":"06","name":"Forholdet til Amane"},"15":{"hidden":"15","name":"Det er morsomt."},"5":{"hidden":"05","name":"invitasjon"},"23":{"hidden":"SLUTT 1","name":"SLUTT \"Ame Furi"},"35":{"hidden":"SLUTT 6","name":"SLUTT \"Slutten p\u00e5 l\u00f8peturen: ......"},"11":{"hidden":"11","name":"Det jeg tror p\u00e5 ..."},"26":{"hidden":"SLUTT 2","name":"SLUTT \"Tears of Rain"},"36":{"hidden":"Hemmelig SLUTT","name":"SLUTT \"New Call Rain\"."},"16":{"hidden":"16","name":"S\u00e5 jeg er den eneste som er gal?"},"25":{"hidden":"24","name":"nedb\u00f8r i en tid med tristhet"},"4":{"hidden":"04","name":"venn"},"22":{"hidden":"22","name":"forsnakkelse"},"12":{"hidden":"12","name":"barbaritetshandling"},"18":{"hidden":"18","name":"Steinen som begynte \u00e5 rulle."},"21":{"hidden":"21","name":"Amane -bryter"},"1":{"hidden":"01","name":"Den nye studenten ..."},"0":{"hidden":"00","name":"Amane"},"7":{"hidden":"07","name":"v\u00e6re full av hull"},"17":{"hidden":"17","name":"valg"},"32":{"hidden":"28","name":"anerkjennelse av retten til grunneierskap (av shogunatet, en f\u00f8ydalherre, etc.)"},"24":{"hidden":"23","name":"Jeg tenkte p\u00e5 deg."},"9":{"hidden":"09","name":"tannhjul"},"19":{"hidden":"19","name":"Hvordan skjedde dette?"},"30":{"hidden":"27","name":"fri vilje"},"10":{"hidden":"10","name":"leiemorder"},"14":{"hidden":"14","name":"midlertidig sjelefred"},"3":{"hidden":"03","name":"Amane og regn"},"31":{"hidden":"SLUTT4","name":"SLUTT \"Slutten p\u00e5 angrepet: ......"},"2":{"hidden":"02","name":"Lykkelig tid"},"28":{"hidden":"26","name":"grunnlov (fysisk)"},"13":{"hidden":"1. 3","name":"N\u00e5 er vi sammen."},"33":{"hidden":"29","name":"skikkelig"},"20":{"hidden":"20","name":"d\u00f8ende \u00f8yeblikk"}},"/img/720p/bg/ED0006_a.ui":{"rootdata":{"0":{"1":"produksjon","2":"Ride On Works, Inc."}}},"/ui/720p/extra/soundpage.ui":{"rootdata":{"0":{"0":"lyd"}}},"/ui/common/title/btn_start.ui":{"rootdata":{"0":"start"}},"/img/720p/bg/ED0007_a.ui":{"rootdata":{"0":{"1":"fin"}}},"/img/1080p/bg/ED0002_a.ui":{"rootdata":{"0":{"1":"produsere","2":"Pengin","3":"Ryusei"}}},"/ui/common/ui/btn_back.ui":{"rootdata":{"2":"tilbake"}},"/ui/common/title/btn_load.ui":{"rootdata":{"0":"laste"}},"/ui/720p/language/language.ui":{"rootdata":{"1":"Spr\u00e5k"}},"/ui/common/extra/achieve.ui":{"rootdata":{"1":"prestasjonshastighet"}},"/ui/720p/talk/log.ui":{"rootdata":{"0":{"1":"TilbakeLogg"}}},"/img/1080p/bg/ED0000_a.ui":{"rootdata":{"0":{"1":"Original id\u00e9, Black Swan, \"Amane Switch\""}}},"/img/720p/bg/ED0004_a.ui":{"rootdata":{"0":{"1":"omfattende produksjon","2":"Bushi"}}},"/ui/720p/extra/scenepage.ui":{"rootdata":{"0":{"0":"scene"}}},"/ui/1080p/extra/soundpage.ui":{"rootdata":{"0":{"0":"lyd"}}},"/img/1080p/bg/ED0004_a.ui":{"rootdata":{"0":{"1":"omfattende produksjon","2":"Bushi"}}},"/ui/common/extra/btn_thumbnail.ui":{"rootdata":{"0":{"1":"Ingen data"}}},"/ui/common/title/btn_config.ui":{"rootdata":{"0":"Konfig"}},"/img/720p/bg/ED0002_a.ui":{"rootdata":{"0":{"1":"produsere","2":"Pengin","3":"Ryusei"}}},"/img/1080p/bg/ED0005_a.ui":{"rootdata":{"0":{"1":"produksjonssamarbeid","2":"Cyber Step Corporation"}}},"/img/720p/bg/ED0005_a.ui":{"rootdata":{"0":{"1":"produksjonssamarbeid","2":"Cyber Step Corporation"}}},"/ui/common/extra/btn_cg.ui":{"rootdata":{"2":"CG"}},"/ui/1080p/language/language.ui":{"rootdata":{"1":"Spr\u00e5k"}},"/ui/common/config/btn_system.ui":{"rootdata":{"2":"system"}},"/ui/1080p/storage/storage.ui":{"rootdata":{"1":"Lagre"}},"/img/1080p/bg/ED0006_a.ui":{"rootdata":{"0":{"1":"produksjon","2":"Ride On Works, Inc."}}},"/ui/720p/extra/routepage.ui":{"rootdata":{"0":{"0":"scene"}}},"bgm":{"insecurity":{"label":"melankoli"},"eye1":{"label":"pytter bort"},"h1":{"label":"krusning"},"rain":{"label":"kald vind"},"sys":{"label":"Quiet Lake"},"eye2":{"label":"overskyet himmel (v\u00e6r)"},"sir":{"label":"fortvilelse"},"op":{"label":"Amane"},"ed":{"label":"Smelt inn i den brede himmelen"},"healing":{"label":"ber\u00f8re (en persons) hjerte"},"danger":{"label":"v\u00e6re n\u00e6rmer seg"},"h2":{"label":"t\u00e5rer"}},"/ui/common/extra/btn_sound.ui":{"rootdata":{"2":"lyd"}},"/ui/1080p/extra/cgpage.ui":{"rootdata":{"0":{"0":"CG"}}},"/img/1080p/bg/ED0001_a.ui":{"rootdata":{"0":{"5":"Shizuku Kizaki:. Uki Nashiki","6":"Yukika Mizushima:. Mei Oshiro","3":"Yoko Minegishi:. Ari Sayama","4":"Izumi Kizaki:. Nemea Iori (Stellar Cycle Campus)","1":"st\u00f8pt","2":"Amane Satonaka:. Kyoko Kuramochi (Stellar Cycle Campus)"}}},"/ui/common/title/btn_extra.ui":{"rootdata":{"0":"Ekstra"}},"/img/720p/bg/ED0003_a.ui":{"rootdata":{"0":{"5":"Kanon Rapipaka","3":"Mekabu Shinonome","4":"Oni MAYUGE","10":"Yui","2":"Tsukimachi Usagi","7":"arp","8":"Minami no Tenjino","6":"Koyo Urami","1":"Remake Staff","9":"Majin Hachimitsu"}}},"/ui/common/extra/btn_scene.ui":{"rootdata":{"2":"scene"}},"/img/720p/bg/ED0001_a.ui":{"rootdata":{"0":{"5":"Shizuku Kizaki:. Uki Nashiki","6":"Yukika Mizushima:. Mei Oshiro","3":"Yoko Minegishi:. Ari Sayama","4":"Izumi Kizaki:. Nemea Iori (Stellar Cycle Campus)","1":"st\u00f8pt","2":"Amane Satonaka:. Kyoko Kuramochi (Stellar Cycle Campus)"}}},"dict":{"title.translate.cancaled":"Nedlastingen er avbrutt og spr\u00e5kinnstillingene initialiseres.","talk.quickload.confirm.yes":"Vi fortsetter.","title.continue.confirm.yes":"Vi fortsetter.","config.10.0":"lokal","storage.title.save":"Lagre","language.restart":"G\u00e5 tilbake til tittelskjermen.","config.6":"meldingsvinduets \u00e5penhet","title.continue.confirm":"Vil du starte p\u00e5 nytt fra en lagret scene?","title.continue.nodata":"Det er ingen lagrede data.","storage.date":"Dato :","config.1":"bakgrunnsmusikk","config.8.0":"lokal","extra.scene.confirm":"Vil du starte med denne scenen?","title.translate.confirm.yes":"nedlasting","title.translate.confirm":"Last ned oppdateringsfilene som trengs for \u00e5 starte spillet p\u00e5 %s .","common.dialog.message.exit.yes":"Exit.","common.dialog.btn.no":"Avbryt","language.confirm.yes":"Endring.","config.10.1":"v\u00e6re verdt","storage.label.none":"Ingen data","language.confirm":"Vil du endre spr\u00e5ket du bruker til %s ?","config.10":"Endre fargen p\u00e5 setninger som allerede er lest","storage.title.load":"laste","config.5":"Auto modus hastighet","config.7.all":"alle","config.8":"Hopp over fortsettelsen etter valg","config.9.1":"v\u00e6re verdt","common.dialog.btn.yes":"OK","config.tab.system":"system","extra.cg.dialog.page":"%d / %d","common.dialog.message.save.yes":"lagre","common.dialog.message.load.yes":"laste","common.dialog.message.save":"Vil du lagre den?","config.7.read":"skrivebeskyttet","config.3":"STEMME","config.9.0":"lokal","config.reset.confirm.yes":"Initialiser.","talk.quickload.confirm":"Vil du starte p\u00e5 nytt fra en lagret scene?","config.tab.sound":"LYD","talk.quicksave.message":"Du har reddet spillet. Du kan fortsette fra gjeldende scene.","config.4":"tegnets visningshastighet","config.reset.confirm":"Vil du initialisere innstillingene?","common.dialog.message.download":"Laster ned.","title.translate.notallowed":"Initialiser spr\u00e5kinnstillingene fordi de n\u00f8dvendige filene mangler.","storage.date.none":"----/-/--:-","common.dialog.btn.cancel":"avbrudd","language.error.2":"Du har ikke tilgang til serveren.","config.7":"hoppe -modus","language.error.1":"Serveren er under vedlikehold.","config.9":"Fortsettelse av automatisk modus etter valg","common.dialog.message.title":"Vil du g\u00e5 tilbake til tittelskjermen?","extra.scene.confirm.yes":"Sette i gang.","common.dialog.message.load":"Vil du laste?","common.dialog.message.title.yes":"Til tittelen","config.2":"SE","config.8.1":"v\u00e6re verdt","title.translate.failed":"Initialiser spr\u00e5kinnstillingene fordi nedlastingen mislyktes.","common.dialog.message.exit":"Vil du avslutte spillet?","language.error.255":"Serveren er utilgjengelig."},"/ui/common/config/btn_sound.ui":{"rootdata":{"2":"lyd"}},"/ui/common/ui/btn_title.ui":{"rootdata":{"2":"tittel"}},"/ui/720p/storage/storage.ui":{"rootdata":{"1":"Lagre"}},"/ui/common/storage/datum.ui":{"rootdata":{"3":{"1":"Ingen data"}}},"/ui/720p/config/config.ui":{"rootdata":{"1":"system"}},"/ui/common/title/btn_language.ui":{"rootdata":{"0":"Spr\u00e5k"}}}