{"/ui/1080p/talk/log.ui":{"rootdata":{"0":{"1":"BackLog"}}},"/ui/common/config/btn_reset.ui":{"rootdata":{"2":"Resettate"}},"/ui/1080p/extra/scenepage.ui":{"rootdata":{"0":{"0":"scena"}}},"/img/1080p/bg/ED0003_a.ui":{"rootdata":{"0":{"5":"Kanon Rapipaka","3":"Mekabu Shinonome","4":"Oni MAYUGE","10":"Yui","2":"Tsukimachi Usagi","7":"arp","8":"Minami no Tenjino","6":"Koyo Urami","1":"Remake Staff","9":"Majin Hachimitsu"}}},"/img/720p/bg/ED0000_a.ui":{"rootdata":{"0":{"1":"Idea originale, Black Swan, \"Amane Switch\""}}},"/ui/1080p/config/config.ui":{"rootdata":{"1":"sistema"}},"/ui/common/title/btn_continue.ui":{"rootdata":{"0":"Cuntinu\u00e0"}},"/img/1080p/bg/ED0007_a.ui":{"rootdata":{"0":{"1":"fin"}}},"/ui/common/ui/btn_exit.ui":{"rootdata":{"2":"sorte"}},"character":{"1st_grade":"studiente di primu annu","cat":"cat","female_student2":"Studiente femina 2","police_officer":"pulizzeru","friend":"amicu","doctor":"medicu","teacher":"prufessore (aula)","amane":"Amane","female":"donna","amane_with_mother":"Mamma. Amane","pe_teacher":"prufessore d'educazione fisica","director":"capu di un club (di scola)","theater_tirector":"capu di u dipartimentu di dramma","School_principal":"principale","theater_member":"membru di una truppa teatrale","police_officer2":"Ufficiali di pulizza 2","nurse":"infermiera registrata","yukika":"Yukika","teacher1":"Insegnante 1","hospital_officials":"persunale di l'uspidale","soccer_member":"club di calcio","store_manager":"capimachja","3rd_grade":"studiente di terzu annu","unknown":"Ch\u00ec?","wet_woman":"Moglie bagnata","police_officer3":"Ufficiali di pulizza 3.","4heroines":"Yoko & Izumi & Shizuku & Yukika","female_student":"studiente femina","Students":"studienti","literary_club_Director":"capu di u dipartimentu litterariu","part_time_job":"byte","youko":"Yoko","male":"genere maschile","children":"zitellu","youhei":"Yohei","Audiovisual_committee":"membru di u cumitatu di privazione sensoriale","male_student":"studiente maschile","izumi":"Izumi","child":"i zitelli","male_student2":"Studiente maschile 2","hospital_officials2":"U persunale di l'uspidale 2","police_officer1":"Agente di Polizia 1","classmate":"cumpagnu di scola","member2":"Membru 2.","athletics_member":"membru di u club di atletica","male_student1":"Studiente maschile 1","resident":"residente","homeroom_teacher":"prufessore di aula","father":"babbu","police_officer4":"Ufficiali di pulizza 4.","literary_club_member":"un membru literariu di u persunale","customer":"cliente","softball_member":"dipartimentu di u software","baseball_member":"club di baseball (vale \u00e0 d\u00ec squadra di baseball di una universit\u00e0, corporazione, ecc.)","male_student3":"Studiente maschile 3","news_caster":"caster","teacher4":"Maestru Quattru.","shizuku":"Shizuku","vice-president":"vicepresidentu (di un club o urganizazione, urganizazione)","member1":"Membru 1","teacher3":"Maestru Tre.","shinzi":"Shinji","sales_clerk":"scrivanu","female_student1":"Studiente femminile 1","mother":"mamma","father_in_law":"soceru","hospital_officials1":"Personale di l'ospedale 1","member3":"Membru 3.","teacher2":"Maestru 2"},"/ui/720p/extra/cgpage.ui":{"rootdata":{"0":{"0":"CG"}}},"/ui/1080p/extra/routepage.ui":{"rootdata":{"0":{"0":"scena"}}},"scene":{"34":{"hidden":"END5","name":"END 'A malatia ch\u00ec \u00f9n p\u00f2 micca esse guarita'"},"29":{"hidden":"END3","name":"END \"pluviu di novu"},"27":{"hidden":"25","name":"A mo surella preferita."},"8":{"hidden":"08","name":"Vita quotidiana di perversione"},"6":{"hidden":"06","name":"Rilazione c\u00f9 Amane"},"15":{"hidden":"15","name":"H\u00e8 divertente."},"5":{"hidden":"05","name":"invitu"},"23":{"hidden":"END1","name":"END \"Ame Furi"},"35":{"hidden":"END6","name":"END \"A fine di a corsa: ......"},"11":{"hidden":"11","name":"Ci\u00f2 ch\u00ec credu in ..."},"26":{"hidden":"END2","name":"END \"Lacrime di Pioggia"},"36":{"hidden":"Secret Secret","name":"FINIT\u00c0 \"New Call Rain\"."},"16":{"hidden":"16","name":"Allora s\u00f2 l'unicu ch\u00ec h\u00e8 pazzu?"},"25":{"hidden":"24","name":"pioggia falendu in un mumentu di tristezza"},"4":{"hidden":"04","name":"amicu"},"22":{"hidden":"22","name":"sciddicamentu di a lingua"},"12":{"hidden":"12","name":"attu di barbarie"},"18":{"hidden":"18","name":"A petra ch\u00ec h\u00e0 cuminciatu \u00e0 rotul\u00e0."},"21":{"hidden":"21","name":"Interruttore Amane"},"1":{"hidden":"01","name":"U novu studiente ..."},"0":{"hidden":"00","name":"Amane"},"7":{"hidden":"07","name":"essendu pienu di buchi"},"17":{"hidden":"17","name":"scelta"},"32":{"hidden":"28","name":"ricunniscenza di u dirittu di prupriet\u00e0 fundiaria (da u shogunatu, un signore feudale, ecc.)"},"24":{"hidden":"23","name":"Pensava \u00e0 t\u00e8."},"9":{"hidden":"09","name":"ruota dentata"},"19":{"hidden":"19","name":"Cumu h\u00e8 accadutu?"},"30":{"hidden":"27","name":"vulint\u00e0 liberu"},"10":{"hidden":"10","name":"assassinu"},"14":{"hidden":"14","name":"pace temporale di mente"},"3":{"hidden":"03","name":"Amane \u00e8 pioggia"},"31":{"hidden":"END4","name":"END \"A fine di l'assaltu: ......"},"2":{"hidden":"02","name":"Tempu felice"},"28":{"hidden":"26","name":"custituzione (fisica)"},"13":{"hidden":"13","name":"Av\u00e0 simu inseme."},"33":{"hidden":"29","name":"decente"},"20":{"hidden":"20","name":"stonde ch\u00ec morenu"}},"/img/720p/bg/ED0006_a.ui":{"rootdata":{"0":{"1":"pruduzzione","2":"Ride On Works, Inc."}}},"/ui/720p/extra/soundpage.ui":{"rootdata":{"0":{"0":"sonu"}}},"/ui/common/title/btn_start.ui":{"rootdata":{"0":"principi\u00e0"}},"/img/720p/bg/ED0007_a.ui":{"rootdata":{"0":{"1":"fin"}}},"/img/1080p/bg/ED0002_a.ui":{"rootdata":{"0":{"1":"pruduce","2":"Pengin","3":"Ryusei"}}},"/ui/common/ui/btn_back.ui":{"rootdata":{"2":"daretu"}},"/ui/common/title/btn_load.ui":{"rootdata":{"0":"carica"}},"/ui/720p/language/language.ui":{"rootdata":{"1":"Lingua"}},"/ui/common/extra/achieve.ui":{"rootdata":{"1":"tassu di riescita"}},"/ui/720p/talk/log.ui":{"rootdata":{"0":{"1":"BackLog"}}},"/img/1080p/bg/ED0000_a.ui":{"rootdata":{"0":{"1":"Idea originale, Black Swan, \"Amane Switch\""}}},"/img/720p/bg/ED0004_a.ui":{"rootdata":{"0":{"1":"pruduzzione cumpleta","2":"Bushi"}}},"/ui/720p/extra/scenepage.ui":{"rootdata":{"0":{"0":"scena"}}},"/ui/1080p/extra/soundpage.ui":{"rootdata":{"0":{"0":"sonu"}}},"/img/1080p/bg/ED0004_a.ui":{"rootdata":{"0":{"1":"pruduzzione cumpleta","2":"Bushi"}}},"/ui/common/extra/btn_thumbnail.ui":{"rootdata":{"0":{"1":"NoData"}}},"/ui/common/title/btn_config.ui":{"rootdata":{"0":"Cunfigurazione"}},"/img/720p/bg/ED0002_a.ui":{"rootdata":{"0":{"1":"pruduce","2":"Pengin","3":"Ryusei"}}},"/img/1080p/bg/ED0005_a.ui":{"rootdata":{"0":{"1":"cuuperazione pruduzzione","2":"Cyber Step Corporation"}}},"/img/720p/bg/ED0005_a.ui":{"rootdata":{"0":{"1":"cuuperazione pruduzzione","2":"Cyber Step Corporation"}}},"/ui/common/extra/btn_cg.ui":{"rootdata":{"2":"CG"}},"/ui/1080p/language/language.ui":{"rootdata":{"1":"Lingua"}},"/ui/common/config/btn_system.ui":{"rootdata":{"2":"sistema"}},"/ui/1080p/storage/storage.ui":{"rootdata":{"1":"Salv\u00e0"}},"/img/1080p/bg/ED0006_a.ui":{"rootdata":{"0":{"1":"pruduzzione","2":"Ride On Works, Inc."}}},"/ui/720p/extra/routepage.ui":{"rootdata":{"0":{"0":"scena"}}},"bgm":{"insecurity":{"label":"malincunia"},"eye1":{"label":"puddling away"},"h1":{"label":"ondulazione"},"rain":{"label":"ventu fretu"},"sys":{"label":"Quiet Lake"},"eye2":{"label":"celu nuvolatu (meteo)"},"sir":{"label":"addisperu"},"op":{"label":"Amane"},"ed":{"label":"Fusi in u celu largu"},"healing":{"label":"toccu u core (di una persona)"},"danger":{"label":"esse avvicinatu"},"h2":{"label":"lacrime"}},"/ui/common/extra/btn_sound.ui":{"rootdata":{"2":"sonu"}},"/ui/1080p/extra/cgpage.ui":{"rootdata":{"0":{"0":"CG"}}},"/img/1080p/bg/ED0001_a.ui":{"rootdata":{"0":{"5":"Shizuku Kizaki:. Uki Nashiki","6":"Yukika Mizushima:. Mei Oshiro","3":"Yoko Minegishi:. Ari Sayama","4":"Izumi Kizaki:. Nemea Iori (Campus Stellar Cycle)","1":"cast","2":"Amane Satonaka:. Kyoko Kuramochi (Campus Stellar Cycle)"}}},"/ui/common/title/btn_extra.ui":{"rootdata":{"0":"Extra"}},"/img/720p/bg/ED0003_a.ui":{"rootdata":{"0":{"5":"Kanon Rapipaka","3":"Mekabu Shinonome","4":"Oni MAYUGE","10":"Yui","2":"Tsukimachi Usagi","7":"arp","8":"Minami no Tenjino","6":"Koyo Urami","1":"Remake Staff","9":"Majin Hachimitsu"}}},"/ui/common/extra/btn_scene.ui":{"rootdata":{"2":"scena"}},"/img/720p/bg/ED0001_a.ui":{"rootdata":{"0":{"5":"Shizuku Kizaki:. Uki Nashiki","6":"Yukika Mizushima:. Mei Oshiro","3":"Yoko Minegishi:. Ari Sayama","4":"Izumi Kizaki:. Nemea Iori (Campus Stellar Cycle)","1":"cast","2":"Amane Satonaka:. Kyoko Kuramochi (Campus Stellar Cycle)"}}},"dict":{"title.translate.cancaled":"U scaricamentu h\u00e8 statu interruttu \u00e8 i par\u00e0metri di lingua s\u00f2 inizializati.","talk.quickload.confirm.yes":"Ripigliemu.","title.continue.confirm.yes":"Ripigliemu.","config.10.0":"lucale","storage.title.save":"Salv\u00e0","language.restart":"Ritorna \u00e0 a pantalla di u t\u00ectulu.","config.6":"trasparenza di a finestra di u messagiu","title.continue.confirm":"Vulete ricuminci\u00e0 da una scena salvata?","title.continue.nodata":"\u00d9n ci h\u00e8 micca dati di salvezza.","storage.date":"Data:","config.1":"musica di fondu","config.8.0":"lucale","extra.scene.confirm":"Vulete principi\u00e0 c\u00f9 sta scena?","title.translate.confirm.yes":"scaricare","title.translate.confirm":"Scaricate i fugliali d'aghjurnamentu necessarii per inizi\u00e0 u ghjocu \u00e0 %s .","common.dialog.message.exit.yes":"Esci.","common.dialog.btn.no":"annul\u00e0","language.confirm.yes":"Cambia.","config.10.1":"vale a pena","storage.label.none":"Nisun dati","language.confirm":"Vulete cambi\u00e0 a lingua ch\u00ec aduprate in %s ?","config.10":"Cambia u culore di e frasi digi\u00e0 lette","storage.title.load":"carica","config.5":"Velocit\u00e0 di modalit\u00e0 Auto","config.7.all":"tuttu","config.8":"Saltate a continuazione dopu a scelta","config.9.1":"vale a pena","common.dialog.btn.yes":"OK","config.tab.system":"sistema","extra.cg.dialog.page":"%d / %d","common.dialog.message.save.yes":"salv\u00e0","common.dialog.message.load.yes":"carica","common.dialog.message.save":"Vulete salv\u00e0?","config.7.read":"leghje solu","config.3":"VOCE","config.9.0":"lucale","config.reset.confirm.yes":"Inizializ\u00e0.","talk.quickload.confirm":"Vulete ricuminci\u00e0 da una scena salvata?","config.tab.sound":"SONU","talk.quicksave.message":"Avete salvatu u ghjocu. Pudete ripigli\u00e0 da a scena attuale.","config.4":"velocit\u00e0 di visualizazione di caratteri","config.reset.confirm":"Vulete inizializ\u00e0 i par\u00e0metri?","common.dialog.message.download":"Scaricamentu.","title.translate.notallowed":"Inizializ\u00e0 i par\u00e0metri di lingua perch\u00e8 mancanu i fugliali richiesti.","storage.date.none":"---- / - / - -: -","common.dialog.btn.cancel":"interruzzione","language.error.2":"\u00d9n site micca permessu di accede \u00e0 u servitore.","config.7":"salt\u00e0 u modu","language.error.1":"U servitore h\u00e8 in manutenzione.","config.9":"Continuazione di u modalit\u00e0 Auto dopu a selezzione","common.dialog.message.title":"Vulete vult\u00e0 \u00e0 u screnu di u tittulu?","extra.scene.confirm.yes":"Inizi\u00e0.","common.dialog.message.load":"Vulete caric\u00e0?","common.dialog.message.title.yes":"\u00c0 u tittulu","config.2":"SE","config.8.1":"vale a pena","title.translate.failed":"Initialiser les param\u00e8tres de langue parce que le t\u00e9l\u00e9chargement a \u00e9chou\u00e9.","common.dialog.message.exit":"Vulete abbandun\u00e0 u ghjocu?","language.error.255":"U servitore \u00f9n h\u00e8 micca dispunibile."},"/ui/common/config/btn_sound.ui":{"rootdata":{"2":"sonu"}},"/ui/common/ui/btn_title.ui":{"rootdata":{"2":"titulu"}},"/ui/720p/storage/storage.ui":{"rootdata":{"1":"Salv\u00e0"}},"/ui/common/storage/datum.ui":{"rootdata":{"3":{"1":"Nisun Datu"}}},"/ui/720p/config/config.ui":{"rootdata":{"1":"sistema"}},"/ui/common/title/btn_language.ui":{"rootdata":{"0":"Lingua"}}}