{"/ui/1080p/talk/log.ui":{"rootdata":{"0":{"1":"\u5f8c\u8a18"}}},"/ui/common/config/btn_reset.ui":{"rootdata":{"2":"\u5fa9\u4f4d"}},"/ui/1080p/extra/scenepage.ui":{"rootdata":{"0":{"0":"\u5834\u666f"}}},"/img/1080p/bg/ED0003_a.ui":{"rootdata":{"0":{"5":"\u30e9\u30d4\u30d1\u30ab\u304b\u306e\u3093","3":"\u6771\u96f2\u3081\u304b\u3076","4":"\u9b3cMAYUGE","10":"\u5915\u4f9d","2":"\u6708\u5f85\u514e","7":"arp","8":"\u30df\u30ca\u30df\u30ce\u30c6\u30f3\u30b8\u30f3\u30aa\u30fc","6":"\u6d66\u898b\u7d05\u8449","1":"\u91cd\u65b0\u88fd\u4f5c\u7684\u5de5\u4f5c\u4eba\u54e1","9":"\u306f\u3061\u307f\u3064\u9b54\u4eba"}}},"/img/720p/bg/ED0000_a.ui":{"rootdata":{"0":{"1":"\u9ed1\u9ce5\u7684\u539f\u59cb\u60f3\u6cd5\""}}},"/ui/1080p/config/config.ui":{"rootdata":{"1":"\u7cfb\u7d71"}},"/ui/common/title/btn_continue.ui":{"rootdata":{"0":"\u7e7c\u7e8c"}},"/img/1080p/bg/ED0007_a.ui":{"rootdata":{"0":{"1":"\u82ac\u862d"}}},"/ui/common/ui/btn_exit.ui":{"rootdata":{"2":"\u9000\u51fa"}},"character":{"1st_grade":"\u4e00\u5e74\u7d1a\u5b78\u751f","cat":"\u8c93\u54aa","female_student2":"\u5973\u5b78\u751f2","police_officer":"\u8b66\u52d9\u4eba\u54e1","friend":"\u670b\u53cb\u5011","doctor":"\u91ab\u751f","teacher":"\u6559\u5e2b","amane":"\u96e8\u97f3","female":"\u5a66\u5973","amane_with_mother":"\u6bcd\u89aa\u548c","pe_teacher":"\u9ad4\u80b2\u6559\u5e2b","director":"\u90e8\u9580\u4e3b\u7ba1","theater_tirector":"\u5287\u9662\u8ca0\u8cac\u4eba","School_principal":"\u8ca0\u8cac\u4eba","theater_member":"\u6232\u5287\u4ff1\u6a02\u90e8\u6210\u54e1","police_officer2":"\u8b66\u5b982","nurse":"\u8b77\u58eb","yukika":"\u96ea\u83ef","teacher1":"\u6559\u5e2b1","hospital_officials":"\u91ab\u9662\u5de5\u4f5c\u4eba\u54e1","soccer_member":"\u8db3\u7403\u4ff1\u6a02\u90e8","store_manager":"\u5546\u5e97\u7d93\u7406","3rd_grade":"\u7b2c3\u5e74","unknown":"\u5b83\u662f\u4ec0\u9ebc\uff1f","wet_woman":"\u4e00\u500b\u6fd5\u900f\u4e86\u7684\u5973\u4eba","police_officer3":"\u8b66\u5bdf3","4heroines":"\u967d\u5b50","female_student":"\u5973\u5b78\u751f","Students":"\u5b78\u751f\u5011","literary_club_Director":"\u6587\u5b78\u90e8\u4e3b\u4efb","part_time_job":"\u5b57\u7bc0","youko":"\u967d\u5b50","male":"\u7537\u6027","children":"\u5152\u7ae5","youhei":"\u6d0b\u5e73","Audiovisual_committee":"\u8996\u807d\u59d4\u54e1\u6703","male_student":"\u7537\u5b78\u751f","izumi":"\u6cc9","child":"\u5152\u7ae5","male_student2":"\u7537\u5b78\u751f2","hospital_officials2":"\u91ab\u9662\u5de5\u4f5c\u4eba\u54e12","police_officer1":"\u8b66\u5b981","classmate":"\u540c\u5b78\u5011","member2":"\u4ff1\u6a02\u90e8\u6210\u54e12","athletics_member":"\u7af6\u6280\u9ad4\u80b2","male_student1":"\u7537\u5b78\u751f1","resident":"\u5c45\u6c11","homeroom_teacher":"\u73ed\u4e3b\u4efb","father":"\u7236\u89aa","police_officer4":"\u8b66\u5bdf4","literary_club_member":"\u6587\u5b78\u4ff1\u6a02\u90e8\u6210\u54e1","customer":"\u4f86\u8cd3","softball_member":"\u8edf\u9ad4\u90e8\u5206","baseball_member":"\u68d2\u7403\u4ff1\u6a02\u90e8","male_student3":"\u7537\u5b78\u751f3","news_caster":"\u8173\u8f2a","teacher4":"\u6559\u5e2b4","shizuku":"\u96eb","vice-president":"\u526f\u7e3d\u88c1","member1":"\u4ff1\u6a02\u90e8\u6210\u54e11","teacher3":"\u6559\u5e2b3","shinzi":"\u614e\u4e8c","sales_clerk":"\u5e97\u54e1","female_student1":"\u5973\u5b78\u751f1","mother":"\u6bcd\u89aa","father_in_law":"\u5cb3\u7236","hospital_officials1":"\u91ab\u9662\u5de5\u4f5c\u4eba\u54e11","member3":"\u4ff1\u6a02\u90e8\u6210\u54e13","teacher2":"\u6559\u5e2b2"},"/ui/720p/extra/cgpage.ui":{"rootdata":{"0":{"0":"CG"}}},"/ui/1080p/extra/routepage.ui":{"rootdata":{"0":{"0":"\u5834\u666f"}}},"scene":{"34":{"hidden":"END5","name":"\u7d50\u675f\"\u7121\u6cd5\u6cbb\u7652\u7684\u75be\u75c5"},"29":{"hidden":"END3","name":"\u7d50\u675f\"\u53c8\u4e0b\u96e8\u4e86"},"27":{"hidden":"25","name":"\u6211\u6700\u611b\u7684\u59b9\u59b9"},"8":{"hidden":"08","name":"\u65e5\u5e38\u751f\u6d3b\u4e2d\u7684\u8b8a\u614b\u884c\u70ba"},"6":{"hidden":"06","name":"\u8207"},"15":{"hidden":"15","name":"\u9019\u5f88\u760b\u72c2\u3002"},"5":{"hidden":"05","name":"\u9080\u8acb\u51fd"},"23":{"hidden":"END1","name":"\u7d50\u675f\"Ame Furi\"\u3002"},"35":{"hidden":"END6","name":"\u7d50\u675f\"\u904b\u884c\u7684\u7d50\u675f\uff1a......"},"11":{"hidden":"11","name":"\u6211\u5011\u6240\u76f8\u4fe1\u7684..."},"26":{"hidden":"END2","name":"\u7d50\u675f\"\u96e8\u7684\u773c\u6dda"},"36":{"hidden":"\u79d8\u5bc6\u7d50\u675f","name":"\u7d50\u675f\"\u65b0\u7684\u96fb\u8a71\u96e8"},"16":{"hidden":"16","name":"\u662f\u4e0d\u662f\u53ea\u6709\u6211\u4e00\u500b\u4eba\u760b\u4e86\uff1f"},"25":{"hidden":"24","name":"\u6dda\u6c34\u548c\u96e8\u6c34"},"4":{"hidden":"04","name":"\u4f60\u7684\u670b\u53cb"},"22":{"hidden":"22","name":"\u932f\u5831"},"12":{"hidden":"12","name":"\u91ce\u883b"},"18":{"hidden":"18","name":"\u958b\u59cb\u6efe\u52d5\u7684\u77f3\u982d"},"21":{"hidden":"21","name":"\u96e8\u97f3"},"1":{"hidden":"01","name":"\u8f49\u5b78\u7684\u5b78\u751f..."},"0":{"hidden":"00","name":"\u96e8\u97f3"},"7":{"hidden":"07","name":"\u6f0f\u6d1e\u767e\u51fa"},"17":{"hidden":"17","name":"\u9078\u64c7"},"32":{"hidden":"28","name":"\u6551\u6fdf"},"24":{"hidden":"23","name":"\u6211\u5728\u60f3\u4f60\u3002"},"9":{"hidden":"09","name":"\u9f52\u8f2a"},"19":{"hidden":"19","name":"\u9019\u600e\u9ebc\u6703\u767c\u751f\u5462\uff1f"},"30":{"hidden":"27","name":"\u81ea\u7531\u610f\u5fd7"},"10":{"hidden":"10","name":"\u523a\u5ba2"},"14":{"hidden":"14","name":"\u66ab\u6642\u7684\u5fc3\u5b89\u7406\u5f97"},"3":{"hidden":"03","name":"\u96e8\u97f3"},"31":{"hidden":"END4","name":"END '\u5728\u653b\u64ca\u7d50\u675f\u6642\uff1a......'"},"2":{"hidden":"02","name":"\u5feb\u6a02\u6642\u5149"},"28":{"hidden":"26","name":"\u61b2\u6cd5"},"13":{"hidden":"13","name":"\u5728\u6b64\uff0c\u6211\u5011\u4e00\u8d77"},"33":{"hidden":"29","name":"\u99ac\u6258\u83ab"},"20":{"hidden":"20","name":"\u6700\u5f8c\u4e00\u6b21"}},"/img/720p/bg/ED0006_a.ui":{"rootdata":{"0":{"1":"\u751f\u7522","2":"\u99b3\u9a01\u5de5\u7a0b\u6709\u9650\u516c\u53f8"}}},"/ui/720p/extra/soundpage.ui":{"rootdata":{"0":{"0":"\u8072\u97f3"}}},"/ui/common/title/btn_start.ui":{"rootdata":{"0":"\u958b\u59cb"}},"/img/720p/bg/ED0007_a.ui":{"rootdata":{"0":{"1":"\u82ac\u862d"}}},"/img/1080p/bg/ED0002_a.ui":{"rootdata":{"0":{"1":"\u7522\u91cf","2":"\u7b46\u9280","3":"\u6d41\u661f"}}},"/ui/common/ui/btn_back.ui":{"rootdata":{"2":"\u6eaf\u6e90"}},"/ui/common/title/btn_load.ui":{"rootdata":{"0":"\u8ca0\u8f09"}},"/ui/720p/language/language.ui":{"rootdata":{"1":"\u8a9e\u8a00"}},"/ui/common/extra/achieve.ui":{"rootdata":{"1":"\u6210\u7e3e\u7387"}},"/ui/720p/talk/log.ui":{"rootdata":{"0":{"1":"\u5f8c\u8a18"}}},"/img/1080p/bg/ED0000_a.ui":{"rootdata":{"0":{"1":"\u9ed1\u9ce5\u7684\u539f\u59cb\u60f3\u6cd5\""}}},"/img/720p/bg/ED0004_a.ui":{"rootdata":{"0":{"1":"\u7d9c\u5408\u751f\u7522","2":"\u6b66\u58eb"}}},"/ui/720p/extra/scenepage.ui":{"rootdata":{"0":{"0":"\u5834\u666f"}}},"/ui/1080p/extra/soundpage.ui":{"rootdata":{"0":{"0":"\u8072\u97f3"}}},"/img/1080p/bg/ED0004_a.ui":{"rootdata":{"0":{"1":"\u7d9c\u5408\u751f\u7522","2":"\u6b66\u58eb"}}},"/ui/common/extra/btn_thumbnail.ui":{"rootdata":{"0":{"1":"\u62d2\u7d55\u6578\u64da"}}},"/ui/common/title/btn_config.ui":{"rootdata":{"0":"\u914d\u7f6e"}},"/img/720p/bg/ED0002_a.ui":{"rootdata":{"0":{"1":"\u7522\u91cf","2":"\u7b46\u9280","3":"\u6d41\u661f"}}},"/img/1080p/bg/ED0005_a.ui":{"rootdata":{"0":{"1":"\u751f\u7522\u5408\u4f5c","2":"\u8a0a\u98db\u516c\u53f8"}}},"/img/720p/bg/ED0005_a.ui":{"rootdata":{"0":{"1":"\u751f\u7522\u5408\u4f5c","2":"\u8a0a\u98db\u516c\u53f8"}}},"/ui/common/extra/btn_cg.ui":{"rootdata":{"2":"CG"}},"/ui/1080p/language/language.ui":{"rootdata":{"1":"\u8a9e\u8a00"}},"/ui/common/config/btn_system.ui":{"rootdata":{"2":"\u7cfb\u7d71"}},"/ui/1080p/storage/storage.ui":{"rootdata":{"1":"\u62ef\u6551"}},"/img/1080p/bg/ED0006_a.ui":{"rootdata":{"0":{"1":"\u751f\u7522","2":"\u99b3\u9a01\u5de5\u7a0b\u6709\u9650\u516c\u53f8"}}},"/ui/720p/extra/routepage.ui":{"rootdata":{"0":{"0":"\u5834\u666f"}}},"bgm":{"insecurity":{"label":"\u611f\u50b7"},"eye1":{"label":"\u6c34\u5751\u4e2d\u7684\u6c34\u5751"},"h1":{"label":"\u6f23\u6f2a"},"rain":{"label":"\u5bd2\u51b7\u7684\u98a8"},"sys":{"label":"\u5b89\u975c\u7684\u6e56\u9762"},"eye2":{"label":"\u591a\u96f2\u7684\u5929\u7a7a"},"sir":{"label":"\u7d55\u671b"},"op":{"label":"\u96e8\u97f3"},"ed":{"label":"\u878d\u5316\u5728\u5ee3\u95ca\u7684\u5929\u7a7a\u4e2d"},"healing":{"label":"\u89f8\u6478\u4f60\u7684\u5fc3"},"danger":{"label":"\u8d70\u8fd1"},"h2":{"label":"\u6dda\u6c34"}},"/ui/common/extra/btn_sound.ui":{"rootdata":{"2":"\u8072\u97f3"}},"/ui/1080p/extra/cgpage.ui":{"rootdata":{"0":{"0":"CG"}}},"/img/1080p/bg/ED0001_a.ui":{"rootdata":{"0":{"5":"\u6728\u5d0e\u96eb","6":"\u6c34\u5cf6\u96ea\u83ef","3":"\u5cf0\u5cb8\u967d\u5b50","4":"\u6728\u5d0e","1":"\u9444\u4ef6","2":"\u91cc\u4e2d\u96e8\u97f3"}}},"/ui/common/title/btn_extra.ui":{"rootdata":{"0":"\u984d\u5916\u7684"}},"/img/720p/bg/ED0003_a.ui":{"rootdata":{"0":{"5":"\u30e9\u30d4\u30d1\u30ab\u304b\u306e\u3093","3":"\u6771\u96f2\u3081\u304b\u3076","4":"\u9b3cMAYUGE","10":"\u5915\u4f9d","2":"\u6708\u5f85\u514e","7":"arp","8":"\u30df\u30ca\u30df\u30ce\u30c6\u30f3\u30b8\u30f3\u30aa\u30fc","6":"\u6d66\u898b\u7d05\u8449","1":"\u91cd\u65b0\u88fd\u4f5c\u7684\u5de5\u4f5c\u4eba\u54e1","9":"\u306f\u3061\u307f\u3064\u9b54\u4eba"}}},"/ui/common/extra/btn_scene.ui":{"rootdata":{"2":"\u5834\u666f"}},"/img/720p/bg/ED0001_a.ui":{"rootdata":{"0":{"5":"\u6728\u5d0e\u96eb","6":"\u6c34\u5cf6\u96ea\u83ef","3":"\u5cf0\u5cb8\u967d\u5b50","4":"\u6728\u5d0e","1":"\u9444\u4ef6","2":"\u91cc\u4e2d\u96e8\u97f3"}}},"dict":{"title.translate.cancaled":"\u4e0b\u8f09\u5df2\u88ab\u4e2d\u65b7\uff0c\u8a9e\u8a00\u8a2d\u7f6e\u5c07\u88ab\u521d\u59cb\u5316\u3002","talk.quickload.confirm.yes":"\u7c21\u6b77","title.continue.confirm.yes":"\u7c21\u6b77","config.10.0":"\u6211\u4e0d","storage.title.save":"\u62ef\u6551","language.restart":"\u8fd4\u56de\u5230\u6a19\u984c\u5c4f\u5e55\u3002","config.6":"\u4fe1\u606f\u7a97\u53e3\u7684\u900f\u660e\u5ea6","title.continue.confirm":"\u4f60\u60f3\u5f9e\u4fdd\u5b58\u7684\u5834\u666f\u4e2d\u91cd\u65b0\u958b\u59cb\u55ce\uff1f","title.continue.nodata":"\u6c92\u6709\u4fdd\u5b58\u6578\u64da\u3002","storage.date":"\u65e5\u671f:","config.1":"BGM","config.8.0":"\u6211\u4e0d","extra.scene.confirm":"\u4f60\u60f3\u5f9e\u9019\u500b\u5834\u666f\u958b\u59cb\u55ce\uff1f","title.translate.confirm.yes":"\u4e0b\u8f09","title.translate.confirm":"\u4e0b\u8f09\u4f60\u9700\u8981\u7684\u66f4\u65b0\u6587\u4ef6\uff0c\u4ee5\u555f\u52d5\u904a\u6232\uff0c%s\u3002","common.dialog.message.exit.yes":"\u9000\u51fa","common.dialog.btn.no":"\u53d6\u6d88","language.confirm.yes":"\u8b8a\u5316","config.10.1":"\u505a","storage.label.none":"\u6c92\u6709\u6578\u64da","language.confirm":"\u4f60\u60f3\u6539\u8b8a\u4f7f\u7528\u7684\u8a9e\u8a00\u55ce\uff1f%s\uff1f","config.10":"\u6539\u8b8a\u5df2\u8b80\u6587\u672c\u7684\u984f\u8272","storage.title.load":"\u8ca0\u8f09","config.5":"\u81ea\u52d5\u6a21\u5f0f\u901f\u5ea6","config.7.all":"\u5168\u90e8","config.8":"\u9078\u64c7\u5f8c\u8df3\u904e\u7e7c\u7e8c\u9032\u884c","config.9.1":"\u505a","common.dialog.btn.yes":"\u8a8d\u53ef","config.tab.system":"\u7cfb\u7d71","extra.cg.dialog.page":"%d / %d","common.dialog.message.save.yes":"\u7bc0\u7701","common.dialog.message.load.yes":"\u8def","common.dialog.message.save":"\u4f60\u60f3\u62ef\u6551\u5b83\u55ce\uff1f","config.7.read":"\u53ea\u8b80","config.3":"\u55d3\u97f3","config.9.0":"\u6211\u4e0d","config.reset.confirm.yes":"\u521d\u59cb\u5316","talk.quickload.confirm":"\u4f60\u60f3\u5f9e\u4fdd\u5b58\u7684\u5834\u666f\u4e2d\u91cd\u65b0\u958b\u59cb\u55ce\uff1f","config.tab.sound":"\u8072\u97ff","talk.quicksave.message":"\u4f60\u5df2\u7d93\u62ef\u6551\u4e86\u904a\u6232\u3002\u4f60\u53ef\u4ee5\u5f9e\u7576\u524d\u5834\u666f\u6062\u5fa9\u3002","config.4":"\u5b57\u7b26\u986f\u793a\u901f\u5ea6","config.reset.confirm":"\u4f60\u60f3\u521d\u59cb\u5316\u4f60\u7684\u8a2d\u7f6e\u55ce\uff1f","common.dialog.message.download":"\u4f60\u6b63\u5728\u4e0b\u8f09\u3002","title.translate.notallowed":"\u521d\u59cb\u5316\u8a9e\u8a00\u8a2d\u7f6e\uff0c\u56e0\u70ba\u7f3a\u5c11\u6240\u9700\u6587\u4ef6\u3002","storage.date.none":"----/--/------:--","common.dialog.btn.cancel":"\u4e2d\u65b7","language.error.2":"\u4f60\u4e0d\u88ab\u5141\u8a31\u8a2a\u554f\u670d\u52d9\u5668\u3002","config.7":"\u8df3\u904e\u6a21\u5f0f","language.error.1":"\u670d\u52d9\u5668\u6b63\u5728\u7dad\u8b77\u4e2d\u3002","config.9":"\u9078\u64c7\u5f8c\u81ea\u52d5\u6a21\u5f0f\u5ef6\u7e8c","common.dialog.message.title":"\u4f60\u60f3\u56de\u5230\u6a19\u984c\u5c4f\u5e55\u55ce\uff1f","extra.scene.confirm.yes":"\u958b\u59cb","common.dialog.message.load":"\u4f60\u60f3\u88dd\u55ce\uff1f","common.dialog.message.title.yes":"\u5c0d\u6a19\u984c","config.2":"\u01de\u01de\u01de","config.8.1":"\u505a","title.translate.failed":"\u4e0b\u8f09\u5df2\u7d93\u5931\u6557\uff0c\u8a9e\u8a00\u8a2d\u7f6e\u5c07\u88ab\u521d\u59cb\u5316\u3002","common.dialog.message.exit":"\u4f60\u60f3\u9000\u51fa\u904a\u6232\u55ce\uff1f","language.error.255":"\u8a72\u670d\u52d9\u5668\u4e0d\u53ef\u7528\u3002"},"/ui/common/config/btn_sound.ui":{"rootdata":{"2":"\u8072\u97f3"}},"/ui/common/ui/btn_title.ui":{"rootdata":{"2":"\u6a19\u984c"}},"/ui/720p/storage/storage.ui":{"rootdata":{"1":"\u62ef\u6551"}},"/ui/common/storage/datum.ui":{"rootdata":{"3":{"1":"\u7121\u6578\u64da"}}},"/ui/720p/config/config.ui":{"rootdata":{"1":"\u7cfb\u7d71"}},"/ui/common/title/btn_language.ui":{"rootdata":{"0":"\u8a9e\u8a00"}}}