{"/ui/1080p/talk/log.ui":{"rootdata":{"0":{"1":"BackLog"}}},"/ui/common/config/btn_reset.ui":{"rootdata":{"2":"Reset"}},"/ui/1080p/extra/scenepage.ui":{"rootdata":{"0":{"0":"sc\u00e8ne"}}},"/img/1080p/bg/ED0003_a.ui":{"rootdata":{"0":{"5":"Kanon Rapipaka","3":"Mekabu Shinonome","4":"Oni MAYUGE","10":"Yui","2":"Tsukimachi Usagi","7":"arp","8":"Minami no Tenjino","6":"Koyo Urami","1":"Remake Personeel","9":"Majin Hachimitsu"}}},"/img/720p/bg/ED0000_a.ui":{"rootdata":{"0":{"1":"Origineel idee, Black Swan, \"Amane Switch\""}}},"/ui/1080p/config/config.ui":{"rootdata":{"1":"systeem"}},"/ui/common/title/btn_continue.ui":{"rootdata":{"0":"Ga door"}},"/img/1080p/bg/ED0007_a.ui":{"rootdata":{"0":{"1":"vin"}}},"/ui/common/ui/btn_exit.ui":{"rootdata":{"2":"exit"}},"character":{"1st_grade":"eerstejaarsstudent","cat":"kat","female_student2":"Vrouwelijke student 2","police_officer":"politieagent","friend":"vriend","doctor":"arts","teacher":"leraar (klas)","amane":"Amane","female":"vrouw","amane_with_mother":"Moeder. Amane","pe_teacher":"leraar lichamelijke opvoeding","director":"hoofd van een (school) club","theater_tirector":"hoofd van de drama-afdeling","School_principal":"opdrachtgever","theater_member":"lid van een theatergezelschap","police_officer2":"Politieagent 2","nurse":"gediplomeerd verpleger","yukika":"Yukika","teacher1":"Leraar 1","hospital_officials":"ziekenhuispersoneel","soccer_member":"voetbalclub","store_manager":"winkelmanager","3rd_grade":"derdejaars student","unknown":"Wat?","wet_woman":"Drijfnatte vrouw","police_officer3":"Politieagent 3.","4heroines":"Yoko & Izumi & Shizuku & Yukika","female_student":"studente","Students":"studenten","literary_club_Director":"hoofd van de literaire afdeling","part_time_job":"byte","youko":"Yoko","male":"mannelijk geslacht","children":"kind","youhei":"Yohei","Audiovisual_committee":"Zintuiglijke ontbering comit\u00e9 lid","male_student":"mannelijke student","izumi":"Izumi","child":"kinderen","male_student2":"Mannelijke student 2","hospital_officials2":"Ziekenhuispersoneel 2","police_officer1":"Politieagent 1","classmate":"klasgenoot","member2":"Lid 2.","athletics_member":"baan en veld club lid","male_student1":"Mannelijke student 1","resident":"inwoner","homeroom_teacher":"huiskamer leraar","father":"vader","police_officer4":"Politieagent 4.","literary_club_member":"een literair lid van het personeel","customer":"klant","softball_member":"softwareafdeling","baseball_member":"honkbalclub (d.w.z. honkbalteam van een universiteit, bedrijf, enz.)","male_student3":"Mannelijke student 3","news_caster":"zwenkwiel","teacher4":"Leraar Vier.","shizuku":"Shizuku","vice-president":"vice-voorzitter (van een club of organisatie, organisatie)","member1":"Lid 1","teacher3":"Leraar Drie.","shinzi":"Shinji","sales_clerk":"griffier","female_student1":"Vrouwelijke student 1","mother":"moeder","father_in_law":"schoonvader","hospital_officials1":"Ziekenhuispersoneel 1","member3":"Lid 3.","teacher2":"Leraar 2"},"/ui/720p/extra/cgpage.ui":{"rootdata":{"0":{"0":"CG"}}},"/ui/1080p/extra/routepage.ui":{"rootdata":{"0":{"0":"sc\u00e8ne"}}},"scene":{"34":{"hidden":"EINDE5","name":"EINDE \"De ziekte die niet te genezen is"},"29":{"hidden":"EINDE 3","name":"END \"rainy again"},"27":{"hidden":"25","name":"Mijn favoriete zus."},"8":{"hidden":"08","name":"Dagelijks leven van perversie"},"6":{"hidden":"06","name":"Relatie tot Amane"},"15":{"hidden":"15","name":"Het is grappig."},"5":{"hidden":"05","name":"uitnodiging"},"23":{"hidden":"EINDE1","name":"EINDE \"Ame Furi"},"35":{"hidden":"EINDE 6","name":"EINDE \"The End of the Run: ......"},"11":{"hidden":"11","name":"Waar ik in geloof..."},"26":{"hidden":"EINDE 2","name":"EINDE \"Tranen van Regen"},"36":{"hidden":"Geheim EINDE","name":"END \"New Call Rain\"."},"16":{"hidden":"16","name":"Dus ik ben de enige die gek is?"},"25":{"hidden":"24","name":"regen die valt op een moment van droefenis"},"4":{"hidden":"04","name":"vriend"},"22":{"hidden":"22","name":"verspreking"},"12":{"hidden":"12","name":"daad van barbaarsheid"},"18":{"hidden":"18","name":"De steen die begon te rollen."},"21":{"hidden":"21","name":"Amane schakelaar"},"1":{"hidden":"01","name":"De nieuwe student..."},"0":{"hidden":"00","name":"Amane"},"7":{"hidden":"07","name":"vol gaten zitten"},"17":{"hidden":"17","name":"keuze"},"32":{"hidden":"28","name":"erkenning van het recht op grondbezit (door het shogunaat, een feodale heer, enz.)"},"24":{"hidden":"23","name":"Ik dacht aan jou."},"9":{"hidden":"09","name":"tandwiel"},"19":{"hidden":"19","name":"Hoe heeft dit kunnen gebeuren?"},"30":{"hidden":"27","name":"vrije wil"},"10":{"hidden":"10","name":"assassin"},"14":{"hidden":"14","name":"tijdelijke gemoedsrust"},"3":{"hidden":"03","name":"Amane en de regen"},"31":{"hidden":"EINDE 4","name":"END \"The End of Assault: ......"},"2":{"hidden":"02","name":"Happy time"},"28":{"hidden":"26","name":"constitutie (fysiek)"},"13":{"hidden":"13","name":"Nu zijn we samen."},"33":{"hidden":"29","name":"fatsoenlijk"},"20":{"hidden":"20","name":"Stervende momenten"}},"/img/720p/bg/ED0006_a.ui":{"rootdata":{"0":{"1":"productie","2":"Ride On Works, Inc."}}},"/ui/720p/extra/soundpage.ui":{"rootdata":{"0":{"0":"geluid"}}},"/ui/common/title/btn_start.ui":{"rootdata":{"0":"start"}},"/img/720p/bg/ED0007_a.ui":{"rootdata":{"0":{"1":"vin"}}},"/img/1080p/bg/ED0002_a.ui":{"rootdata":{"0":{"1":"produceren","2":"Pengin","3":"Ryusei"}}},"/ui/common/ui/btn_back.ui":{"rootdata":{"2":"terug"}},"/ui/common/title/btn_load.ui":{"rootdata":{"0":"laden"}},"/ui/720p/language/language.ui":{"rootdata":{"1":"Taal"}},"/ui/common/extra/achieve.ui":{"rootdata":{"1":"mate van verwezenlijking"}},"/ui/720p/talk/log.ui":{"rootdata":{"0":{"1":"BackLog"}}},"/img/1080p/bg/ED0000_a.ui":{"rootdata":{"0":{"1":"Origineel idee, Black Swan, \"Amane Switch\""}}},"/img/720p/bg/ED0004_a.ui":{"rootdata":{"0":{"1":"uitgebreide productie","2":"Bushi"}}},"/ui/720p/extra/scenepage.ui":{"rootdata":{"0":{"0":"sc\u00e8ne"}}},"/ui/1080p/extra/soundpage.ui":{"rootdata":{"0":{"0":"geluid"}}},"/img/1080p/bg/ED0004_a.ui":{"rootdata":{"0":{"1":"uitgebreide productie","2":"Bushi"}}},"/ui/common/extra/btn_thumbnail.ui":{"rootdata":{"0":{"1":"NoData"}}},"/ui/common/title/btn_config.ui":{"rootdata":{"0":"Config"}},"/img/720p/bg/ED0002_a.ui":{"rootdata":{"0":{"1":"produceren","2":"Pengin","3":"Ryusei"}}},"/img/1080p/bg/ED0005_a.ui":{"rootdata":{"0":{"1":"productiesamenwerking","2":"Cyber Step Corporation"}}},"/img/720p/bg/ED0005_a.ui":{"rootdata":{"0":{"1":"productiesamenwerking","2":"Cyber Step Corporation"}}},"/ui/common/extra/btn_cg.ui":{"rootdata":{"2":"CG"}},"/ui/1080p/language/language.ui":{"rootdata":{"1":"Taal"}},"/ui/common/config/btn_system.ui":{"rootdata":{"2":"systeem"}},"/ui/1080p/storage/storage.ui":{"rootdata":{"1":"Save"}},"/img/1080p/bg/ED0006_a.ui":{"rootdata":{"0":{"1":"productie","2":"Ride On Works, Inc."}}},"/ui/720p/extra/routepage.ui":{"rootdata":{"0":{"0":"sc\u00e8ne"}}},"bgm":{"insecurity":{"label":"melancholie"},"eye1":{"label":"plassen weg"},"h1":{"label":"rimpeling"},"rain":{"label":"koude wind"},"sys":{"label":"Rustig meer"},"eye2":{"label":"bewolkte hemel (weer)"},"sir":{"label":"wanhoop"},"op":{"label":"Amane"},"ed":{"label":"Smelt in de wijde hemel"},"healing":{"label":"iemands hart aanraken"},"danger":{"label":"naderen"},"h2":{"label":"tranen"}},"/ui/common/extra/btn_sound.ui":{"rootdata":{"2":"geluid"}},"/ui/1080p/extra/cgpage.ui":{"rootdata":{"0":{"0":"CG"}}},"/img/1080p/bg/ED0001_a.ui":{"rootdata":{"0":{"5":"Shizuku Kizaki :. Uki Nashiki","6":"Yukika Mizushima :. Mei Oshiro","3":"Yoko Minegishi :. Ari Sayama","4":"Izumi Kizaki :. Nemea Iori (Stellar Cycle Campus)","1":"gegoten","2":"Amane Satonaka :. Kyoko Kuramochi (Stellar Cycle Campus)"}}},"/ui/common/title/btn_extra.ui":{"rootdata":{"0":"Extra"}},"/img/720p/bg/ED0003_a.ui":{"rootdata":{"0":{"5":"Kanon Rapipaka","3":"Mekabu Shinonome","4":"Oni MAYUGE","10":"Yui","2":"Tsukimachi Usagi","7":"arp","8":"Minami no Tenjino","6":"Koyo Urami","1":"Remake Personeel","9":"Majin Hachimitsu"}}},"/ui/common/extra/btn_scene.ui":{"rootdata":{"2":"sc\u00e8ne"}},"/img/720p/bg/ED0001_a.ui":{"rootdata":{"0":{"5":"Shizuku Kizaki :. Uki Nashiki","6":"Yukika Mizushima :. Mei Oshiro","3":"Yoko Minegishi :. Ari Sayama","4":"Izumi Kizaki :. Nemea Iori (Stellar Cycle Campus)","1":"gegoten","2":"Amane Satonaka :. Kyoko Kuramochi (Stellar Cycle Campus)"}}},"dict":{"title.translate.cancaled":"De download is onderbroken en de taalinstellingen worden ge\u00efnitialiseerd.","talk.quickload.confirm.yes":"We gaan verder.","title.continue.confirm.yes":"We gaan verder.","config.10.0":"lokaal","storage.title.save":"Save","language.restart":"Keer terug naar het titelscherm.","config.6":"doorzichtigheid berichtvenster","title.continue.confirm":"Wilt u opnieuw beginnen vanuit een opgeslagen sc\u00e8ne?","title.continue.nodata":"Er zijn geen gegevens opgeslagen.","storage.date":"Datum :","config.1":"achtergrondmuziek","config.8.0":"lokaal","extra.scene.confirm":"Wil je met deze sc\u00e8ne beginnen?","title.translate.confirm.yes":"download","title.translate.confirm":"Download de update bestanden die nodig zijn om het spel te starten op %s.","common.dialog.message.exit.yes":"Ga weg.","common.dialog.btn.no":"annuleren","language.confirm.yes":"Verander.","config.10.1":"de moeite waard zijn","storage.label.none":"Geen gegevens","language.confirm":"Wilt u de taal die u gebruikt veranderen in %s?","config.10":"Verander de kleur van reeds gelezen zinnen","storage.title.load":"laden","config.5":"Automatische modus snelheid","config.7.all":"alle","config.8":"Voortzetting overslaan na keuze","config.9.1":"de moeite waard zijn","common.dialog.btn.yes":"OK","config.tab.system":"systeem","extra.cg.dialog.page":"%d / %d","common.dialog.message.save.yes":"save","common.dialog.message.load.yes":"laden","common.dialog.message.save":"Wil je het redden?","config.7.read":"alleen lezen","config.3":"STEM","config.9.0":"lokaal","config.reset.confirm.yes":"Initialiseren.","talk.quickload.confirm":"Wilt u opnieuw beginnen vanuit een opgeslagen sc\u00e8ne?","config.tab.sound":"GELUID","talk.quicksave.message":"U heeft het spel opgeslagen.\nU kunt verdergaan vanuit de huidige sc\u00e8ne.","config.4":"snelheid karakterweergave","config.reset.confirm":"Wilt u de instellingen initialiseren?","common.dialog.message.download":"Downloaden.","title.translate.notallowed":"Initialiseer de taalinstellingen omdat de vereiste bestanden ontbreken.","storage.date.none":"----/--/-- --:--","common.dialog.btn.cancel":"onderbreking","language.error.2":"U heeft geen toegang tot de server.","config.7":"skip-modus","language.error.1":"De server is in onderhoud.","config.9":"Auto modus voortzetting na selectie","common.dialog.message.title":"Wilt u terugkeren naar het titelscherm?","extra.scene.confirm.yes":"Initieer.","common.dialog.message.load":"Wil je laden?","common.dialog.message.title.yes":"Naar de titel","config.2":"SE","config.8.1":"de moeite waard zijn","title.translate.failed":"Initialiseer de taalinstellingen omdat de download is mislukt.","common.dialog.message.exit":"Wil je stoppen met het spel?","language.error.255":"De server is niet beschikbaar."},"/ui/common/config/btn_sound.ui":{"rootdata":{"2":"geluid"}},"/ui/common/ui/btn_title.ui":{"rootdata":{"2":"titel"}},"/ui/720p/storage/storage.ui":{"rootdata":{"1":"Save"}},"/ui/common/storage/datum.ui":{"rootdata":{"3":{"1":"Geen gegevens"}}},"/ui/720p/config/config.ui":{"rootdata":{"1":"systeem"}},"/ui/common/title/btn_language.ui":{"rootdata":{"0":"Taal"}}}