{"/ui/1080p/talk/log.ui":{"rootdata":{"0":{"1":"BackLog"}}},"/ui/common/config/btn_reset.ui":{"rootdata":{"2":"Weka upya"}},"/ui/1080p/extra/scenepage.ui":{"rootdata":{"0":{"0":"eneo"}}},"/img/1080p/bg/ED0003_a.ui":{"rootdata":{"0":{"5":"Kanon Rapika","3":"Mekabu Shinonome","4":"Oni MAYUGE","10":"Yui","2":"Tsukimachi Usagi","7":"arp","8":"Minami no Tenjino","6":"Koyo Urami","1":"Remake Wafanyakazi","9":"Majin Hachimitsu"}}},"/img/720p/bg/ED0000_a.ui":{"rootdata":{"0":{"1":"Wazo la asili, Black Swan, \"Amane Switch\""}}},"/ui/1080p/config/config.ui":{"rootdata":{"1":"mfumo"}},"/ui/common/title/btn_continue.ui":{"rootdata":{"0":"Endelea"}},"/img/1080p/bg/ED0007_a.ui":{"rootdata":{"0":{"1":"mwisho"}}},"/ui/common/ui/btn_exit.ui":{"rootdata":{"2":"Utg\u00e5ng"}},"character":{"1st_grade":"mwanafunzi wa mwaka wa kwanza","cat":"paka","female_student2":"Mwanafunzi wa kike 2","police_officer":"polisi","friend":"rafiki","doctor":"daktari","teacher":"mwalimu (darasani)","amane":"Amane","female":"mwanamke","amane_with_mother":"Mama. Amane","pe_teacher":"mwalimu wa elimu ya mwili","director":"mkuu wa klabu (shule).","theater_tirector":"mkuu wa idara ya maigizo","School_principal":"mkuu","theater_member":"mwanachama wa kikundi cha maonyesho","police_officer2":"Afisa wa polisi 2","nurse":"muuguzi aliyesajiliwa","yukika":"Yukika","teacher1":"Mwalimu 1","hospital_officials":"wafanyakazi wa hospitali","soccer_member":"klabu ya soka","store_manager":"meneja wa duka","3rd_grade":"mwanafunzi wa mwaka wa tatu","unknown":"Nini?","wet_woman":"Kulowa mwanamke mvua","police_officer3":"Afisa wa polisi 3.","4heroines":"Yoko & Izumi & Shizuku & Yukika","female_student":"mwanafunzi wa kike","Students":"wanafunzi","literary_club_Director":"mkuu wa idara ya fasihi","part_time_job":"kwaheri","youko":"Yoko","male":"jinsia ya kiume","children":"mtoto","youhei":"Yohei","Audiovisual_committee":"mjumbe wa kamati ya kunyimwa hisia","male_student":"mwanafunzi wa kiume","izumi":"Izumi","child":"watoto","male_student2":"Mwanafunzi wa kiume 2","hospital_officials2":"Wafanyakazi wa hospitali 2","police_officer1":"Afisa wa polisi 1","classmate":"mwanafunzi mwenzangu","member2":"Mjumbe 2.","athletics_member":"mwanachama wa klabu ya kufuatilia na shamba","male_student1":"Mwanafunzi wa kiume 1","resident":"mkazi","homeroom_teacher":"mwalimu wa nyumbani","father":"baba","police_officer4":"Afisa wa polisi 4.","literary_club_member":"mfanyikazi wa fasihi","customer":"mteja","softball_member":"idara ya programu","baseball_member":"klabu ya besiboli (yaani timu ya besiboli ya chuo kikuu, shirika, n.k.)","male_student3":"Mwanafunzi wa kiume 3","news_caster":"caster","teacher4":"Mwalimu Nne.","shizuku":"Shizuku","vice-president":"makamu wa rais (wa klabu au shirika, shirika)","member1":"Mwanachama 1","teacher3":"Mwalimu Tatu.","shinzi":"Shinji","sales_clerk":"karani","female_student1":"Mwanafunzi wa kike 1","mother":"mama","father_in_law":"baba mkwe","hospital_officials1":"Wafanyakazi wa hospitali 1","member3":"Mjumbe 3.","teacher2":"Mwalimu 2"},"/ui/720p/extra/cgpage.ui":{"rootdata":{"0":{"0":"CG"}}},"/ui/1080p/extra/routepage.ui":{"rootdata":{"0":{"0":"eneo"}}},"scene":{"34":{"hidden":"MWISHO5","name":"MALIZA 'Ugonjwa ambao hauwezi kuponywa'"},"29":{"hidden":"MWISHO3","name":"MWISHO \"mvua tena"},"27":{"hidden":"25","name":"Dada yangu kipenzi."},"8":{"hidden":"08","name":"Maisha ya kila siku ya upotovu"},"6":{"hidden":"06","name":"Uhusiano na Amane"},"15":{"hidden":"15","name":"Inachekesha."},"5":{"hidden":"05","name":"mwaliko"},"23":{"hidden":"MWISHO1","name":"MWISHO \"Ame Furi"},"35":{"hidden":"MWISHO6","name":"MWISHO \"Mwisho wa Mbio: ......"},"11":{"hidden":"11","name":"Ninachoamini..."},"26":{"hidden":"MWISHO2","name":"MWISHO \"Machozi ya Mvua"},"36":{"hidden":"Siri MWISHO","name":"MALIZA \"Mvua Mpya ya Simu\"."},"16":{"hidden":"16","name":"Kwa hiyo mimi pekee ndiye nina wazimu?"},"25":{"hidden":"24","name":"mvua kunyesha wakati wa huzuni"},"4":{"hidden":"04","name":"rafiki"},"22":{"hidden":"22","name":"mtelezo wa ulimi"},"12":{"hidden":"12","name":"kitendo cha kishenzi"},"18":{"hidden":"18","name":"Jiwe lililoanza kubingirika."},"21":{"hidden":"21","name":"Kubadilisha Amane"},"1":{"hidden":"01","name":"Mwanafunzi mpya..."},"0":{"hidden":"00","name":"Amane"},"7":{"hidden":"07","name":"akiwa amejaa mashimo"},"17":{"hidden":"17","name":"chaguo"},"32":{"hidden":"28","name":"utambuzi wa haki ya umiliki wa ardhi (na shogunate, bwana mkuu, nk)"},"24":{"hidden":"23","name":"Nilikuwa nakuwazia."},"9":{"hidden":"09","name":"gurudumu la cog"},"19":{"hidden":"19","name":"Hii ilitokeaje?"},"30":{"hidden":"27","name":"hiari"},"10":{"hidden":"10","name":"muuaji"},"14":{"hidden":"14","name":"amani ya akili ya muda"},"3":{"hidden":"03","name":"Amane na mvua"},"31":{"hidden":"MWISHO4","name":"MWISHO \"Mwisho wa Shambulio: ......"},"2":{"hidden":"02","name":"Wakati wa furaha"},"28":{"hidden":"26","name":"katiba (ya kimwili)"},"13":{"hidden":"13","name":"Sasa tuko pamoja."},"33":{"hidden":"29","name":"heshima"},"20":{"hidden":"20","name":"nyakati za kufa"}},"/img/720p/bg/ED0006_a.ui":{"rootdata":{"0":{"1":"uzalishaji","2":"Ride On Works, Inc."}}},"/ui/720p/extra/soundpage.ui":{"rootdata":{"0":{"0":"sauti"}}},"/ui/common/title/btn_start.ui":{"rootdata":{"0":"kuanza"}},"/img/720p/bg/ED0007_a.ui":{"rootdata":{"0":{"1":"mwisho"}}},"/img/1080p/bg/ED0002_a.ui":{"rootdata":{"0":{"1":"kuzalisha","2":"Pengi","3":"Ryusei"}}},"/ui/common/ui/btn_back.ui":{"rootdata":{"2":"nyuma"}},"/ui/common/title/btn_load.ui":{"rootdata":{"0":"mzigo"}},"/ui/720p/language/language.ui":{"rootdata":{"1":"Lugha"}},"/ui/common/extra/achieve.ui":{"rootdata":{"1":"kiwango cha mafanikio"}},"/ui/720p/talk/log.ui":{"rootdata":{"0":{"1":"BackLog"}}},"/img/1080p/bg/ED0000_a.ui":{"rootdata":{"0":{"1":"Wazo la asili, Black Swan, \"Amane Switch\""}}},"/img/720p/bg/ED0004_a.ui":{"rootdata":{"0":{"1":"uzalishaji wa kina","2":"Bush"}}},"/ui/720p/extra/scenepage.ui":{"rootdata":{"0":{"0":"eneo"}}},"/ui/1080p/extra/soundpage.ui":{"rootdata":{"0":{"0":"sauti"}}},"/img/1080p/bg/ED0004_a.ui":{"rootdata":{"0":{"1":"uzalishaji wa kina","2":"Bush"}}},"/ui/common/extra/btn_thumbnail.ui":{"rootdata":{"0":{"1":"HakunaData"}}},"/ui/common/title/btn_config.ui":{"rootdata":{"0":"Sanidi"}},"/img/720p/bg/ED0002_a.ui":{"rootdata":{"0":{"1":"kuzalisha","2":"Pengi","3":"Ryusei"}}},"/img/1080p/bg/ED0005_a.ui":{"rootdata":{"0":{"1":"ushirikiano wa uzalishaji","2":"Kampuni ya Cyber Step"}}},"/img/720p/bg/ED0005_a.ui":{"rootdata":{"0":{"1":"ushirikiano wa uzalishaji","2":"Shirika la Cyber Step"}}},"/ui/common/extra/btn_cg.ui":{"rootdata":{"2":"CG"}},"/ui/1080p/language/language.ui":{"rootdata":{"1":"Lugha"}},"/ui/common/config/btn_system.ui":{"rootdata":{"2":"mfumo"}},"/ui/1080p/storage/storage.ui":{"rootdata":{"1":"Hifadhi"}},"/img/1080p/bg/ED0006_a.ui":{"rootdata":{"0":{"1":"uzalishaji","2":"Ride On Works, Inc."}}},"/ui/720p/extra/routepage.ui":{"rootdata":{"0":{"0":"eneo"}}},"bgm":{"insecurity":{"label":"huzuni"},"eye1":{"label":"kuteleza mbali"},"h1":{"label":"ripple"},"rain":{"label":"upepo baridi"},"sys":{"label":"Ziwa tulivu"},"eye2":{"label":"anga ya mawingu (hali ya hewa)"},"sir":{"label":"kukata tamaa"},"op":{"label":"Amane"},"ed":{"label":"Kuyeyuka katika anga pana"},"healing":{"label":"gusa (mtu) moyo"},"danger":{"label":"kuwa inakaribia"},"h2":{"label":"machozi"}},"/ui/common/extra/btn_sound.ui":{"rootdata":{"2":"sauti"}},"/ui/1080p/extra/cgpage.ui":{"rootdata":{"0":{"0":"CG"}}},"/img/1080p/bg/ED0001_a.ui":{"rootdata":{"0":{"5":"Shizuku Kizaki :. Uki Nashiki","6":"Yukika Mizushima :. Mei Oshiro","3":"Yoko Minegishi :. Ari Sayama","4":"Izumi Kizaki :. Nemea Iori (Kampasi ya Mzunguko wa Nyota)","1":"kutupwa","2":"Amane Satonaka :. Kyoko Kuramochi (Kampasi ya Mzunguko wa Nyota)"}}},"/ui/common/title/btn_extra.ui":{"rootdata":{"0":"Ziada"}},"/img/720p/bg/ED0003_a.ui":{"rootdata":{"0":{"5":"Kanon Rapika","3":"Mekabu Shinonome","4":"Oni MAYUGE","10":"Yui","2":"Tsukimachi Usagi","7":"arp","8":"Minami no Tenjino","6":"Koyo Urami","1":"Remake Wafanyakazi","9":"Majin Hachimitsu"}}},"/ui/common/extra/btn_scene.ui":{"rootdata":{"2":"eneo"}},"/img/720p/bg/ED0001_a.ui":{"rootdata":{"0":{"5":"Shizuku Kizaki :. Uki Nashiki","6":"Yukika Mizushima :. Mei Oshiro","3":"Yoko Minegishi :. Ari Sayama","4":"Izumi Kizaki :. Nemea Iori (Kampasi ya Mzunguko wa Nyota)","1":"kutupwa","2":"Amane Satonaka :. Kyoko Kuramochi (Kampasi ya Mzunguko wa Nyota)"}}},"dict":{"title.translate.cancaled":"Upakuaji umekatizwa na mipangilio ya lugha imeanzishwa.","talk.quickload.confirm.yes":"Tutaendelea tena.","title.continue.confirm.yes":"Tutaendelea tena.","config.10.0":"mtaa","storage.title.save":"Hifadhi","language.restart":"Rudi kwenye skrini ya kichwa.","config.6":"uwazi wa dirisha la ujumbe","title.continue.confirm":"Je, ungependa kuwasha upya kutoka eneo lililohifadhiwa?","title.continue.nodata":"Hakuna data ya kuhifadhi.","storage.date":"Tarehe :","config.1":"muziki wa usuli","config.8.0":"mtaa","extra.scene.confirm":"Je, ungependa kuanza na tukio hili?","title.translate.confirm.yes":"pakua","title.translate.confirm":"Pakua faili za sasisho zinazohitajika ili kuanzisha mchezo katika %s .","common.dialog.message.exit.yes":"Utg\u00e5ng.","common.dialog.btn.no":"ghairi","language.confirm.yes":"Badilika.","config.10.1":"kuwa na thamani","storage.label.none":"Hakuna data","language.confirm":"Je, ungependa kubadilisha lugha unayotumia kuwa %s ?","config.10":"Badilisha rangi ya sentensi ambazo tayari zimesomwa","storage.title.load":"mzigo","config.5":"Kasi ya hali ya kiotomatiki","config.7.all":"zote","config.8":"Ruka mwendelezo baada ya chaguo","config.9.1":"kuwa na thamani","common.dialog.btn.yes":"sawa","config.tab.system":"mfumo","extra.cg.dialog.page":"%d / %d","common.dialog.message.save.yes":"kuokoa","common.dialog.message.load.yes":"mzigo","common.dialog.message.save":"Je, ungependa kuihifadhi?","config.7.read":"kusoma tu","config.3":"SAUTI","config.9.0":"mtaa","config.reset.confirm.yes":"Anzisha.","talk.quickload.confirm":"Je, ungependa kuwasha upya kutoka eneo lililohifadhiwa?","config.tab.sound":"SAUTI","talk.quicksave.message":"Umehifadhi mchezo. Unaweza kuendelea kutoka eneo la sasa.","config.4":"kasi ya kuonyesha tabia","config.reset.confirm":"Je, ungependa kuanzisha mipangilio?","common.dialog.message.download":"Inapakua.","title.translate.notallowed":"Anzisha mipangilio ya lugha kwa sababu faili zinazohitajika hazipo.","storage.date.none":"----/--/-- --:--","common.dialog.btn.cancel":"usumbufu","language.error.2":"Huruhusiwi kufikia seva.","config.7":"ruka hali","language.error.1":"Seva iko chini ya matengenezo.","config.9":"Muendelezo wa hali ya kiotomatiki baada ya uteuzi","common.dialog.message.title":"Je, ungependa kurudi kwenye skrini ya kichwa?","extra.scene.confirm.yes":"Anzisha.","common.dialog.message.load":"Je, ungependa kupakia?","common.dialog.message.title.yes":"Kwa kichwa","config.2":"SE","config.8.1":"kuwa na thamani","title.translate.failed":"Anzisha mipangilio ya lugha kwa sababu upakuaji haukufaulu.","common.dialog.message.exit":"Je, ungependa kuacha mchezo?","language.error.255":"Seva haipatikani."},"/ui/common/config/btn_sound.ui":{"rootdata":{"2":"sauti"}},"/ui/common/ui/btn_title.ui":{"rootdata":{"2":"kichwa"}},"/ui/720p/storage/storage.ui":{"rootdata":{"1":"Hifadhi"}},"/ui/common/storage/datum.ui":{"rootdata":{"3":{"1":"Hakuna Data"}}},"/ui/720p/config/config.ui":{"rootdata":{"1":"mfumo"}},"/ui/common/title/btn_language.ui":{"rootdata":{"0":"Lugha"}}}