{"/ui/1080p/talk/log.ui":{"rootdata":{"0":{"1":"\u540e\u8bb0"}}},"/ui/common/config/btn_reset.ui":{"rootdata":{"2":"\u590d\u4f4d"}},"/ui/1080p/extra/scenepage.ui":{"rootdata":{"0":{"0":"\u573a\u666f"}}},"/img/1080p/bg/ED0003_a.ui":{"rootdata":{"0":{"5":"\u30e9\u30d4\u30d1\u30ab\u304b\u306e\u3093","3":"\u6771\u96f2\u3081\u304b\u3076","4":"\u9b3cMAYUGE","10":"\u5915\u4f9d","2":"\u6708\u5f85\u514e","7":"arp","8":"\u30df\u30ca\u30df\u30ce\u30c6\u30f3\u30b8\u30f3\u30aa\u30fc","6":"\u6d66\u898b\u7d05\u8449","1":"\u91cd\u65b0\u5236\u4f5c\u7684\u5de5\u4f5c\u4eba\u5458","9":"\u306f\u3061\u307f\u3064\u9b54\u4eba"}}},"/img/720p/bg/ED0000_a.ui":{"rootdata":{"0":{"1":"\u9ed1\u9e1f\u7684\u539f\u59cb\u60f3\u6cd5 \" \u96e8\u97f3 switch\""}}},"/ui/1080p/config/config.ui":{"rootdata":{"1":"\u7cfb\u7edf"}},"/ui/common/title/btn_continue.ui":{"rootdata":{"0":"\u7ee7\u7eed"}},"/img/1080p/bg/ED0007_a.ui":{"rootdata":{"0":{"1":"\u82ac\u5170"}}},"/ui/common/ui/btn_exit.ui":{"rootdata":{"2":"\u9000\u51fa"}},"character":{"1st_grade":"\u4e00\u5e74\u7ea7\u5b66\u751f","cat":"\u732b\u54aa","female_student2":"\u5973\u5b66\u751f2","police_officer":"\u8b66\u52a1\u4eba\u5458","friend":"\u670b\u53cb\u4eec","doctor":"\u533b\u751f","teacher":"\u6559\u5e08","amane":"\u96e8\u97f3","female":"\u5987\u5973","amane_with_mother":"\u6bcd\u4eb2\u548c \u96e8\u97f3","pe_teacher":"\u4f53\u80b2\u6559\u5e08","director":"\u90e8\u95e8\u4e3b\u7ba1","theater_tirector":"\u5267\u9662\u8d1f\u8d23\u4eba","School_principal":"\u8d1f\u8d23\u4eba","theater_member":"\u620f\u5267\u4ff1\u4e50\u90e8\u6210\u5458","police_officer2":"\u8b66\u5b982","nurse":"\u62a4\u58eb","yukika":"\u96ea\u534e","teacher1":"\u6559\u5e081","hospital_officials":"\u533b\u9662\u5de5\u4f5c\u4eba\u5458","soccer_member":"\u8db3\u7403\u4ff1\u4e50\u90e8","store_manager":"\u5546\u5e97\u7ecf\u7406","3rd_grade":"\u7b2c3\u5e74","unknown":"\u5b83\u662f\u4ec0\u4e48\uff1f","wet_woman":"\u4e00\u4e2a\u6e7f\u900f\u4e86\u7684\u5973\u4eba","police_officer3":"\u8b66\u5bdf 3","4heroines":"\u9633\u5b50 & \u6cc9 & \u96eb & \u96ea\u534e","female_student":"\u5973\u5b66\u751f","Students":"\u5b66\u751f\u4eec","literary_club_Director":"\u6587\u5b66\u90e8\u4e3b\u4efb","part_time_job":"\u5b57\u8282","youko":"\u9633\u5b50","male":"\u7537\u6027","children":"\u513f\u7ae5","youhei":"\u6d0b\u5e73","Audiovisual_committee":"\u89c6\u542c\u59d4\u5458\u4f1a","male_student":"\u7537\u5b66\u751f","izumi":"\u6cc9","child":"\u513f\u7ae5","male_student2":"\u7537\u5b66\u751f2","hospital_officials2":"\u533b\u9662\u5de5\u4f5c\u4eba\u54582","police_officer1":"\u8b66\u5b981","classmate":"\u540c\u5b66\u4eec","member2":"\u4ff1\u4e50\u90e8\u6210\u54582","athletics_member":"\u7ade\u6280\u4f53\u80b2","male_student1":"\u7537\u5b66\u751f1","resident":"\u5c45\u6c11","homeroom_teacher":"\u73ed\u4e3b\u4efb","father":"\u7236\u4eb2","police_officer4":"\u8b66\u5bdf 4","literary_club_member":"\u6587\u5b66\u4ff1\u4e50\u90e8\u6210\u5458","customer":"\u6765\u5bbe","softball_member":"\u8f6f\u4f53\u90e8\u5206","baseball_member":"\u68d2\u7403\u4ff1\u4e50\u90e8","male_student3":"\u7537\u5b66\u751f 3","news_caster":"\u811a\u8f6e","teacher4":"\u6559\u5e084","shizuku":"\u96eb","vice-president":"\u526f\u603b\u88c1","member1":"\u4ff1\u4e50\u90e8\u6210\u54581","teacher3":"\u6559\u5e083","shinzi":"\u614e\u4e8c","sales_clerk":"\u5e97\u5458","female_student1":"\u5973\u5b66\u751f1","mother":"\u6bcd\u4eb2","father_in_law":"\u5cb3\u7236","hospital_officials1":"\u533b\u9662\u5de5\u4f5c\u4eba\u54581","member3":"\u4ff1\u4e50\u90e8\u6210\u5458 3","teacher2":"\u6559\u5e082"},"/ui/720p/extra/cgpage.ui":{"rootdata":{"0":{"0":"CG"}}},"/ui/1080p/extra/routepage.ui":{"rootdata":{"0":{"0":"\u573a\u666f"}}},"scene":{"34":{"hidden":"END5","name":"\u7ed3\u675f \"\u65e0\u6cd5\u6cbb\u6108\u7684\u75be\u75c5"},"29":{"hidden":"END3","name":"\u7ed3\u675f \"\u53c8\u4e0b\u96e8\u4e86"},"27":{"hidden":"25","name":"\u6211\u6700\u7231\u7684\u59b9\u59b9"},"8":{"hidden":"08","name":"\u65e5\u5e38\u751f\u6d3b\u4e2d\u7684\u53d8\u6001\u884c\u4e3a"},"6":{"hidden":"06","name":"\u4e0e \u96e8\u97f3 \u7684\u5173\u7cfb"},"15":{"hidden":"15","name":"\u8fd9\u5f88\u75af\u72c2\u3002"},"5":{"hidden":"05","name":"\u9080\u8bf7\u51fd"},"23":{"hidden":"END1","name":"\u7ed3\u675f \"Ame Furi\"\u3002"},"35":{"hidden":"END6","name":"\u7ed3\u675f \"\u8fd0\u884c\u7684\u7ed3\u675f\uff1a......"},"11":{"hidden":"11","name":"\u6211\u4eec\u6240\u76f8\u4fe1\u7684..."},"26":{"hidden":"END2","name":"\u7ed3\u675f \"\u96e8\u7684\u773c\u6cea"},"36":{"hidden":"\u79d8\u5bc6\u7ed3\u675f","name":"\u7ed3\u675f \"\u65b0\u7684\u7535\u8bdd\u96e8"},"16":{"hidden":"16","name":"\u662f\u4e0d\u662f\u53ea\u6709\u6211\u4e00\u4e2a\u4eba\u75af\u4e86\uff1f"},"25":{"hidden":"24","name":"\u6cea\u6c34\u548c\u96e8\u6c34"},"4":{"hidden":"04","name":"\u4f60\u7684\u670b\u53cb"},"22":{"hidden":"22","name":"\u9519\u62a5"},"12":{"hidden":"12","name":"\u91ce\u86ee"},"18":{"hidden":"18","name":"\u5f00\u59cb\u6eda\u52a8\u7684\u77f3\u5934"},"21":{"hidden":"21","name":"\u96e8\u97f3 \u5f00\u5173"},"1":{"hidden":"01","name":"\u8f6c\u5b66\u7684\u5b66\u751f..."},"0":{"hidden":"00","name":"\u96e8\u97f3"},"7":{"hidden":"07","name":"\u6f0f\u6d1e\u767e\u51fa"},"17":{"hidden":"17","name":"\u9009\u62e9"},"32":{"hidden":"28","name":"\u6551\u6d4e"},"24":{"hidden":"23","name":"\u6211\u5728\u60f3\u4f60\u3002"},"9":{"hidden":"09","name":"\u9f7f\u8f6e"},"19":{"hidden":"19","name":"\u8fd9\u600e\u4e48\u4f1a\u53d1\u751f\u5462\uff1f"},"30":{"hidden":"27","name":"\u81ea\u7531\u610f\u5fd7"},"10":{"hidden":"10","name":"\u523a\u5ba2"},"14":{"hidden":"14","name":"\u6682\u65f6\u7684\u5fc3\u5b89\u7406\u5f97"},"3":{"hidden":"03","name":"\u96e8\u97f3 \u548c\u96e8"},"31":{"hidden":"END4","name":"END '\u5728\u653b\u51fb\u7ed3\u675f\u65f6\uff1a......'"},"2":{"hidden":"02","name":"\u5feb\u4e50\u65f6\u5149"},"28":{"hidden":"26","name":"\u5baa\u6cd5"},"13":{"hidden":"13","name":"\u5728\u6b64\uff0c\u6211\u4eec\u4e00\u8d77"},"33":{"hidden":"29","name":"\u9a6c\u6258\u83ab"},"20":{"hidden":"20","name":"\u6700\u540e\u4e00\u6b21"}},"/img/720p/bg/ED0006_a.ui":{"rootdata":{"0":{"1":"\u751f\u4ea7","2":"\u9a70\u9a8b\u5de5\u7a0b\u6709\u9650\u516c\u53f8"}}},"/ui/720p/extra/soundpage.ui":{"rootdata":{"0":{"0":"\u58f0\u97f3"}}},"/ui/common/title/btn_start.ui":{"rootdata":{"0":"\u5f00\u59cb"}},"/img/720p/bg/ED0007_a.ui":{"rootdata":{"0":{"1":"\u82ac\u5170"}}},"/img/1080p/bg/ED0002_a.ui":{"rootdata":{"0":{"1":"\u4ea7\u91cf","2":"\u7b46\u9280","3":"\u6d41\u661f"}}},"/ui/common/ui/btn_back.ui":{"rootdata":{"2":"\u6eaf\u6e90"}},"/ui/common/title/btn_load.ui":{"rootdata":{"0":"\u8d1f\u8f7d"}},"/ui/720p/language/language.ui":{"rootdata":{"1":"\u8bed\u8a00"}},"/ui/common/extra/achieve.ui":{"rootdata":{"1":"\u6210\u7ee9\u7387"}},"/ui/720p/talk/log.ui":{"rootdata":{"0":{"1":"\u540e\u8bb0"}}},"/img/1080p/bg/ED0000_a.ui":{"rootdata":{"0":{"1":"\u9ed1\u9e1f\u7684\u539f\u59cb\u60f3\u6cd5 \" \u96e8\u97f3 switch\""}}},"/img/720p/bg/ED0004_a.ui":{"rootdata":{"0":{"1":"\u7efc\u5408\u751f\u4ea7","2":"\u6b66\u58eb"}}},"/ui/720p/extra/scenepage.ui":{"rootdata":{"0":{"0":"\u573a\u666f"}}},"/ui/1080p/extra/soundpage.ui":{"rootdata":{"0":{"0":"\u58f0\u97f3"}}},"/img/1080p/bg/ED0004_a.ui":{"rootdata":{"0":{"1":"\u7efc\u5408\u751f\u4ea7","2":"\u6b66\u58eb"}}},"/ui/common/extra/btn_thumbnail.ui":{"rootdata":{"0":{"1":"\u62d2\u7edd\u6570\u636e"}}},"/ui/common/title/btn_config.ui":{"rootdata":{"0":"\u914d\u7f6e"}},"/img/720p/bg/ED0002_a.ui":{"rootdata":{"0":{"1":"\u4ea7\u91cf","2":"\u7b46\u9280","3":"\u6d41\u661f"}}},"/img/1080p/bg/ED0005_a.ui":{"rootdata":{"0":{"1":"\u751f\u4ea7\u5408\u4f5c","2":"\u8baf\u98de\u516c\u53f8"}}},"/img/720p/bg/ED0005_a.ui":{"rootdata":{"0":{"1":"\u751f\u4ea7\u5408\u4f5c","2":"\u8baf\u98de\u516c\u53f8"}}},"/ui/common/extra/btn_cg.ui":{"rootdata":{"2":"CG"}},"/ui/1080p/language/language.ui":{"rootdata":{"1":"\u8bed\u8a00"}},"/ui/common/config/btn_system.ui":{"rootdata":{"2":"\u7cfb\u7edf"}},"/ui/1080p/storage/storage.ui":{"rootdata":{"1":"\u62ef\u6551"}},"/img/1080p/bg/ED0006_a.ui":{"rootdata":{"0":{"1":"\u751f\u4ea7","2":"\u9a70\u9a8b\u5de5\u7a0b\u6709\u9650\u516c\u53f8"}}},"/ui/720p/extra/routepage.ui":{"rootdata":{"0":{"0":"\u573a\u666f"}}},"bgm":{"insecurity":{"label":"\u611f\u4f24"},"eye1":{"label":"\u6c34\u5751\u4e2d\u7684\u6c34\u5751"},"h1":{"label":"\u6d9f\u6f2a"},"rain":{"label":"\u5bd2\u51b7\u7684\u98ce"},"sys":{"label":"\u5b89\u9759\u7684\u6e56\u9762"},"eye2":{"label":"\u591a\u4e91\u7684\u5929\u7a7a"},"sir":{"label":"\u7edd\u671b"},"op":{"label":"\u96e8\u97f3"},"ed":{"label":"\u878d\u5316\u5728\u5e7f\u9614\u7684\u5929\u7a7a\u4e2d"},"healing":{"label":"\u89e6\u6478\u4f60\u7684\u5fc3"},"danger":{"label":"\u8d70\u8fd1"},"h2":{"label":"\u6cea\u6c34"}},"/ui/common/extra/btn_sound.ui":{"rootdata":{"2":"\u58f0\u97f3"}},"/ui/1080p/extra/cgpage.ui":{"rootdata":{"0":{"0":"CG"}}},"/img/1080p/bg/ED0001_a.ui":{"rootdata":{"0":{"5":"\u6728\u5d0e\u3000\u96eb :. \u68a8\u6728\u6d6e","6":"\u6c34\u5c9b\u96ea\u534e :. \u5927\u57ce\u82bd\u552f","3":"\u5cf0\u5cb8\u9633\u5b50 :. \u5f69\u5c71\u4e9a\u91cc","4":"\u6728\u5d0e\u3000\u6cc9 :. \u4f0a\u7e54\u306d\u3081\u3042\uff08\u661f\u5de1\u5b66\u56ed\uff09","1":"\u94f8\u4ef6","2":"\u91cc\u4e2d\u96e8\u97f3 :. \u5009\u6301\u4eac\u5b50\uff08\u661f\u5de1\u5b66\u56ed\uff09"}}},"/ui/common/title/btn_extra.ui":{"rootdata":{"0":"\u989d\u5916\u7684"}},"/img/720p/bg/ED0003_a.ui":{"rootdata":{"0":{"5":"\u30e9\u30d4\u30d1\u30ab\u304b\u306e\u3093","3":"\u6771\u96f2\u3081\u304b\u3076","4":"\u9b3cMAYUGE","10":"\u5915\u4f9d","2":"\u6708\u5f85\u514e","7":"arp","8":"\u30df\u30ca\u30df\u30ce\u30c6\u30f3\u30b8\u30f3\u30aa\u30fc","6":"\u6d66\u898b\u7d05\u8449","1":"\u91cd\u65b0\u5236\u4f5c\u7684\u5de5\u4f5c\u4eba\u5458","9":"\u306f\u3061\u307f\u3064\u9b54\u4eba"}}},"/ui/common/extra/btn_scene.ui":{"rootdata":{"2":"\u573a\u666f"}},"/img/720p/bg/ED0001_a.ui":{"rootdata":{"0":{"5":"\u6728\u5d0e\u3000\u96eb :. \u68a8\u6728\u6d6e","6":"\u6c34\u5c9b\u96ea\u534e :. \u5927\u57ce\u82bd\u552f","3":"\u5cf0\u5cb8\u9633\u5b50 :. \u5f69\u5c71\u4e9a\u91cc","4":"\u6728\u5d0e\u3000\u6cc9 :. \u4f0a\u7e54\u306d\u3081\u3042\uff08\u661f\u5de1\u5b66\u56ed\uff09","1":"\u94f8\u4ef6","2":"\u91cc\u4e2d\u96e8\u97f3 :. \u5009\u6301\u4eac\u5b50\uff08\u661f\u5de1\u5b66\u56ed\uff09"}}},"dict":{"title.translate.cancaled":"\u4e0b\u8f7d\u5df2\u88ab\u4e2d\u65ad\uff0c\u8bed\u8a00\u8bbe\u7f6e\u5c06\u88ab\u521d\u59cb\u5316\u3002","talk.quickload.confirm.yes":"\u7b80\u5386","title.continue.confirm.yes":"\u7b80\u5386","config.10.0":"\u6211\u4e0d","storage.title.save":"\u62ef\u6551","language.restart":"\u8fd4\u56de\u5230\u6807\u9898\u5c4f\u5e55\u3002","config.6":"\u4fe1\u606f\u7a97\u53e3\u7684\u900f\u660e\u5ea6","title.continue.confirm":"\u4f60\u60f3\u4ece\u4fdd\u5b58\u7684\u573a\u666f\u4e2d\u91cd\u65b0\u5f00\u59cb\u5417\uff1f","title.continue.nodata":"\u6ca1\u6709\u4fdd\u5b58\u6570\u636e\u3002","storage.date":"\u65e5\u671f :","config.1":"BGM","config.8.0":"\u6211\u4e0d","extra.scene.confirm":"\u4f60\u60f3\u4ece\u8fd9\u4e2a\u573a\u666f\u5f00\u59cb\u5417\uff1f","title.translate.confirm.yes":"\u4e0b\u8f7d","title.translate.confirm":"\u4e0b\u8f7d\u4f60\u9700\u8981\u7684\u66f4\u65b0\u6587\u4ef6\uff0c\u4ee5\u542f\u52a8\u6e38\u620f\uff0c%s\u3002","common.dialog.message.exit.yes":"\u9000\u51fa","common.dialog.btn.no":"\u53d6\u6d88","language.confirm.yes":"\u53d8\u5316","config.10.1":"\u505a","storage.label.none":"\u6ca1\u6709\u6570\u636e","language.confirm":"\u4f60\u60f3\u6539\u53d8\u4f7f\u7528\u7684\u8bed\u8a00\u5417\uff1f%s\uff1f","config.10":"\u6539\u53d8\u5df2\u8bfb\u6587\u672c\u7684\u989c\u8272","storage.title.load":"\u8d1f\u8f7d","config.5":"\u81ea\u52a8\u6a21\u5f0f\u901f\u5ea6","config.7.all":"\u5168\u90e8","config.8":"\u9009\u62e9\u540e\u8df3\u8fc7\u7ee7\u7eed\u8fdb\u884c","config.9.1":"\u505a","common.dialog.btn.yes":"\u8ba4\u53ef","config.tab.system":"\u7cfb\u7edf","extra.cg.dialog.page":"%d / %d","common.dialog.message.save.yes":"\u8282\u7701","common.dialog.message.load.yes":"\u8def","common.dialog.message.save":"\u4f60\u60f3\u62ef\u6551\u5b83\u5417\uff1f","config.7.read":"\u53ea\u8bfb","config.3":"\u55d3\u97f3","config.9.0":"\u6211\u4e0d","config.reset.confirm.yes":"\u521d\u59cb\u5316","talk.quickload.confirm":"\u4f60\u60f3\u4ece\u4fdd\u5b58\u7684\u573a\u666f\u4e2d\u91cd\u65b0\u5f00\u59cb\u5417\uff1f","config.tab.sound":"\u58f0\u54cd","talk.quicksave.message":"\u4f60\u5df2\u7ecf\u62ef\u6551\u4e86\u6e38\u620f\u3002\n\u4f60\u53ef\u4ee5\u4ece\u5f53\u524d\u573a\u666f\u6062\u590d\u3002","config.4":"\u5b57\u7b26\u663e\u793a\u901f\u5ea6","config.reset.confirm":"\u4f60\u60f3\u521d\u59cb\u5316\u4f60\u7684\u8bbe\u7f6e\u5417\uff1f","common.dialog.message.download":"\u4f60\u6b63\u5728\u4e0b\u8f7d\u3002","title.translate.notallowed":"\u521d\u59cb\u5316\u8bed\u8a00\u8bbe\u7f6e\uff0c\u56e0\u4e3a\u7f3a\u5c11\u6240\u9700\u6587\u4ef6\u3002","storage.date.none":"----/--/------:--","common.dialog.btn.cancel":"\u4e2d\u65ad","language.error.2":"\u4f60\u4e0d\u88ab\u5141\u8bb8\u8bbf\u95ee\u670d\u52a1\u5668\u3002","config.7":"\u8df3\u8fc7\u6a21\u5f0f","language.error.1":"\u670d\u52a1\u5668\u6b63\u5728\u7ef4\u62a4\u4e2d\u3002","config.9":"\u9009\u62e9\u540e\u81ea\u52a8\u6a21\u5f0f\u5ef6\u7eed","common.dialog.message.title":"\u4f60\u60f3\u56de\u5230\u6807\u9898\u5c4f\u5e55\u5417\uff1f","extra.scene.confirm.yes":"\u5f00\u59cb","common.dialog.message.load":"\u4f60\u60f3\u88c5\u5417\uff1f","common.dialog.message.title.yes":"\u5bf9\u6807\u9898","config.2":"\u01de\u01de\u01de","config.8.1":"\u505a","title.translate.failed":"\u4e0b\u8f7d\u5df2\u7ecf\u5931\u8d25\uff0c\u8bed\u8a00\u8bbe\u7f6e\u5c06\u88ab\u521d\u59cb\u5316\u3002","common.dialog.message.exit":"\u4f60\u60f3\u9000\u51fa\u6e38\u620f\u5417\uff1f","language.error.255":"\u8be5\u670d\u52a1\u5668\u4e0d\u53ef\u7528\u3002"},"/ui/common/config/btn_sound.ui":{"rootdata":{"2":"\u58f0\u97f3"}},"/ui/common/ui/btn_title.ui":{"rootdata":{"2":"\u6807\u9898"}},"/ui/720p/storage/storage.ui":{"rootdata":{"1":"\u62ef\u6551"}},"/ui/common/storage/datum.ui":{"rootdata":{"3":{"1":"\u65e0\u6570\u636e"}}},"/ui/720p/config/config.ui":{"rootdata":{"1":"\u7cfb\u7edf"}},"/ui/common/title/btn_language.ui":{"rootdata":{"0":"\u8bed\u8a00"}}}