{"/ui/1080p/talk/log.ui":{"rootdata":{"0":{"1":"BackLog"}}},"/ui/common/config/btn_reset.ui":{"rootdata":{"2":"Athshocraigh"}},"/ui/1080p/extra/scenepage.ui":{"rootdata":{"0":{"0":"radharc"}}},"/img/1080p/bg/ED0003_a.ui":{"rootdata":{"0":{"5":"Kanon Rapipaka","3":"Mekabu Shinonome","4":"Oni MAYUGE","10":"Yui","2":"Tsukimachi Usagi","7":"arp","8":"Minami no Tenjino","6":"Koyo Urami","1":"Remake Foireann","9":"Majin Hachimitsu"}}},"/img/720p/bg/ED0000_a.ui":{"rootdata":{"0":{"1":"Smaoineamh bunaidh, Black Swan, \"Amane Switch\""}}},"/ui/1080p/config/config.ui":{"rootdata":{"1":"c\u00f3ras"}},"/ui/common/title/btn_continue.ui":{"rootdata":{"0":"Lean\u00faint ar aghaidh"}},"/img/1080p/bg/ED0007_a.ui":{"rootdata":{"0":{"1":"fin"}}},"/ui/common/ui/btn_exit.ui":{"rootdata":{"2":"an sl\u00ed amach"}},"character":{"1st_grade":"mac l\u00e9inn na ch\u00e9ad bhliana","cat":"cat","female_student2":"Mac l\u00e9inn baineann 2","police_officer":"p\u00f3il\u00edn","friend":"cara","doctor":"lia","teacher":"m\u00fainteoir (seomra ranga)","amane":"Amane","female":"bean","amane_with_mother":"M\u00e1thair. Amane","pe_teacher":"m\u00fainteoir corpoideachais","director":"ceann club (scoil)","theater_tirector":"ceann na roinne dr\u00e1ma\u00edochta","School_principal":"pr\u00edomhoide","theater_member":"ball de chom\u00f3rtas amharclainne","police_officer2":"Oifigeach P\u00f3il\u00edneachta 2","nurse":"altra cl\u00e1raithe","yukika":"Yukika","teacher1":"M\u00fainteoir 1","hospital_officials":"pearsanra ospid\u00e9il","soccer_member":"club sacair","store_manager":"bainisteoir siopa","3rd_grade":"mac l\u00e9inn tr\u00ed\u00fa bliana","unknown":"Cad?","wet_woman":"Soaking bean fliuch","police_officer3":"Oifigeach P\u00f3il\u00edn\u00ed 3.","4heroines":"Yoko & Izumi & Shizuku & Yukika","female_student":"mac l\u00e9inn baineann","Students":"daltai","literary_club_Director":"ceann na roinne liteartha","part_time_job":"beart","youko":"Yoko","male":"inscne firinscneach","children":"leanbh","youhei":"Yohei","Audiovisual_committee":"ball de choiste d\u00edothachta c\u00e9adfa\u00ed","male_student":"mac l\u00e9inn fireann","izumi":"Izumi","child":"clann","male_student2":"Mac l\u00e9inn fireann 2","hospital_officials2":"Pearsanra ospid\u00e9il 2","police_officer1":"Oifigeach P\u00f3il\u00edneachta 1","classmate":"rang","member2":"Ball 2.","athletics_member":"ball den chlub rian agus p\u00e1irce","male_student1":"Mac l\u00e9inn fireann 1","resident":"c\u00f3naitheoir","homeroom_teacher":"m\u00fainteoir homeroom","father":"athair","police_officer4":"Oifigeach P\u00f3il\u00edneachta 4.","literary_club_member":"ball liteartha den fhoireann","customer":"custaim\u00e9ir","softball_member":"roinn bogearra\u00ed","baseball_member":"club baseball (ie foireann baseball ollscoile, corpar\u00e1ide, srl.)","male_student3":"Mac l\u00e9inn fireann 3","news_caster":"caster","teacher4":"M\u00fainteoir a Ceathair.","shizuku":"Shizuku","vice-president":"leas-uachtar\u00e1n (club n\u00f3 eagra\u00edocht, eagra\u00edocht)","member1":"Ball 1","teacher3":"M\u00fainteoir a Tr\u00ed.","shinzi":"Shinji","sales_clerk":"cl\u00e9ireach","female_student1":"Mac l\u00e9inn baineann 1","mother":"M\u00e1thair","father_in_law":"athair c\u00e9ile","hospital_officials1":"Pearsanra ospid\u00e9il 1","member3":"Ball 3.","teacher2":"M\u00fainteoir 2"},"/ui/720p/extra/cgpage.ui":{"rootdata":{"0":{"0":"CG"}}},"/ui/1080p/extra/routepage.ui":{"rootdata":{"0":{"0":"radharc"}}},"scene":{"34":{"hidden":"END5","name":"DEIREADH 'An galar nach f\u00e9idir a leigheas'"},"29":{"hidden":"END3","name":"DEIREADH \"b\u00e1ist\u00ed ar\u00eds"},"27":{"hidden":"25","name":"An deirfi\u00far is fearr liom."},"8":{"hidden":"08","name":"Saol laeth\u00fail an chlaontachta"},"6":{"hidden":"06","name":"Gaol le Amane"},"15":{"hidden":"15","name":"T\u00e1 s\u00e9 greannmhar."},"5":{"hidden":"05","name":"cuireadh"},"23":{"hidden":"END1","name":"DEIREADH \"Ame Furi"},"35":{"hidden":"END6","name":"DEIREADH \"Deireadh an Rith: ......"},"11":{"hidden":"11","name":"Cad a chreidim i ..."},"26":{"hidden":"END2","name":"DEIREADH \"Deora B\u00e1ist\u00ed"},"36":{"hidden":"DEIREADH R\u00fanda","name":"DEIREADH \"B\u00e1isteach Glaonna Nua\"."},"16":{"hidden":"16","name":"Mar sin is mise an t-aon duine at\u00e1 craice\u00e1ilte?"},"25":{"hidden":"24","name":"b\u00e1isteach ag titim ag am an bhr\u00f3in"},"4":{"hidden":"04","name":"cara"},"22":{"hidden":"22","name":"duill\u00edn na teanga"},"12":{"hidden":"12","name":"gn\u00edomh barbarachta"},"18":{"hidden":"18","name":"An chloch a thosaigh ag rolladh."},"21":{"hidden":"21","name":"Lasc Amane"},"1":{"hidden":"01","name":"An mac l\u00e9inn nua ..."},"0":{"hidden":"00","name":"Amane"},"7":{"hidden":"07","name":"a bheith l\u00e1n le poill"},"17":{"hidden":"17","name":"rogha"},"32":{"hidden":"28","name":"aitheantas do cheart chun \u00fain\u00e9ireachta tal\u00fan (ag an duine suarach, tiarna feodach, srl.)"},"24":{"hidden":"23","name":"Bh\u00ed m\u00e9 ag smaoineamh ort."},"9":{"hidden":"09","name":"cog-roth"},"19":{"hidden":"19","name":"Conas a tharla s\u00e9 seo?"},"30":{"hidden":"27","name":"uacht saor in aisce"},"10":{"hidden":"10","name":"assassin"},"14":{"hidden":"14","name":"suaimhneas intinne sealadach"},"3":{"hidden":"03","name":"Amane agus b\u00e1isteach"},"31":{"hidden":"END4","name":"DEIREADH \"Deireadh an Ionsaithe: ......"},"2":{"hidden":"02","name":"Am sona"},"28":{"hidden":"26","name":"bunreacht (fisiceach)"},"13":{"hidden":"13","name":"Anois t\u00e1imid le ch\u00e9ile."},"33":{"hidden":"29","name":"r\u00e9as\u00fanta"},"20":{"hidden":"20","name":"chuimhneach\u00e1in ag f\u00e1il bh\u00e1is"}},"/img/720p/bg/ED0006_a.ui":{"rootdata":{"0":{"1":"t\u00e1irgeadh","2":"Ride On Works, Inc."}}},"/ui/720p/extra/soundpage.ui":{"rootdata":{"0":{"0":"fuaim"}}},"/ui/common/title/btn_start.ui":{"rootdata":{"0":"tos\u00fa"}},"/img/720p/bg/ED0007_a.ui":{"rootdata":{"0":{"1":"fin"}}},"/img/1080p/bg/ED0002_a.ui":{"rootdata":{"0":{"1":"toradh","2":"Pengin","3":"Ryusei"}}},"/ui/common/ui/btn_back.ui":{"rootdata":{"2":"ar ais"}},"/ui/common/title/btn_load.ui":{"rootdata":{"0":"ualach"}},"/ui/720p/language/language.ui":{"rootdata":{"1":"Teanga"}},"/ui/common/extra/achieve.ui":{"rootdata":{"1":"r\u00e1ta gn\u00f3thacht\u00e1la"}},"/ui/720p/talk/log.ui":{"rootdata":{"0":{"1":"BackLog"}}},"/img/1080p/bg/ED0000_a.ui":{"rootdata":{"0":{"1":"Smaoineamh bunaidh, Black Swan, \"Amane Switch\""}}},"/img/720p/bg/ED0004_a.ui":{"rootdata":{"0":{"1":"t\u00e1irgeadh cuimsitheach","2":"Bushi"}}},"/ui/720p/extra/scenepage.ui":{"rootdata":{"0":{"0":"radharc"}}},"/ui/1080p/extra/soundpage.ui":{"rootdata":{"0":{"0":"fuaim"}}},"/img/1080p/bg/ED0004_a.ui":{"rootdata":{"0":{"1":"t\u00e1irgeadh cuimsitheach","2":"Bushi"}}},"/ui/common/extra/btn_thumbnail.ui":{"rootdata":{"0":{"1":"NoData"}}},"/ui/common/title/btn_config.ui":{"rootdata":{"0":"Cumraigh"}},"/img/720p/bg/ED0002_a.ui":{"rootdata":{"0":{"1":"toradh","2":"Pengin","3":"Ryusei"}}},"/img/1080p/bg/ED0005_a.ui":{"rootdata":{"0":{"1":"comhar t\u00e1irgeachta","2":"Corpar\u00e1id Cyber Step"}}},"/img/720p/bg/ED0005_a.ui":{"rootdata":{"0":{"1":"comhar t\u00e1irgeachta","2":"Corpar\u00e1id Cyber Step"}}},"/ui/common/extra/btn_cg.ui":{"rootdata":{"2":"CG"}},"/ui/1080p/language/language.ui":{"rootdata":{"1":"Teanga"}},"/ui/common/config/btn_system.ui":{"rootdata":{"2":"c\u00f3ras"}},"/ui/1080p/storage/storage.ui":{"rootdata":{"1":"S\u00e1bh\u00e1il"}},"/img/1080p/bg/ED0006_a.ui":{"rootdata":{"0":{"1":"t\u00e1irgeadh","2":"Ride On Works, Inc."}}},"/ui/720p/extra/routepage.ui":{"rootdata":{"0":{"0":"radharc"}}},"bgm":{"insecurity":{"label":"lionn dubh"},"eye1":{"label":"puddling ar shi\u00fal"},"h1":{"label":"ripple"},"rain":{"label":"gaoth fhuar"},"sys":{"label":"Loch Ci\u00fain"},"eye2":{"label":"sp\u00e9ir scamallach (aimsir)"},"sir":{"label":"\u00e9ad\u00f3chas"},"op":{"label":"Amane"},"ed":{"label":"Le\u00e1igh isteach sa sp\u00e9ir leathan"},"healing":{"label":"teagmh\u00e1il (duine) cro\u00ed"},"danger":{"label":"bheith ag druidim"},"h2":{"label":"deora"}},"/ui/common/extra/btn_sound.ui":{"rootdata":{"2":"fuaim"}},"/ui/1080p/extra/cgpage.ui":{"rootdata":{"0":{"0":"CG"}}},"/img/1080p/bg/ED0001_a.ui":{"rootdata":{"0":{"5":"Shizuku Kizaki:. Uki Nashiki","6":"Yukika Mizushima:. Mei Oshiro","3":"Yoko Minegishi:. Ari Sayama","4":"Izumi Kizaki:. Nemea Iori (Campas Rotha\u00edochta Stellar)","1":"caitheadh","2":"Amane Satonaka:. Kyoko Kuramochi (Campas Rotha\u00edochta Stellar)"}}},"/ui/common/title/btn_extra.ui":{"rootdata":{"0":"Breise"}},"/img/720p/bg/ED0003_a.ui":{"rootdata":{"0":{"5":"Kanon Rapipaka","3":"Mekabu Shinonome","4":"Oni MAYUGE","10":"Yui","2":"Tsukimachi Usagi","7":"arp","8":"Minami no Tenjino","6":"Koyo Urami","1":"Remake Foireann","9":"Majin Hachimitsu"}}},"/ui/common/extra/btn_scene.ui":{"rootdata":{"2":"radharc"}},"/img/720p/bg/ED0001_a.ui":{"rootdata":{"0":{"5":"Shizuku Kizaki:. Uki Nashiki","6":"Yukika Mizushima:. Mei Oshiro","3":"Yoko Minegishi:. Ari Sayama","4":"Izumi Kizaki:. Nemea Iori (Campas Rotha\u00edochta Stellar)","1":"caitheadh","2":"Amane Satonaka:. Kyoko Kuramochi (Campas Rotha\u00edochta Stellar)"}}},"dict":{"title.translate.cancaled":"Cuireadh isteach ar an \u00edosl\u00f3d\u00e1il agus tosa\u00edodh na socruithe teanga.","talk.quickload.confirm.yes":"Atos\u00f3imid.","title.continue.confirm.yes":"Atos\u00f3imid.","config.10.0":"\u00e1iti\u00fail","storage.title.save":"S\u00e1bh\u00e1il","language.restart":"Fill ar ais ar an sc\u00e1ile\u00e1n teidil.","config.6":"tr\u00e9dhearcacht fhuinneog teachtaireachta","title.continue.confirm":"Ar mhaith leat atos\u00fa \u00f3 radharc s\u00e1bh\u00e1la?","title.continue.nodata":"N\u00edl aon sonra\u00ed ann ach s\u00e1bh\u00e1il.","storage.date":"D\u00e1ta:","config.1":"ceol c\u00falra","config.8.0":"\u00e1iti\u00fail","extra.scene.confirm":"Ar mhaith leat tos\u00fa leis an radharc seo?","title.translate.confirm.yes":"\u00edosl\u00f3d\u00e1il","title.translate.confirm":"\u00cdosl\u00f3d\u00e1il na comhaid nuashonraithe is g\u00e1 chun an cluiche a thos\u00fa ag %s .","common.dialog.message.exit.yes":"An sl\u00ed amach.","common.dialog.btn.no":"ceal\u00fa","language.confirm.yes":"Athraigh.","config.10.1":"fi\u00fa","storage.label.none":"Gan aon sonra\u00ed","language.confirm":"Ar mhaith leat an teanga a \u00fas\u00e1ideann t\u00fa a athr\u00fa go %s ?","config.10":"Athraigh dath na n-abairt\u00ed at\u00e1 l\u00e9ite cheana f\u00e9in","storage.title.load":"ualach","config.5":"Luas m\u00f3d uathoibr\u00edoch","config.7.all":"ar fad","config.8":"Scipe\u00e1il lean\u00faint i ndiaidh rogha","config.9.1":"fi\u00fa","common.dialog.btn.yes":"Ceart go leor","config.tab.system":"c\u00f3ras","extra.cg.dialog.page":"%d %d","common.dialog.message.save.yes":"s\u00e1bh\u00e1il","common.dialog.message.load.yes":"ualach","common.dialog.message.save":"Ar mhaith leat \u00e9 a sh\u00e1bh\u00e1il?","config.7.read":"l\u00e9amh amh\u00e1in","config.3":"VOICE","config.9.0":"\u00e1iti\u00fail","config.reset.confirm.yes":"T\u00fas a chur leis.","talk.quickload.confirm":"Ar mhaith leat atos\u00fa \u00f3 radharc s\u00e1bh\u00e1la?","config.tab.sound":"FUAIM","talk.quicksave.message":"Sh\u00e1bh\u00e1il t\u00fa an cluiche. Is f\u00e9idir leat atos\u00fa \u00f3n radharc reatha.","config.4":"luas taispe\u00e1na carachtar","config.reset.confirm":"Ar mhaith leat na socruithe a th\u00fas\u00fa?","common.dialog.message.download":"\u00cdosl\u00f3d\u00e1il.","title.translate.notallowed":"Cuir t\u00fas leis na socruithe teanga toisc go bhfuil na comhaid riachtanacha ar iarraidh.","storage.date.none":"---- / - / - -: -","common.dialog.btn.cancel":"cur isteach","language.error.2":"N\u00edl cead agat rochtain a fh\u00e1il ar an bhfreastala\u00ed.","config.7":"modh scipe","language.error.1":"T\u00e1 an freastala\u00ed \u00e1 chothabh\u00e1il.","config.9":"Lean\u00faint m\u00f3d uathoibr\u00edoch tar \u00e9is an roghnaithe","common.dialog.message.title":"Ar mhaith leat filleadh ar an sc\u00e1ile\u00e1n teidil?","extra.scene.confirm.yes":"Tosaigh.","common.dialog.message.load":"Ar mhaith leat a lucht\u00fa?","common.dialog.message.title.yes":"Chuig an teideal","config.2":"SE","config.8.1":"fi\u00fa","title.translate.failed":"Cuir t\u00fas leis na socruithe teanga toisc gur theip ar an \u00edosl\u00f3d\u00e1il.","common.dialog.message.exit":"Ar mhaith leat an cluiche a scor?","language.error.255":"N\u00edl an freastala\u00ed ar f\u00e1il."},"/ui/common/config/btn_sound.ui":{"rootdata":{"2":"fuaim"}},"/ui/common/ui/btn_title.ui":{"rootdata":{"2":"teideal"}},"/ui/720p/storage/storage.ui":{"rootdata":{"1":"S\u00e1bh\u00e1il"}},"/ui/common/storage/datum.ui":{"rootdata":{"3":{"1":"Gan Sonra\u00ed"}}},"/ui/720p/config/config.ui":{"rootdata":{"1":"c\u00f3ras"}},"/ui/common/title/btn_language.ui":{"rootdata":{"0":"Teanga"}}}