{"/ui/1080p/talk/log.ui":{"rootdata":{"0":{"1":"PapaTuri Hoki"}}},"/ui/common/config/btn_reset.ui":{"rootdata":{"2":"Tautuhi An\u014d"}},"/ui/1080p/extra/scenepage.ui":{"rootdata":{"0":{"0":"whakaaturanga"}}},"/img/1080p/bg/ED0003_a.ui":{"rootdata":{"0":{"5":"Kanon Rapipaka","3":"Mekabu Shinonome","4":"Oni MAYUGE","10":"Yui","2":"Tsukimachi Usagi","7":"Arp","8":"Minami no Tenjino","6":"Koyo Urami","1":"Kaimahi hou","9":"Majin Hachimitsu"}}},"/img/720p/bg/ED0000_a.ui":{"rootdata":{"0":{"1":"Whakaaro taketake, Black Swan, \"Amane Switch\""}}},"/ui/1080p/config/config.ui":{"rootdata":{"1":"punaha"}},"/ui/common/title/btn_continue.ui":{"rootdata":{"0":"Haere tonu"}},"/img/1080p/bg/ED0007_a.ui":{"rootdata":{"0":{"1":"fin"}}},"/ui/common/ui/btn_exit.ui":{"rootdata":{"2":"putanga"}},"character":{"1st_grade":"tauira tau-tuatahi","cat":"ngeru","female_student2":"Tauira wahine 2","police_officer":"pirihimana","friend":"hoa","doctor":"rata","teacher":"Kaiako (akomanga)","amane":"Amane","female":"wahine","amane_with_mother":"Whaea. Amane","pe_teacher":"pouako matauranga tinana","director":"upoko o te karapu (kura)","theater_tirector":"rangatira o te tari whakaari","School_principal":"tumuaki","theater_member":"mema o te roopu whakaari","police_officer2":"Apiha Pirihimana 2","nurse":"n\u0113hi kua rehitatia","yukika":"Yukika","teacher1":"Kaiako 1","hospital_officials":"kaimahi o te h\u014dhipera","soccer_member":"karapu poikiri","store_manager":"kaiwhakahaere toa","3rd_grade":"tauira tau-tuatoru","unknown":"He aha?","wet_woman":"Waahine m\u0101k\u016b","police_officer3":"Apiha Pirihimana 3.","4heroines":"Yoko & Izumi & Shizuku & Yukika","female_student":"tauira wahine","Students":"tauira","literary_club_Director":"rangatira o te tari tuhituhi","part_time_job":"paita","youko":"Yoko","male":"ira tangata","children":"tamaiti","youhei":"Yohei","Audiovisual_committee":"mema o te komiti ngaro","male_student":"akonga akonga","izumi":"Izumi","child":"tamariki","male_student2":"Akonga tane 2","hospital_officials2":"Nga kaimahi o te hohipera 2","police_officer1":"Apiha Pirihimana 1","classmate":"hoa kura","member2":"Mema 2.","athletics_member":"mema o te karapu ara me te papa mara","male_student1":"Tauira tane 1","resident":"kainoho","homeroom_teacher":"kaiako homeroom","father":"papa","police_officer4":"Apiha Pirihimana 4.","literary_club_member":"he mema tuhinga o nga kaimahi","customer":"kaihoko","softball_member":"tari rorohiko","baseball_member":"karapu peisipolo (ar\u0101, te kapa peisipolo o te whare wananga, kaporeihana, me era atu)","male_student3":"Tauira tane 3","news_caster":"kaikawe","teacher4":"Kaiako wha.","shizuku":"Shizuku","vice-president":"perehitini tuarua (o te karapu, whakahaere ranei)","member1":"Mema 1","teacher3":"Kaiako Tuatoru.","shinzi":"Shinji","sales_clerk":"karaka","female_student1":"Tauira wahine 1","mother":"whaea","father_in_law":"hungawai","hospital_officials1":"Nga kaimahi o te hohipera 1","member3":"Mema 3.","teacher2":"Kaiako 2"},"/ui/720p/extra/cgpage.ui":{"rootdata":{"0":{"0":"CG"}}},"/ui/1080p/extra/routepage.ui":{"rootdata":{"0":{"0":"whakaaturanga"}}},"scene":{"34":{"hidden":"MURI5","name":"MUTU 'Te mate e kore e taea te rongoa'"},"29":{"hidden":"MURI3","name":"Mutunga \"ua ano"},"27":{"hidden":"25","name":"Ko taku tuahine tino pai."},"8":{"hidden":"08","name":"Te ao o te hianga"},"6":{"hidden":"06","name":"Te hononga ki a Amane"},"15":{"hidden":"15","name":"He rorirori."},"5":{"hidden":"05","name":"p\u014dwhiri"},"23":{"hidden":"MURI1","name":"Mutunga \"Ame Furi"},"35":{"hidden":"MURI6","name":"Mutunga \"Te mutunga o te oma: ......"},"11":{"hidden":"11","name":"Ko taaku e whakapono ana ..."},"26":{"hidden":"MURI2","name":"Mutunga \"Nga roimata o te ua"},"36":{"hidden":"MURI Mutunga","name":"MURI \"Te Waahanga Piinga Hou\"."},"16":{"hidden":"16","name":"Na ko ahau anake ka porangi?"},"25":{"hidden":"24","name":"ua ua i te wa o te pouri"},"4":{"hidden":"04","name":"hoa"},"22":{"hidden":"22","name":"pahekeheke o te arero"},"12":{"hidden":"12","name":"Tuhinga o mua"},"18":{"hidden":"18","name":"Te kohatu i tiimata te huri."},"21":{"hidden":"21","name":"Whakawhana Amane"},"1":{"hidden":"01","name":"Te akonga hou ..."},"0":{"hidden":"00","name":"Amane"},"7":{"hidden":"07","name":"ki tonu i te rua"},"17":{"hidden":"17","name":"whiringa"},"32":{"hidden":"28","name":"te whai mana ki te mana whenua (na te shogunate, rangatira feudal, etc.)"},"24":{"hidden":"23","name":"I whakaaro ahau ki a koe."},"9":{"hidden":"09","name":"cog-wheel"},"19":{"hidden":"19","name":"Nahea tenei i puta ai?"},"30":{"hidden":"27","name":"hiahia herekore"},"10":{"hidden":"10","name":"kaikohuru"},"14":{"hidden":"14","name":"rangimarie rangimarie o te hinengaro"},"3":{"hidden":"03","name":"Amane me te ua"},"31":{"hidden":"MURI4","name":"Mutunga \"Te mutunga o te huaki: ......"},"2":{"hidden":"02","name":"Te wa koa"},"28":{"hidden":"26","name":"kaupapa ture (\u0101-tinana)"},"13":{"hidden":"13","name":"Inaianei kei te noho tahi maua."},"33":{"hidden":"29","name":"tika"},"20":{"hidden":"20","name":"w\u0101 ngaro"}},"/img/720p/bg/ED0006_a.ui":{"rootdata":{"0":{"1":"whakaputa","2":"Ride On Works, Inc."}}},"/ui/720p/extra/soundpage.ui":{"rootdata":{"0":{"0":"oro"}}},"/ui/common/title/btn_start.ui":{"rootdata":{"0":"timatanga"}},"/img/720p/bg/ED0007_a.ui":{"rootdata":{"0":{"1":"fin"}}},"/img/1080p/bg/ED0002_a.ui":{"rootdata":{"0":{"1":"whakaputa","2":"Hiahia","3":"Ryusei"}}},"/ui/common/ui/btn_back.ui":{"rootdata":{"2":"tuara"}},"/ui/common/title/btn_load.ui":{"rootdata":{"0":"uta"}},"/ui/720p/language/language.ui":{"rootdata":{"1":"Reo"}},"/ui/common/extra/achieve.ui":{"rootdata":{"1":"tere o te whakatutukitanga"}},"/ui/720p/talk/log.ui":{"rootdata":{"0":{"1":"PapaTuri Hoki"}}},"/img/1080p/bg/ED0000_a.ui":{"rootdata":{"0":{"1":"Whakaaro taketake, Black Swan, \"Amane Switch\""}}},"/img/720p/bg/ED0004_a.ui":{"rootdata":{"0":{"1":"hanga matawh\u0101nui","2":"Puhi"}}},"/ui/720p/extra/scenepage.ui":{"rootdata":{"0":{"0":"whakaaturanga"}}},"/ui/1080p/extra/soundpage.ui":{"rootdata":{"0":{"0":"oro"}}},"/img/1080p/bg/ED0004_a.ui":{"rootdata":{"0":{"1":"hanga matawh\u0101nui","2":"Puhi"}}},"/ui/common/extra/btn_thumbnail.ui":{"rootdata":{"0":{"1":"Korero"}}},"/ui/common/title/btn_config.ui":{"rootdata":{"0":"Whirihora"}},"/img/720p/bg/ED0002_a.ui":{"rootdata":{"0":{"1":"whakaputa","2":"Hiahia","3":"Ryusei"}}},"/img/1080p/bg/ED0005_a.ui":{"rootdata":{"0":{"1":"mahi whakahoahoa","2":"Cyber Step Corporation"}}},"/img/720p/bg/ED0005_a.ui":{"rootdata":{"0":{"1":"mahi whakahoahoa","2":"Cyber Step Corporation"}}},"/ui/common/extra/btn_cg.ui":{"rootdata":{"2":"CG"}},"/ui/1080p/language/language.ui":{"rootdata":{"1":"Reo"}},"/ui/common/config/btn_system.ui":{"rootdata":{"2":"punaha"}},"/ui/1080p/storage/storage.ui":{"rootdata":{"1":"Penapena"}},"/img/1080p/bg/ED0006_a.ui":{"rootdata":{"0":{"1":"whakaputa","2":"Ride On Works, Inc."}}},"/ui/720p/extra/routepage.ui":{"rootdata":{"0":{"0":"whakaaturanga"}}},"bgm":{"insecurity":{"label":"p\u014duriuri"},"eye1":{"label":"rere ana"},"h1":{"label":"riipara"},"rain":{"label":"hau makariri"},"sys":{"label":"Roto Ata noho"},"eye2":{"label":"rangi kapua (huarere)"},"sir":{"label":"hepohepo"},"op":{"label":"Amane"},"ed":{"label":"Ka rewa ki te rangi whanui"},"healing":{"label":"pa (te tangata) ngakau"},"danger":{"label":"kia whakatata atu"},"h2":{"label":"roimata"}},"/ui/common/extra/btn_sound.ui":{"rootdata":{"2":"oro"}},"/ui/1080p/extra/cgpage.ui":{"rootdata":{"0":{"0":"CG"}}},"/img/1080p/bg/ED0001_a.ui":{"rootdata":{"0":{"5":"Shizuku Kizaki:. Uki Nashiki","6":"Yukika Mizushima:. Mei Oshiro","3":"Yoko Minegishi:. Ari Sayama","4":"Izumi Kizaki:. Nemea Iori (Campus Cycle Campus)","1":"kaiwhakaari","2":"Amane Satonaka:. Kyoko Kuramochi (Campus Cycle Campus)"}}},"/ui/common/title/btn_extra.ui":{"rootdata":{"0":"Taapiri"}},"/img/720p/bg/ED0003_a.ui":{"rootdata":{"0":{"5":"Kanon Rapipaka","3":"Mekabu Shinonome","4":"Oni MAYUGE","10":"Yui","2":"Tsukimachi Usagi","7":"Arp","8":"Minami no Tenjino","6":"Koyo Urami","1":"Kaimahi hou","9":"Majin Hachimitsu"}}},"/ui/common/extra/btn_scene.ui":{"rootdata":{"2":"whakaaturanga"}},"/img/720p/bg/ED0001_a.ui":{"rootdata":{"0":{"5":"Shizuku Kizaki:. Uki Nashiki","6":"Yukika Mizushima:. Mei Oshiro","3":"Yoko Minegishi:. Ari Sayama","4":"Izumi Kizaki:. Nemea Iori (Campus Cycle Campus)","1":"kaiwhakaari","2":"Amane Satonaka:. Kyoko Kuramochi (Campus Cycle Campus)"}}},"dict":{"title.translate.cancaled":"Kua haukoti te tango, kua arawhiti nga tautuhinga reo.","talk.quickload.confirm.yes":"Ka tiimata ano taatau.","title.continue.confirm.yes":"Ka tiimata ano taatau.","config.10.0":"rohe","storage.title.save":"Penapena","language.restart":"Hoki ki te mata taitara.","config.6":"maramara matapihi matapihi","title.continue.confirm":"Kei te hiahia tiimata ano koe mai i te waahanga i tiakina?","title.continue.nodata":"Kaore he raraunga penapena.","storage.date":"R\u0101:","config.1":"waiata papamuri","config.8.0":"rohe","extra.scene.confirm":"Kei te hiahia koe ki te tiimata me tenei whakaaturanga?","title.translate.confirm.yes":"tango","title.translate.confirm":"Tangohia nga konae whakahou hei tiimata i te keemu ki %s .","common.dialog.message.exit.yes":"Putanga","common.dialog.btn.no":"whakakore","language.confirm.yes":"Hurihia.","config.10.1":"kia uara","storage.label.none":"Kaore he raraunga","language.confirm":"Kei te hiahia huri i te reo e whakamahia ana e koe ki te %s ?","config.10":"Hurihia te tae o nga rerenga korero kua panuihia","storage.title.load":"uta","config.5":"Tere aratau Aunoa","config.7.all":"katoa","config.8":"Peke te haere tonu i muri i to whiringa","config.9.1":"kia uara","common.dialog.btn.yes":"OK","config.tab.system":"punaha","extra.cg.dialog.page":"%d / %d","common.dialog.message.save.yes":"penapena","common.dialog.message.load.yes":"uta","common.dialog.message.save":"Kei te hiahia koe ki te penapena?","config.7.read":"panuihia noa","config.3":"HE REO","config.9.0":"rohe","config.reset.confirm.yes":"Whakauru.","talk.quickload.confirm":"Kei te hiahia tiimata ano koe mai i te waahanga i tiakina?","config.tab.sound":"PANUI","talk.quicksave.message":"Kua tiakina e koe te keemu. Ka taea e koe te tiimata mai i te waahi o inaianei.","config.4":"tere whakaatu kiripuaki","config.reset.confirm":"Kei te hiahia koe ki te arawhiti i nga ritenga?","common.dialog.message.download":"Kei te Tangohia.","title.translate.notallowed":"Whakauruhia nga tautuhinga reo na te mea kei te ngaro nga konae e hiahiatia ana.","storage.date.none":"---- / - / - -: -","common.dialog.btn.cancel":"aukatinga","language.error.2":"Kaore koe e whakaaetia kia uru ki te kaituku.","config.7":"aratau peke","language.error.1":"Kei te whakatikatika te kaiwhakarato.","config.9":"Te haere tonu i te aratau Aunoa i muri i te waahanga ka tohua","common.dialog.message.title":"Kei te hiahia koe ki te hoki ki te mata taitara?","extra.scene.confirm.yes":"Kawe.","common.dialog.message.load":"Kei te hiahia uta?","common.dialog.message.title.yes":"Ki te taitara","config.2":"SE","config.8.1":"kia uara","title.translate.failed":"Whakauruhia nga tautuhinga reo na te mea kua rahua te tango.","common.dialog.message.exit":"Kei te hiahia koe ki te whakamutu i te keemu?","language.error.255":"Kaore te kaiwhakarato i te waatea."},"/ui/common/config/btn_sound.ui":{"rootdata":{"2":"oro"}},"/ui/common/ui/btn_title.ui":{"rootdata":{"2":"taitara"}},"/ui/720p/storage/storage.ui":{"rootdata":{"1":"Penapena"}},"/ui/common/storage/datum.ui":{"rootdata":{"3":{"1":"Kaore he Raraunga"}}},"/ui/720p/config/config.ui":{"rootdata":{"1":"punaha"}},"/ui/common/title/btn_language.ui":{"rootdata":{"0":"Reo"}}}