{"/ui/1080p/talk/log.ui":{"rootdata":{"0":{"1":"Latar Belakang"}}},"/ui/common/config/btn_reset.ui":{"rootdata":{"2":"Tetapkan semula"}},"/ui/1080p/extra/scenepage.ui":{"rootdata":{"0":{"0":"pemandangan"}}},"/img/1080p/bg/ED0003_a.ui":{"rootdata":{"0":{"5":"Kanon Rapipaka","3":"Mekabu Shinonome","4":"Oni MUNGKIN","10":"Yui","2":"Tsukimachi Usagi","7":"arp","8":"Minami no Tenjino","6":"Koyo Urami","1":"Kakitangan Pembuatan Semula","9":"Majin Hachimitsu"}}},"/img/720p/bg/ED0000_a.ui":{"rootdata":{"0":{"1":"Idea asal, Black Swan, \"Amane Switch\""}}},"/ui/1080p/config/config.ui":{"rootdata":{"1":"sistem"}},"/ui/common/title/btn_continue.ui":{"rootdata":{"0":"Teruskan"}},"/img/1080p/bg/ED0007_a.ui":{"rootdata":{"0":{"1":"sirip"}}},"/ui/common/ui/btn_exit.ui":{"rootdata":{"2":"jalan keluar"}},"character":{"1st_grade":"pelajar tahun satu","cat":"kucing","female_student2":"Pelajar perempuan 2","police_officer":"anggota polis","friend":"kawan","doctor":"pakar perubatan","teacher":"guru (bilik darjah)","amane":"Amane","female":"wanita","amane_with_mother":"Ibu. Amane","pe_teacher":"guru pendidikan jasmani","director":"ketua kelab (sekolah)","theater_tirector":"ketua jabatan drama","School_principal":"pengetua","theater_member":"ahli kumpulan teater","police_officer2":"Pegawai Polis 2","nurse":"jururawat berdaftar","yukika":"Yukika","teacher1":"Guru 1","hospital_officials":"anggota hospital","soccer_member":"kelab bola sepak","store_manager":"Pengurus kedai","3rd_grade":"pelajar tahun tiga","unknown":"Apa?","wet_woman":"Merendam wanita basah","police_officer3":"Pegawai Polis 3.","4heroines":"Yoko & Izumi & Shizuku & Yukika","female_student":"pelajar perempuan","Students":"pelajar","literary_club_Director":"ketua jabatan sastera","part_time_job":"bait","youko":"Yoko","male":"jantina maskulin","children":"anak","youhei":"Yohei","Audiovisual_committee":"ahli jawatankuasa kekurangan deria","male_student":"pelajar lelaki","izumi":"Izumi","child":"kanak-kanak","male_student2":"Pelajar lelaki 2","hospital_officials2":"Kakitangan hospital 2","police_officer1":"Pegawai Polis 1","classmate":"rakan sekelas","member2":"Ahli 2.","athletics_member":"ahli trek dan padang","male_student1":"Pelajar lelaki 1","resident":"penduduk","homeroom_teacher":"guru kelas","father":"bapa","police_officer4":"Pegawai Polis 4.","literary_club_member":"seorang ahli sastera","customer":"pelanggan","softball_member":"jabatan perisian","baseball_member":"kelab besbol (iaitu pasukan besbol universiti, syarikat, dll.)","male_student3":"Pelajar lelaki 3","news_caster":"kastor","teacher4":"Guru Empat.","shizuku":"Shizuku","vice-president":"naib presiden (kelab atau organisasi, organisasi)","member1":"Ahli 1","teacher3":"Guru Tiga.","shinzi":"Shinji","sales_clerk":"kerani","female_student1":"Pelajar perempuan 1","mother":"ibu","father_in_law":"bapa mertua","hospital_officials1":"Kakitangan hospital 1","member3":"Ahli 3.","teacher2":"Guru 2"},"/ui/720p/extra/cgpage.ui":{"rootdata":{"0":{"0":"CG"}}},"/ui/1080p/extra/routepage.ui":{"rootdata":{"0":{"0":"pemandangan"}}},"scene":{"34":{"hidden":"TAMAT5","name":"TAMAT 'Penyakit yang tidak dapat disembuhkan'"},"29":{"hidden":"TAMAT3","name":"TAMAT \"hujan lagi"},"27":{"hidden":"25","name":"Adik kesayangan saya."},"8":{"hidden":"08","name":"Kehidupan penyelewengan harian"},"6":{"hidden":"06","name":"Hubungan dengan Amane"},"15":{"hidden":"15","name":"Ianya kelakar."},"5":{"hidden":"05","name":"jemputan"},"23":{"hidden":"TAMAT1","name":"TAMAT \"Ame Furi"},"35":{"hidden":"TAMAT6","name":"TAMAT \"Akhir Larian: ......"},"11":{"hidden":"11","name":"Apa yang saya percayai ..."},"26":{"hidden":"TAMAT2","name":"TAMAT \"Air Mata Hujan"},"36":{"hidden":"Rahsia TAMAT","name":"TAMAT \"Hujan Panggilan Baru\"."},"16":{"hidden":"16","name":"Jadi saya satu-satunya yang gila?"},"25":{"hidden":"24","name":"hujan turun pada masa kesedihan"},"4":{"hidden":"04","name":"kawan"},"22":{"hidden":"22","name":"terlepas cakap"},"12":{"hidden":"12","name":"perbuatan biadab"},"18":{"hidden":"18","name":"Batu yang mula bergolek."},"21":{"hidden":"21","name":"Suis Amane"},"1":{"hidden":"01","name":"Pelajar baru ..."},"0":{"hidden":"00","name":"Amane"},"7":{"hidden":"07","name":"penuh dengan lubang"},"17":{"hidden":"17","name":"pilihan"},"32":{"hidden":"28","name":"pengiktirafan hak pemilikan tanah (oleh shogunate, tuan feudal, dll.)"},"24":{"hidden":"23","name":"Saya memikirkan awak."},"9":{"hidden":"09","name":"roda roda gigi"},"19":{"hidden":"19","name":"Bagaimana ini berlaku?"},"30":{"hidden":"27","name":"kehendak sendiri"},"10":{"hidden":"10","name":"pembunuh upahan"},"14":{"hidden":"14","name":"ketenangan fikiran sementara"},"3":{"hidden":"03","name":"Amane dan hujan"},"31":{"hidden":"TAMAT4","name":"TAMAT \"Akhir Serangan: ......"},"2":{"hidden":"02","name":"Masa bergembira"},"28":{"hidden":"26","name":"perlembagaan (fizikal)"},"13":{"hidden":"13","name":"Sekarang kita bersama."},"33":{"hidden":"29","name":"baik"},"20":{"hidden":"20","name":"detik-detik mati"}},"/img/720p/bg/ED0006_a.ui":{"rootdata":{"0":{"1":"pengeluaran","2":"Ride On Works, Inc."}}},"/ui/720p/extra/soundpage.ui":{"rootdata":{"0":{"0":"suara"}}},"/ui/common/title/btn_start.ui":{"rootdata":{"0":"mulakan"}},"/img/720p/bg/ED0007_a.ui":{"rootdata":{"0":{"1":"sirip"}}},"/img/1080p/bg/ED0002_a.ui":{"rootdata":{"0":{"1":"menghasilkan","2":"Pengin","3":"Ryusei"}}},"/ui/common/ui/btn_back.ui":{"rootdata":{"2":"belakang"}},"/ui/common/title/btn_load.ui":{"rootdata":{"0":"memuatkan"}},"/ui/720p/language/language.ui":{"rootdata":{"1":"Bahasa"}},"/ui/common/extra/achieve.ui":{"rootdata":{"1":"kadar pencapaian"}},"/ui/720p/talk/log.ui":{"rootdata":{"0":{"1":"Latar Belakang"}}},"/img/1080p/bg/ED0000_a.ui":{"rootdata":{"0":{"1":"Idea asal, Black Swan, \"Amane Switch\""}}},"/img/720p/bg/ED0004_a.ui":{"rootdata":{"0":{"1":"pengeluaran yang komprehensif","2":"Bushi"}}},"/ui/720p/extra/scenepage.ui":{"rootdata":{"0":{"0":"pemandangan"}}},"/ui/1080p/extra/soundpage.ui":{"rootdata":{"0":{"0":"suara"}}},"/img/1080p/bg/ED0004_a.ui":{"rootdata":{"0":{"1":"pengeluaran yang komprehensif","2":"Bushi"}}},"/ui/common/extra/btn_thumbnail.ui":{"rootdata":{"0":{"1":"Tiada data"}}},"/ui/common/title/btn_config.ui":{"rootdata":{"0":"Konfigurasi"}},"/img/720p/bg/ED0002_a.ui":{"rootdata":{"0":{"1":"menghasilkan","2":"Pengin","3":"Ryusei"}}},"/img/1080p/bg/ED0005_a.ui":{"rootdata":{"0":{"1":"kerjasama pengeluaran","2":"Cyber Step Corporation"}}},"/img/720p/bg/ED0005_a.ui":{"rootdata":{"0":{"1":"kerjasama pengeluaran","2":"Cyber Step Corporation"}}},"/ui/common/extra/btn_cg.ui":{"rootdata":{"2":"CG"}},"/ui/1080p/language/language.ui":{"rootdata":{"1":"Bahasa"}},"/ui/common/config/btn_system.ui":{"rootdata":{"2":"sistem"}},"/ui/1080p/storage/storage.ui":{"rootdata":{"1":"Jimat"}},"/img/1080p/bg/ED0006_a.ui":{"rootdata":{"0":{"1":"pengeluaran","2":"Ride On Works, Inc."}}},"/ui/720p/extra/routepage.ui":{"rootdata":{"0":{"0":"pemandangan"}}},"bgm":{"insecurity":{"label":"melankolis"},"eye1":{"label":"menjauhkan diri"},"h1":{"label":"riak"},"rain":{"label":"angin sejuk"},"sys":{"label":"Tasik Tenang"},"eye2":{"label":"langit mendung (cuaca)"},"sir":{"label":"putus asa"},"op":{"label":"Amane"},"ed":{"label":"Mencair ke langit yang luas"},"healing":{"label":"menyentuh hati (seseorang)"},"danger":{"label":"menghampiri"},"h2":{"label":"air mata"}},"/ui/common/extra/btn_sound.ui":{"rootdata":{"2":"suara"}},"/ui/1080p/extra/cgpage.ui":{"rootdata":{"0":{"0":"CG"}}},"/img/1080p/bg/ED0001_a.ui":{"rootdata":{"0":{"5":"Shizuku Kizaki :. Uki Nashiki","6":"Yukika Mizushima :. Mei Oshiro","3":"Yoko Minegishi :. Ari Sayama","4":"Izumi Kizaki :. Nemea Iori (Kampus Kitaran Stellar)","1":"pelakon","2":"Amane Satonaka :. Kyoko Kuramochi (Kampus Kitaran Stellar)"}}},"/ui/common/title/btn_extra.ui":{"rootdata":{"0":"Tambahan"}},"/img/720p/bg/ED0003_a.ui":{"rootdata":{"0":{"5":"Kanon Rapipaka","3":"Mekabu Shinonome","4":"Oni MUNGKIN","10":"Yui","2":"Tsukimachi Usagi","7":"arp","8":"Minami no Tenjino","6":"Koyo Urami","1":"Kakitangan Pembuatan Semula","9":"Majin Hachimitsu"}}},"/ui/common/extra/btn_scene.ui":{"rootdata":{"2":"pemandangan"}},"/img/720p/bg/ED0001_a.ui":{"rootdata":{"0":{"5":"Shizuku Kizaki :. Uki Nashiki","6":"Yukika Mizushima :. Mei Oshiro","3":"Yoko Minegishi :. Ari Sayama","4":"Izumi Kizaki :. Nemea Iori (Kampus Kitaran Stellar)","1":"pelakon","2":"Amane Satonaka :. Kyoko Kuramochi (Kampus Kitaran Stellar)"}}},"dict":{"title.translate.cancaled":"Muat turun telah terganggu dan tetapan bahasa diinisialisasi.","talk.quickload.confirm.yes":"Kami akan menyambung semula.","title.continue.confirm.yes":"Kami akan menyambung semula.","config.10.0":"tempatan","storage.title.save":"Jimat","language.restart":"Kembali ke skrin tajuk.","config.6":"ketelusan tetingkap mesej","title.continue.confirm":"Adakah anda mahu memulakan semula dari pemandangan yang disimpan?","title.continue.nodata":"Tidak ada data simpanan.","storage.date":"Tarikh :","config.1":"muzik latar","config.8.0":"tempatan","extra.scene.confirm":"Adakah anda ingin memulakan dengan pemandangan ini?","title.translate.confirm.yes":"muat turun","title.translate.confirm":"Muat turun fail kemas kini yang diperlukan untuk memulakan permainan di %s .","common.dialog.message.exit.yes":"Keluar.","common.dialog.btn.no":"membatalkan","language.confirm.yes":"Ubah.","config.10.1":"bernilai","storage.label.none":"Tiada data","language.confirm":"Adakah anda mahu menukar bahasa yang anda gunakan menjadi %s ?","config.10":"Tukar warna ayat yang sudah dibaca","storage.title.load":"memuatkan","config.5":"Kelajuan mod automatik","config.7.all":"semua","config.8":"Langkau kesinambungan selepas pilihan","config.9.1":"bernilai","common.dialog.btn.yes":"okey","config.tab.system":"sistem","extra.cg.dialog.page":"%d / %d","common.dialog.message.save.yes":"berjimat","common.dialog.message.load.yes":"memuatkan","common.dialog.message.save":"Adakah anda mahu menyimpannya?","config.7.read":"baca sahaja","config.3":"SUARA","config.9.0":"tempatan","config.reset.confirm.yes":"Permulaan.","talk.quickload.confirm":"Adakah anda mahu memulakan semula dari pemandangan yang disimpan?","config.tab.sound":"SUARA","talk.quicksave.message":"Anda telah menyimpan permainan. Anda boleh menyambung semula dari pemandangan semasa.","config.4":"kelajuan paparan watak","config.reset.confirm":"Adakah anda ingin memulakan tetapan?","common.dialog.message.download":"Memuat turun.","title.translate.notallowed":"Permulaan tetapan bahasa kerana fail yang diperlukan hilang.","storage.date.none":"---- / - / - -: -","common.dialog.btn.cancel":"gangguan","language.error.2":"Anda tidak dibenarkan mengakses pelayan.","config.7":"mod langkau","language.error.1":"Pelayan sedang dalam penyelenggaraan.","config.9":"Kesinambungan mod automatik selepas pemilihan","common.dialog.message.title":"Adakah anda mahu kembali ke skrin tajuk?","extra.scene.confirm.yes":"Memulakan.","common.dialog.message.load":"Adakah anda mahu memuatkan?","common.dialog.message.title.yes":"Ke tajuk","config.2":"SE","config.8.1":"bernilai","title.translate.failed":"Permulaan tetapan bahasa kerana muat turun gagal.","common.dialog.message.exit":"Adakah anda mahu berhenti dari permainan?","language.error.255":"Pelayan tidak tersedia."},"/ui/common/config/btn_sound.ui":{"rootdata":{"2":"suara"}},"/ui/common/ui/btn_title.ui":{"rootdata":{"2":"tajuk"}},"/ui/720p/storage/storage.ui":{"rootdata":{"1":"Jimat"}},"/ui/common/storage/datum.ui":{"rootdata":{"3":{"1":"Tiada data"}}},"/ui/720p/config/config.ui":{"rootdata":{"1":"sistem"}},"/ui/common/title/btn_language.ui":{"rootdata":{"0":"Bahasa"}}}