{"/ui/1080p/talk/log.ui":{"rootdata":{"0":{"1":"BackLog"}}},"/ui/common/config/btn_reset.ui":{"rootdata":{"2":"Endurstilla"}},"/ui/1080p/extra/scenepage.ui":{"rootdata":{"0":{"0":"vettvangur"}}},"/img/1080p/bg/ED0003_a.ui":{"rootdata":{"0":{"5":"Kanon Rapipaka","3":"Mekabu Shinonome","4":"\u00d3ni MAYUGE","10":"Yui","2":"Tsukimachi Usagi","7":"arp","8":"Minami no Tenjino","6":"Koyo Urami","1":"Endurger\u00f0 Staff","9":"Majin Hachimitsu"}}},"/img/720p/bg/ED0000_a.ui":{"rootdata":{"0":{"1":"Upprunaleg hugmynd, Black Swan, \"Amane Switch\""}}},"/ui/1080p/config/config.ui":{"rootdata":{"1":"kerfi"}},"/ui/common/title/btn_continue.ui":{"rootdata":{"0":"Halda \u00e1fram"}},"/img/1080p/bg/ED0007_a.ui":{"rootdata":{"0":{"1":"finn"}}},"/ui/common/ui/btn_exit.ui":{"rootdata":{"2":"h\u00e6tta"}},"character":{"1st_grade":"fyrsta \u00e1rs nemandi","cat":"k\u00f6ttur","female_student2":"Kvenkyns nemandi 2","police_officer":"l\u00f6gregluma\u00f0ur","friend":"vinur","doctor":"l\u00e6knir","teacher":"kennari (bekkjarstofa)","amane":"Amane","female":"konu","amane_with_mother":"M\u00f3\u00f0ir. Amane","pe_teacher":"\u00ed\u00fer\u00f3ttakennari","director":"forst\u00f6\u00f0uma\u00f0ur (sk\u00f3la)kl\u00fabbs","theater_tirector":"deildarstj\u00f3ri leiklistardeildar","School_principal":"sk\u00f3lastj\u00f3ri","theater_member":"me\u00f0limur \u00ed leikh\u00f3pi","police_officer2":"L\u00f6greglu\u00fej\u00f3nn 2","nurse":"skr\u00e1\u00f0ur hj\u00fakrunarfr\u00e6\u00f0ingur","yukika":"Yukika","teacher1":"Kennari 1","hospital_officials":"starfsf\u00f3lk sj\u00fakrah\u00fassins","soccer_member":"knattspyrnuf\u00e9lag","store_manager":"verslunarstj\u00f3ri","3rd_grade":"\u00feri\u00f0ja \u00e1rs nemandi","unknown":"Hva\u00f0?","wet_woman":"Rennblaut kona","police_officer3":"L\u00f6greglu\u00fej\u00f3nn 3.","4heroines":"Yoko & Izumi & Shizuku & Yukika","female_student":"kvenkyns nemandi","Students":"nemendur","literary_club_Director":"deildarstj\u00f3ri b\u00f3kmenntadeildar","part_time_job":"b\u00e6ti","youko":"Yoko","male":"karlkyns","children":"barn","youhei":"Yohei","Audiovisual_committee":"skynjunarnefndarma\u00f0ur","male_student":"karlkyns nemandi","izumi":"Izumi","child":"b\u00f6rn","male_student2":"Karlkyns nemandi 2","hospital_officials2":"Starfsf\u00f3lk sj\u00fakrah\u00fassins 2","police_officer1":"L\u00f6greglu\u00fej\u00f3nn 1","classmate":"bekkjarf\u00e9lagi","member2":"Me\u00f0limur 2.","athletics_member":"\u00ed\u00fer\u00f3ttaf\u00e9lagsma\u00f0ur","male_student1":"Karlkyns nemandi 1","resident":"\u00edb\u00fai","homeroom_teacher":"heimastofukennari","father":"fa\u00f0ir","police_officer4":"L\u00f6greglu\u00fej\u00f3nn 4.","literary_club_member":"b\u00f3kmenntama\u00f0ur \u00ed starfsli\u00f0i","customer":"vi\u00f0skiptavinur","softball_member":"hugb\u00fana\u00f0ardeild","baseball_member":"hafnaboltakl\u00fabbur (\u00fe.e. hafnaboltali\u00f0 h\u00e1sk\u00f3la, fyrirt\u00e6kis o.s.frv.)","male_student3":"Karlkyns nemandi 3","news_caster":"kastara","teacher4":"Kennari fj\u00f6gur.","shizuku":"Shizuku","vice-president":"varaforseti (kl\u00fabbs e\u00f0a stofnunar, stofnunar)","member1":"F\u00e9lagsma\u00f0ur 1","teacher3":"\u00der\u00edr kennari.","shinzi":"Shinji","sales_clerk":"afgrei\u00f0sluma\u00f0ur","female_student1":"Kvenkyns nemandi 1","mother":"m\u00f3\u00f0ur","father_in_law":"tengdafa\u00f0ir","hospital_officials1":"Starfsf\u00f3lk sj\u00fakrah\u00fassins 1","member3":"Me\u00f0limur 3.","teacher2":"Kennari 2"},"/ui/720p/extra/cgpage.ui":{"rootdata":{"0":{"0":"CG"}}},"/ui/1080p/extra/routepage.ui":{"rootdata":{"0":{"0":"vettvangur"}}},"scene":{"34":{"hidden":"END5","name":"END \u201eSj\u00fakd\u00f3murinn sem ekki er h\u00e6gt a\u00f0 l\u00e6kna\u201c"},"29":{"hidden":"END3","name":"END \u201erigning aftur"},"27":{"hidden":"25","name":"Upp\u00e1halds systir m\u00edn."},"8":{"hidden":"08","name":"Daglegt l\u00edf rangl\u00e6tis"},"6":{"hidden":"06","name":"Samband vi\u00f0 Amane"},"15":{"hidden":"15","name":"\u00dea\u00f0 er fyndi\u00f0."},"5":{"hidden":"05","name":"bo\u00f0"},"23":{"hidden":"END1","name":"END \u201eAme Furi"},"35":{"hidden":"END6","name":"END \"Endir hlaupsins: ......"},"11":{"hidden":"11","name":"\u00dea\u00f0 sem \u00e9g tr\u00fai \u00e1..."},"26":{"hidden":"END2","name":"END \u201eT\u00e1r af rigningu"},"36":{"hidden":"Leyndarlok","name":"END \"New Call Rain\"."},"16":{"hidden":"16","name":"\u00deannig a\u00f0 \u00e9g er s\u00e1 eini sem er brj\u00e1la\u00f0ur?"},"25":{"hidden":"24","name":"rigning \u00e1 t\u00edmum sorgar"},"4":{"hidden":"04","name":"vinur"},"22":{"hidden":"22","name":"tunguleysi"},"12":{"hidden":"12","name":"villimennska"},"18":{"hidden":"18","name":"Steinninn sem byrja\u00f0i a\u00f0 r\u00falla."},"21":{"hidden":"21","name":"Amane rofi"},"1":{"hidden":"01","name":"N\u00fdi nemandinn..."},"0":{"hidden":"00","name":"Amane"},"7":{"hidden":"07","name":"a\u00f0 vera full af holum"},"17":{"hidden":"17","name":"val"},"32":{"hidden":"28","name":"vi\u00f0urkenning \u00e1 r\u00e9tti til eignarhalds \u00e1 landi (af Shogunate, l\u00e9nsherra osfrv.)"},"24":{"hidden":"23","name":"\u00c9g var a\u00f0 hugsa til \u00fe\u00edn."},"9":{"hidden":"09","name":"tannhj\u00f3l"},"19":{"hidden":"19","name":"Hvernig ger\u00f0ist \u00feetta?"},"30":{"hidden":"27","name":"frj\u00e1ls vilji"},"10":{"hidden":"10","name":"mor\u00f0ingja"},"14":{"hidden":"14","name":"t\u00edmabundinn hugarr\u00f3"},"3":{"hidden":"03","name":"Amane og rigning"},"31":{"hidden":"END4","name":"END \u201eEndalok \u00e1r\u00e1sarinnar: ......"},"2":{"hidden":"02","name":"Gle\u00f0istund"},"28":{"hidden":"26","name":"stj\u00f3rnarskr\u00e1 (l\u00edkamleg)"},"13":{"hidden":"13","name":"N\u00fa erum vi\u00f0 saman."},"33":{"hidden":"29","name":"\u00feokkalegur"},"20":{"hidden":"20","name":"deyjandi augnablik"}},"/img/720p/bg/ED0006_a.ui":{"rootdata":{"0":{"1":"framlei\u00f0slu","2":"Ride On Works, Inc."}}},"/ui/720p/extra/soundpage.ui":{"rootdata":{"0":{"0":"hlj\u00f3\u00f0"}}},"/ui/common/title/btn_start.ui":{"rootdata":{"0":"byrja"}},"/img/720p/bg/ED0007_a.ui":{"rootdata":{"0":{"1":"finn"}}},"/img/1080p/bg/ED0002_a.ui":{"rootdata":{"0":{"1":"framlei\u00f0a","2":"Pengin","3":"Ryusei"}}},"/ui/common/ui/btn_back.ui":{"rootdata":{"2":"til baka"}},"/ui/common/title/btn_load.ui":{"rootdata":{"0":"hla\u00f0a"}},"/ui/720p/language/language.ui":{"rootdata":{"1":"Tungum\u00e1l"}},"/ui/common/extra/achieve.ui":{"rootdata":{"1":"hlutfall afreks"}},"/ui/720p/talk/log.ui":{"rootdata":{"0":{"1":"BackLog"}}},"/img/1080p/bg/ED0000_a.ui":{"rootdata":{"0":{"1":"Upprunaleg hugmynd, Black Swan, \"Amane Switch\""}}},"/img/720p/bg/ED0004_a.ui":{"rootdata":{"0":{"1":"alhli\u00f0a framlei\u00f0slu","2":"Bushi"}}},"/ui/720p/extra/scenepage.ui":{"rootdata":{"0":{"0":"vettvangur"}}},"/ui/1080p/extra/soundpage.ui":{"rootdata":{"0":{"0":"hlj\u00f3\u00f0"}}},"/img/1080p/bg/ED0004_a.ui":{"rootdata":{"0":{"1":"alhli\u00f0a framlei\u00f0slu","2":"Bushi"}}},"/ui/common/extra/btn_thumbnail.ui":{"rootdata":{"0":{"1":"Engin g\u00f6gn"}}},"/ui/common/title/btn_config.ui":{"rootdata":{"0":"Config"}},"/img/720p/bg/ED0002_a.ui":{"rootdata":{"0":{"1":"framlei\u00f0a","2":"Pengin","3":"Ryusei"}}},"/img/1080p/bg/ED0005_a.ui":{"rootdata":{"0":{"1":"framlei\u00f0slusamvinnu","2":"Cyber Step Corporation"}}},"/img/720p/bg/ED0005_a.ui":{"rootdata":{"0":{"1":"framlei\u00f0slusamvinnu","2":"Cyber Step Corporation"}}},"/ui/common/extra/btn_cg.ui":{"rootdata":{"2":"CG"}},"/ui/1080p/language/language.ui":{"rootdata":{"1":"Tungum\u00e1l"}},"/ui/common/config/btn_system.ui":{"rootdata":{"2":"kerfi"}},"/ui/1080p/storage/storage.ui":{"rootdata":{"1":"Vista"}},"/img/1080p/bg/ED0006_a.ui":{"rootdata":{"0":{"1":"framlei\u00f0slu","2":"Ride On Works, Inc."}}},"/ui/720p/extra/routepage.ui":{"rootdata":{"0":{"0":"vettvangur"}}},"bgm":{"insecurity":{"label":"depur\u00f0"},"eye1":{"label":"polli \u00ed burtu"},"h1":{"label":"g\u00e1ra"},"rain":{"label":"kaldur vindur"},"sys":{"label":"R\u00f3legt vatn"},"eye2":{"label":"sk\u00fdja\u00f0ur himinn (ve\u00f0ur)"},"sir":{"label":"\u00f6rv\u00e6ntingu"},"op":{"label":"Amane"},"ed":{"label":"Br\u00e1\u00f0na \u00fat \u00ed v\u00ed\u00f0an himininn"},"healing":{"label":"snerta (manns) hjarta"},"danger":{"label":"vera a\u00f0 n\u00e1lgast"},"h2":{"label":"t\u00e1r"}},"/ui/common/extra/btn_sound.ui":{"rootdata":{"2":"hlj\u00f3\u00f0"}},"/ui/1080p/extra/cgpage.ui":{"rootdata":{"0":{"0":"CG"}}},"/img/1080p/bg/ED0001_a.ui":{"rootdata":{"0":{"5":"Shizuku Kizaki:. Uki Nashiki","6":"Yukika Mizushima:. Mei Oshiro","3":"Yoko Minegishi:. Ari Sayama","4":"Izumi Kizaki:. Nemea Iori (Stellar Cycle Campus)","1":"kasta\u00f0","2":"Amane Satonaka:. Kyoko Kuramochi (Stellar Cycle Campus)"}}},"/ui/common/title/btn_extra.ui":{"rootdata":{"0":"Aukalega"}},"/img/720p/bg/ED0003_a.ui":{"rootdata":{"0":{"5":"Kanon Rapipaka","3":"Mekabu Shinonome","4":"\u00d3ni MAYUGE","10":"Yui","2":"Tsukimachi Usagi","7":"arp","8":"Minami no Tenjino","6":"Koyo Urami","1":"Endurger\u00f0 Staff","9":"Majin Hachimitsu"}}},"/ui/common/extra/btn_scene.ui":{"rootdata":{"2":"vettvangur"}},"/img/720p/bg/ED0001_a.ui":{"rootdata":{"0":{"5":"Shizuku Kizaki:. Uki Nashiki","6":"Yukika Mizushima:. Mei Oshiro","3":"Yoko Minegishi:. Ari Sayama","4":"Izumi Kizaki:. Nemea Iori (Stellar Cycle Campus)","1":"kasta\u00f0","2":"Amane Satonaka:. Kyoko Kuramochi (Stellar Cycle Campus)"}}},"dict":{"title.translate.cancaled":"Ni\u00f0urhali\u00f0 hefur veri\u00f0 rofi\u00f0 og tungum\u00e1lastillingar eru frumstilltar.","talk.quickload.confirm.yes":"Vi\u00f0 munum halda \u00e1fram.","title.continue.confirm.yes":"Vi\u00f0 munum halda \u00e1fram.","config.10.0":"sta\u00f0bundi\u00f0","storage.title.save":"Vista","language.restart":"Fara aftur \u00e1 titilskj\u00e1inn.","config.6":"gagns\u00e6i skilabo\u00f0aglugga","title.continue.confirm":"Viltu endurr\u00e6sa fr\u00e1 vista\u00f0ri senu?","title.continue.nodata":"\u00dea\u00f0 eru engin vistu\u00f0 g\u00f6gn.","storage.date":"Dagsetning:","config.1":"bakgrunnst\u00f3nlist","config.8.0":"sta\u00f0bundi\u00f0","extra.scene.confirm":"Viltu byrja \u00e1 \u00feessu atri\u00f0i?","title.translate.confirm.yes":"ni\u00f0urhal","title.translate.confirm":"S\u00e6ktu uppf\u00e6rsluskr\u00e1rnar sem \u00fearf til a\u00f0 hefja leikinn \u00e1 %s .","common.dialog.message.exit.yes":"H\u00e6tta.","common.dialog.btn.no":"h\u00e6tta vi\u00f0","language.confirm.yes":"Breyta.","config.10.1":"vera \u00feess vir\u00f0i","storage.label.none":"Engin g\u00f6gn","language.confirm":"Viltu breyta tungum\u00e1linu sem \u00fe\u00fa notar \u00ed %s ?","config.10":"Breyttu litnum \u00e1 \u00feegar lesnum setningum","storage.title.load":"hla\u00f0a","config.5":"Sj\u00e1lfvirk stilling hra\u00f0i","config.7.all":"allt","config.8":"Slepptu framhaldi eftir vali","config.9.1":"vera \u00feess vir\u00f0i","common.dialog.btn.yes":"Allt \u00ed lagi","config.tab.system":"kerfi","extra.cg.dialog.page":"%d / %d","common.dialog.message.save.yes":"vista","common.dialog.message.load.yes":"hla\u00f0a","common.dialog.message.save":"Viltu vista \u00fea\u00f0?","config.7.read":"lesi\u00f0 a\u00f0eins","config.3":"R\u00d6DD","config.9.0":"sta\u00f0bundi\u00f0","config.reset.confirm.yes":"Frumstilla.","talk.quickload.confirm":"Viltu endurr\u00e6sa fr\u00e1 vista\u00f0ri senu?","config.tab.sound":"HLJ\u00d3\u00d0","talk.quicksave.message":"\u00de\u00fa hefur vista\u00f0 leikinn. \u00de\u00fa getur haldi\u00f0 \u00e1fram fr\u00e1 n\u00faverandi atri\u00f0i.","config.4":"skj\u00e1hra\u00f0i stafa","config.reset.confirm":"Viltu frumstilla stillingarnar?","common.dialog.message.download":"Ni\u00f0urhal.","title.translate.notallowed":"Uppstilltu tungum\u00e1lastillingarnar vegna \u00feess a\u00f0 nau\u00f0synlegar skr\u00e1r vantar.","storage.date.none":"----/--/-- --:--","common.dialog.btn.cancel":"truflun","language.error.2":"\u00de\u00fa hefur ekki a\u00f0gang a\u00f0 \u00fej\u00f3ninum.","config.7":"sleppa ham","language.error.1":"Mi\u00f0larinn er \u00ed vi\u00f0haldi.","config.9":"Sj\u00e1lfvirk stilling \u00e1framhaldandi eftir val","common.dialog.message.title":"Viltu fara aftur \u00e1 titilskj\u00e1inn?","extra.scene.confirm.yes":"Hefja.","common.dialog.message.load":"Viltu hla\u00f0a?","common.dialog.message.title.yes":"A\u00f0 titlinum","config.2":"SE","config.8.1":"vera \u00feess vir\u00f0i","title.translate.failed":"Uppstilltu tungum\u00e1lastillingarnar vegna \u00feess a\u00f0 ni\u00f0urhali\u00f0 mist\u00f3kst.","common.dialog.message.exit":"Viltu h\u00e6tta \u00ed leiknum?","language.error.255":"\u00dej\u00f3nninn er ekki tilt\u00e6kur."},"/ui/common/config/btn_sound.ui":{"rootdata":{"2":"hlj\u00f3\u00f0"}},"/ui/common/ui/btn_title.ui":{"rootdata":{"2":"titill"}},"/ui/720p/storage/storage.ui":{"rootdata":{"1":"Vista"}},"/ui/common/storage/datum.ui":{"rootdata":{"3":{"1":"Engin g\u00f6gn"}}},"/ui/720p/config/config.ui":{"rootdata":{"1":"kerfi"}},"/ui/common/title/btn_language.ui":{"rootdata":{"0":"Tungum\u00e1l"}}}