{"/ui/1080p/talk/log.ui":{"rootdata":{"0":{"1":"BackLog"}}},"/ui/common/config/btn_reset.ui":{"rootdata":{"2":"Toe setiina"}},"/ui/1080p/extra/scenepage.ui":{"rootdata":{"0":{"0":"vaaiga"}}},"/img/1080p/bg/ED0003_a.ui":{"rootdata":{"0":{"5":"Kanon Rapipaka","3":"Mekabu Shinonome","4":"Oni MAYUGE","10":"Yui","2":"Tsukimachi Usagi","7":"arp","8":"Minami no Tenjino","6":"Koyo Urami","1":"Toe fa'aleleia Aufaigaluega","9":"Majin Hachimitsu"}}},"/img/720p/bg/ED0000_a.ui":{"rootdata":{"0":{"1":"Uluai manatu, Black Swan, \"Amane Switch\""}}},"/ui/1080p/config/config.ui":{"rootdata":{"1":"faiga"}},"/ui/common/title/btn_continue.ui":{"rootdata":{"0":"Fa'aauau"}},"/img/1080p/bg/ED0007_a.ui":{"rootdata":{"0":{"1":"apa"}}},"/ui/common/ui/btn_exit.ui":{"rootdata":{"2":"ulufafo"}},"character":{"1st_grade":"tamaiti aoga tausaga muamua","cat":"pusi","female_student2":"Tama'ita'i tamaititi aoga 2","police_officer":"leoleo","friend":"uo","doctor":"foma'i","teacher":"faiaoga (potuaoga)","amane":"Amane","female":"fafine","amane_with_mother":"Tina. Amane","pe_teacher":"faiaoga o aoaoga faaletino","director":"ulu o se (a'oga) kalapu","theater_tirector":"faauluuluga o le matagaluega o tala faatino","School_principal":"puleaoga","theater_member":"sui o se vaega fa'afiafia","police_officer2":"Leoleo 2","nurse":"tausimai resitala","yukika":"Yukika","teacher1":"Faiaoga 1","hospital_officials":"tagata faigaluega ile falema'i","soccer_member":"kalapu soka","store_manager":"pule faleoloa","3rd_grade":"tamaiti aoga tausaga tolu","unknown":"O le \u0101?","wet_woman":"Sus\u016b fafine","police_officer3":"Leoleo 3.","4heroines":"Yoko & Izumi & Shizuku & Yukika","female_student":"tamaitai aoga","Students":"tamaiti aoga","literary_club_Director":"faauluuluga o le matagaluega o tusitusiga","part_time_job":"paita","youko":"Yoko","male":"itupa tane","children":"tama","youhei":"Yohei","Audiovisual_committee":"sui auai o le komiti o le le mafaufau","male_student":"tama a'oga","izumi":"Izumi","child":"fanau","male_student2":"Tama a'oga 2","hospital_officials2":"Tagata faigaluega ile falema'i 2","police_officer1":"Leoleo 1","classmate":"vasega","member2":"Sui Usufono 2.","athletics_member":"sui o le kalapu ta'aloga ta'aloga","male_student1":"Tama a'oga 1","resident":"nofomau","homeroom_teacher":"faiaoga potuaoga","father":"tama","police_officer4":"Leoleo 4.","literary_club_member":"o se tagata tusitusi o le aufaigaluega","customer":"tagata fa'atau","softball_member":"matagaluega polokalame","baseball_member":"kalapu pesipolo (ie pesipolo au a se iunivesite, fa\u02bbapotopotoga, ma isi)","male_student3":"Tama a'oga 3","news_caster":"fa'ameamea","teacher4":"Faiaoga Fa.","shizuku":"Sizuku","vice-president":"sui peresitene (o se kalapu po o se faalapotopotoga, faalapotopotoga)","member1":"Sui Usufono 1","teacher3":"Faiaoga Tolu.","shinzi":"Shinji","sales_clerk":"failautusi","female_student1":"Tama'ita'i tamaititi aoga 1","mother":"tina","father_in_law":"tam\u0101 faaletulafono","hospital_officials1":"Tagata faigaluega ile falema'i 1","member3":"Sui Usufono 3.","teacher2":"Faiaoga 2"},"/ui/720p/extra/cgpage.ui":{"rootdata":{"0":{"0":"CG"}}},"/ui/1080p/extra/routepage.ui":{"rootdata":{"0":{"0":"vaaiga"}}},"scene":{"34":{"hidden":"FAAIUGA5","name":"I'U 'O le ma'i e le mafai ona fofo'"},"29":{"hidden":"FAAIUGA3","name":"I'U \" toe timu"},"27":{"hidden":"25","name":"O lo'u tuafafine e sili ona ou fiafia i ai."},"8":{"hidden":"08","name":"O le olaga faapi'opi'o i aso uma"},"6":{"hidden":"06","name":"Sootaga ma Amane"},"15":{"hidden":"15","name":"E malie."},"5":{"hidden":"05","name":"valaaulia"},"23":{"hidden":"FAAIUGA1","name":"FA'AI'U \"Ame Furi"},"35":{"hidden":"IE6","name":"FA'AI'U \"O le i'uga o le tamo'ega: ......"},"11":{"hidden":"11","name":"O le mea ou te talitonu i ai..."},"26":{"hidden":"FAAIUGA2","name":"FAAIUGA \"Loimata o le Uaga"},"36":{"hidden":"I'UGA lilo","name":"FA'AI'U \"Valaau Fou Uaga\"."},"16":{"hidden":"16","name":"E na'o a'u la e valea?"},"25":{"hidden":"24","name":"timuga toulu i le taimi o le faanoanoa"},"4":{"hidden":"04","name":"uo"},"22":{"hidden":"22","name":"see o le laulaufaiva"},"12":{"hidden":"12","name":"faiga fa'aleaga"},"18":{"hidden":"18","name":"O le maa na amata ona taavavale."},"21":{"hidden":"21","name":"Suia Amane"},"1":{"hidden":"01","name":"Le tamaititi fou..."},"0":{"hidden":"00","name":"Amane"},"7":{"hidden":"07","name":"ua tumu i pu"},"17":{"hidden":"17","name":"filifiliga"},"32":{"hidden":"28","name":"aloa'ia o le aia tatau i le umiaina o fanua (e le shogunate, a feudal lord, etc.)"},"24":{"hidden":"23","name":"Sa ou mafaufau ia te oe."},"9":{"hidden":"09","name":"uili-uila"},"19":{"hidden":"19","name":"Na faapefea ona tupu lenei mea?"},"30":{"hidden":"27","name":"faitalia"},"10":{"hidden":"10","name":"fasioti tagata"},"14":{"hidden":"14","name":"filemu le mafaufau"},"3":{"hidden":"03","name":"Amane ma timuga"},"31":{"hidden":"FAAIUGA4","name":"FA'AI'U \"O le Fa'ai'uga o le Osofaiga: ......"},"2":{"hidden":"02","name":"Taimi fiafia"},"28":{"hidden":"26","name":"faavae (faaletino)"},"13":{"hidden":"13","name":"O lea ua tatou faatasi."},"33":{"hidden":"29","name":"tauleleia"},"20":{"hidden":"20","name":"taimi o le oti"}},"/img/720p/bg/ED0006_a.ui":{"rootdata":{"0":{"1":"gaosiga","2":"Ride On Works, Inc."}}},"/ui/720p/extra/soundpage.ui":{"rootdata":{"0":{"0":"leo"}}},"/ui/common/title/btn_start.ui":{"rootdata":{"0":"amata"}},"/img/720p/bg/ED0007_a.ui":{"rootdata":{"0":{"1":"apa"}}},"/img/1080p/bg/ED0002_a.ui":{"rootdata":{"0":{"1":"fua","2":"Pengin","3":"Ryusei"}}},"/ui/common/ui/btn_back.ui":{"rootdata":{"2":"tua"}},"/ui/common/title/btn_load.ui":{"rootdata":{"0":"uta"}},"/ui/720p/language/language.ui":{"rootdata":{"1":"Gagana"}},"/ui/common/extra/achieve.ui":{"rootdata":{"1":"fua o le ausia"}},"/ui/720p/talk/log.ui":{"rootdata":{"0":{"1":"BackLog"}}},"/img/1080p/bg/ED0000_a.ui":{"rootdata":{"0":{"1":"Uluai manatu, Black Swan, \"Amane Switch\""}}},"/img/720p/bg/ED0004_a.ui":{"rootdata":{"0":{"1":"gaosiga atoatoa","2":"Bushi"}}},"/ui/720p/extra/scenepage.ui":{"rootdata":{"0":{"0":"vaaiga"}}},"/ui/1080p/extra/soundpage.ui":{"rootdata":{"0":{"0":"leo"}}},"/img/1080p/bg/ED0004_a.ui":{"rootdata":{"0":{"1":"gaosiga atoatoa","2":"Bushi"}}},"/ui/common/extra/btn_thumbnail.ui":{"rootdata":{"0":{"1":"Leai fa'amatalaga"}}},"/ui/common/title/btn_config.ui":{"rootdata":{"0":"Config"}},"/img/720p/bg/ED0002_a.ui":{"rootdata":{"0":{"1":"fua","2":"Pengin","3":"Ryusei"}}},"/img/1080p/bg/ED0005_a.ui":{"rootdata":{"0":{"1":"gaosiga galulue faatasi","2":"Cyber Step Corporation"}}},"/img/720p/bg/ED0005_a.ui":{"rootdata":{"0":{"1":"gaosiga galulue faatasi","2":"Cyber Step Corporation"}}},"/ui/common/extra/btn_cg.ui":{"rootdata":{"2":"CG"}},"/ui/1080p/language/language.ui":{"rootdata":{"1":"Gagana"}},"/ui/common/config/btn_system.ui":{"rootdata":{"2":"faiga"}},"/ui/1080p/storage/storage.ui":{"rootdata":{"1":"Faasaoina"}},"/img/1080p/bg/ED0006_a.ui":{"rootdata":{"0":{"1":"gaosiga","2":"Ride On Works, Inc."}}},"/ui/720p/extra/routepage.ui":{"rootdata":{"0":{"0":"vaaiga"}}},"bgm":{"insecurity":{"label":"fa'anoanoa"},"eye1":{"label":"puludling alu ese"},"h1":{"label":"galugalu"},"rain":{"label":"matagi malulu"},"sys":{"label":"Vaituloto filemu"},"eye2":{"label":"lagi puaoa (tau)"},"sir":{"label":"faanoanoa"},"op":{"label":"Amane"},"ed":{"label":"Liusuavai i le lagi lautele"},"healing":{"label":"pa'i (se tagata) loto"},"danger":{"label":"ia latalata mai"},"h2":{"label":"loimata"}},"/ui/common/extra/btn_sound.ui":{"rootdata":{"2":"leo"}},"/ui/1080p/extra/cgpage.ui":{"rootdata":{"0":{"0":"CG"}}},"/img/1080p/bg/ED0001_a.ui":{"rootdata":{"0":{"5":"Shizuku Kizaki :. Uki Nashiki","6":"Yukika Mizushima :. Mei Oshiro","3":"Yoko Minegishi :. Ari Sayama","4":"Izumi Kizaki :. Nemea Iori (Stellar Cycle Campus)","1":"lafo","2":"Amane Satonaka :. Kyoko Kuramochi (Stellar Cycle Campus)"}}},"/ui/common/title/btn_extra.ui":{"rootdata":{"0":"Fa'aopoopo"}},"/img/720p/bg/ED0003_a.ui":{"rootdata":{"0":{"5":"Kanon Rapipaka","3":"Mekabu Shinonome","4":"Oni MAYUGE","10":"Yui","2":"Tsukimachi Usagi","7":"arp","8":"Minami no Tenjino","6":"Koyo Urami","1":"Toe fa'aleleia Aufaigaluega","9":"Majin Hachimitsu"}}},"/ui/common/extra/btn_scene.ui":{"rootdata":{"2":"vaaiga"}},"/img/720p/bg/ED0001_a.ui":{"rootdata":{"0":{"5":"Shizuku Kizaki :. Uki Nashiki","6":"Yukika Mizushima :. Mei Oshiro","3":"Yoko Minegishi :. Ari Sayama","4":"Izumi Kizaki :. Nemea Iori (Stellar Cycle Campus)","1":"lafo","2":"Amane Satonaka :. Kyoko Kuramochi (Stellar Cycle Campus)"}}},"dict":{"title.translate.cancaled":"Ua fa'alavelaveina le la'uina mai ma ua amata fa'atulaga gagana.","talk.quickload.confirm.yes":"O le a tatou toe amata.","title.continue.confirm.yes":"O le a tatou toe amata.","config.10.0":"lotoifale","storage.title.save":"Faasaoina","language.restart":"Toe fo'i i le lau ulutala.","config.6":"manino faamalama savali","title.continue.confirm":"E te mana'o e toe amata mai se vaaiga na sefe?","title.continue.nodata":"E leai se fa'amaumauga fa'asaoina.","storage.date":"Aso:","config.1":"musika i tua","config.8.0":"lotoifale","extra.scene.confirm":"E te mana\u02bbo e amata i lenei vaaiga?","title.translate.confirm.yes":"download","title.translate.confirm":"La'u mai faila fou e mana'omia e amata ai le ta'aloga i %s .","common.dialog.message.exit.yes":"Alu.","common.dialog.btn.no":"fa'aleaogaina","language.confirm.yes":"Suiga.","config.10.1":"ia taua","storage.label.none":"Leai ni fa'amatalaga","language.confirm":"Ete mana'o e sui le gagana e te fa'aogaina ile %s ?","config.10":"Suia le lanu o fuaiupu ua uma ona faitau","storage.title.load":"uta","config.5":"Saosaoa ala otometi","config.7.all":"uma","config.8":"Fa'ase'e le fa'aauau pe a uma le filifiliga","config.9.1":"ia taua","common.dialog.btn.yes":"Ua lelei","config.tab.system":"faiga","extra.cg.dialog.page":"%d / %d","common.dialog.message.save.yes":"laveai","common.dialog.message.load.yes":"uta","common.dialog.message.save":"E te mana'o e fa'asaoina?","config.7.read":"faitau na'o","config.3":"LEO","config.9.0":"lotoifale","config.reset.confirm.yes":"Fa'amuamua.","talk.quickload.confirm":"E te mana'o e toe amata mai se vaaiga na sefe?","config.tab.sound":"LEO","talk.quicksave.message":"Ua e faasaoina le taaloga. E mafai ona e toe amata mai le vaaiga o iai nei.","config.4":"fa'aali uiga saosaoa","config.reset.confirm":"E te mana'o e fa'amataina fa'atulagaga?","common.dialog.message.download":"La'uina.","title.translate.notallowed":"Amata le fa'atulagaina o le gagana ona o lo'o misi faila mana'omia.","storage.date.none":"----/--/-- --:--","common.dialog.btn.cancel":"fa'alavelave","language.error.2":"E le fa'atagaina oe e te ulufale i le server.","config.7":"fa'ase'e faiga","language.error.1":"O lo'o fa'aleleia le server.","config.9":"Fa'aauau le faiga otometi pe a uma le filifiliga","common.dialog.message.title":"E te mana'o e toe fo'i i le mata'itusi autu?","extra.scene.confirm.yes":"Amata.","common.dialog.message.load":"E te mana'o e uta?","common.dialog.message.title.yes":"I le ulutala","config.2":"SE","config.8.1":"ia taua","title.translate.failed":"Amata le fa'atulagaina o gagana ona ua le manuia le la'uina.","common.dialog.message.exit":"E te mana'o e tu'u le ta'aloga?","language.error.255":"E le avanoa le server."},"/ui/common/config/btn_sound.ui":{"rootdata":{"2":"leo"}},"/ui/common/ui/btn_title.ui":{"rootdata":{"2":"suafa"}},"/ui/720p/storage/storage.ui":{"rootdata":{"1":"Faasaoina"}},"/ui/common/storage/datum.ui":{"rootdata":{"3":{"1":"Leai Faamatalaga"}}},"/ui/720p/config/config.ui":{"rootdata":{"1":"faiga"}},"/ui/common/title/btn_language.ui":{"rootdata":{"0":"Gagana"}}}