{"/ui/1080p/talk/log.ui":{"rootdata":{"0":{"1":"BackLog"}}},"/ui/common/config/btn_reset.ui":{"rootdata":{"2":"Restablecer"}},"/ui/1080p/extra/scenepage.ui":{"rootdata":{"0":{"0":"escena"}}},"/img/1080p/bg/ED0003_a.ui":{"rootdata":{"0":{"5":"Kanon Rapipaka","3":"Mekabu Shinonome","4":"Oni MAYUGE","10":"Yui","2":"Tsukimachi Usagi","7":"arp","8":"Minami no Tenjino","6":"Koyo Urami","1":"Remake Staff","9":"Majin Hachimitsu"}}},"/img/720p/bg/ED0000_a.ui":{"rootdata":{"0":{"1":"Idea orixinal, Black Swan, \"Amane Switch\""}}},"/ui/1080p/config/config.ui":{"rootdata":{"1":"sistema"}},"/ui/common/title/btn_continue.ui":{"rootdata":{"0":"Continuar"}},"/img/1080p/bg/ED0007_a.ui":{"rootdata":{"0":{"1":"fin"}}},"/ui/common/ui/btn_exit.ui":{"rootdata":{"2":"sa\u00edr"}},"character":{"1st_grade":"estudante de primeiro curso","cat":"gato","female_student2":"Estudante 2","police_officer":"polic\u00eda","friend":"amigo","doctor":"m\u00e9dico","teacher":"profesor (aula)","amane":"Amane","female":"muller","amane_with_mother":"Nai. Amane","pe_teacher":"profesor de educaci\u00f3n f\u00edsica","director":"xefe dun club (escolar).","theater_tirector":"xefe do departamento de teatro","School_principal":"principal","theater_member":"membro dun grupo de teatro","police_officer2":"Polic\u00eda 2","nurse":"enfermeira rexistrada","yukika":"Yukika","teacher1":"Profesor 1","hospital_officials":"persoal hospitalario","soccer_member":"club de f\u00fatbol","store_manager":"encargado de tenda","3rd_grade":"estudante de terceiro curso","unknown":"Que?","wet_woman":"Muller mollada","police_officer3":"Polic\u00eda 3.","4heroines":"Yoko & Izumi & Shizuku & Yukika","female_student":"estudante","Students":"estudantes","literary_club_Director":"xefe do departamento literario","part_time_job":"byte","youko":"Yoko","male":"x\u00e9nero masculino","children":"neno","youhei":"Yohei","Audiovisual_committee":"membro do comit\u00e9 de privaci\u00f3n sensorial","male_student":"estudante masculino","izumi":"Izumi","child":"nenos","male_student2":"Estudante masculino 2","hospital_officials2":"Persoal hospitalario 2","police_officer1":"Polic\u00eda 1","classmate":"compa\u00f1eiro de clase","member2":"Membro 2.","athletics_member":"membro do club de atletismo","male_student1":"Estudante masculino 1","resident":"residente","homeroom_teacher":"profesor de aula","father":"pai","police_officer4":"Polic\u00eda 4.","literary_club_member":"un membro literario do persoal","customer":"cliente","softball_member":"departamento de software","baseball_member":"club de b\u00e9isbol (\u00e9 dicir, equipo de b\u00e9isbol dunha universidade, corporaci\u00f3n, etc.)","male_student3":"Estudante masculino 3","news_caster":"lanzador","teacher4":"Profesor Catro.","shizuku":"Shizuku","vice-president":"vicepresidente (dun club ou organizaci\u00f3n, organizaci\u00f3n)","member1":"Membro 1","teacher3":"Profesor Tres.","shinzi":"Shinji","sales_clerk":"oficinista","female_student1":"Alumna 1","mother":"nai","father_in_law":"sogro","hospital_officials1":"Persoal hospitalario 1","member3":"Membro 3.","teacher2":"Profesor 2"},"/ui/720p/extra/cgpage.ui":{"rootdata":{"0":{"0":"CG"}}},"/ui/1080p/extra/routepage.ui":{"rootdata":{"0":{"0":"escena"}}},"scene":{"34":{"hidden":"FIN 5","name":"FIN \"A enfermidade que non se pode curar\""},"29":{"hidden":"FIN3","name":"FIN \"de novo chuvioso"},"27":{"hidden":"25","name":"A mi\u00f1a irm\u00e1 favorita."},"8":{"hidden":"08","name":"Vida coti\u00e1 de perversi\u00f3n"},"6":{"hidden":"06","name":"Relaci\u00f3n con Amane"},"15":{"hidden":"15","name":"\u00c9 divertido."},"5":{"hidden":"05","name":"invitaci\u00f3n"},"23":{"hidden":"FIN1","name":"FIN \"Ame Furi"},"35":{"hidden":"FIN 6","name":"FIN \"O final da carreira: ......"},"11":{"hidden":"11","name":"No que creo..."},"26":{"hidden":"FIN 2","name":"FIN \"B\u00e1goas de choiva"},"36":{"hidden":"FIN SECRETO","name":"FIN \"New Call Rain\"."},"16":{"hidden":"16","name":"Ent\u00f3n, eu son o \u00fanico que est\u00e1 tolo?"},"25":{"hidden":"24","name":"chuvia caendo nun momento de tristeza"},"4":{"hidden":"04","name":"amigo"},"22":{"hidden":"22","name":"deslizamento da lingua"},"12":{"hidden":"12","name":"acto de barbaridade"},"18":{"hidden":"18","name":"A pedra que comezou a rodar."},"21":{"hidden":"21","name":"Interruptor Amane"},"1":{"hidden":"01","name":"O novo estudante..."},"0":{"hidden":"00","name":"Amane"},"7":{"hidden":"07","name":"estar cheo de buratos"},"17":{"hidden":"17","name":"elecci\u00f3n"},"32":{"hidden":"28","name":"reco\u00f1ecemento do dereito \u00e1 propiedade da terra (polo shogunato, un se\u00f1or feudal, etc.)"},"24":{"hidden":"23","name":"Estaba pensando en ti."},"9":{"hidden":"09","name":"roda dentada"},"19":{"hidden":"19","name":"Como pasou isto?"},"30":{"hidden":"27","name":"libre albedr\u00edo"},"10":{"hidden":"10","name":"asasino"},"14":{"hidden":"14","name":"tranquilidade temporal"},"3":{"hidden":"03","name":"Amane e choiva"},"31":{"hidden":"FIN4","name":"FIN \"O final do asalto: ......"},"2":{"hidden":"02","name":"Tempo feliz"},"28":{"hidden":"26","name":"constituci\u00f3n (f\u00edsica)"},"13":{"hidden":"13","name":"Agora estamos xuntos."},"33":{"hidden":"29","name":"decente"},"20":{"hidden":"20","name":"momentos moribundos"}},"/img/720p/bg/ED0006_a.ui":{"rootdata":{"0":{"1":"produci\u00f3n","2":"Ride On Works, Inc."}}},"/ui/720p/extra/soundpage.ui":{"rootdata":{"0":{"0":"son"}}},"/ui/common/title/btn_start.ui":{"rootdata":{"0":"comezar"}},"/img/720p/bg/ED0007_a.ui":{"rootdata":{"0":{"1":"fin"}}},"/img/1080p/bg/ED0002_a.ui":{"rootdata":{"0":{"1":"producir","2":"Pengin","3":"Ryusei"}}},"/ui/common/ui/btn_back.ui":{"rootdata":{"2":"atr\u00e1s"}},"/ui/common/title/btn_load.ui":{"rootdata":{"0":"cargar"}},"/ui/720p/language/language.ui":{"rootdata":{"1":"Lingua"}},"/ui/common/extra/achieve.ui":{"rootdata":{"1":"taxa de logro"}},"/ui/720p/talk/log.ui":{"rootdata":{"0":{"1":"BackLog"}}},"/img/1080p/bg/ED0000_a.ui":{"rootdata":{"0":{"1":"Idea orixinal, Black Swan, \"Amane Switch\""}}},"/img/720p/bg/ED0004_a.ui":{"rootdata":{"0":{"1":"produci\u00f3n integral","2":"Bushi"}}},"/ui/720p/extra/scenepage.ui":{"rootdata":{"0":{"0":"escena"}}},"/ui/1080p/extra/soundpage.ui":{"rootdata":{"0":{"0":"son"}}},"/img/1080p/bg/ED0004_a.ui":{"rootdata":{"0":{"1":"produci\u00f3n integral","2":"Bushi"}}},"/ui/common/extra/btn_thumbnail.ui":{"rootdata":{"0":{"1":"Sen datos"}}},"/ui/common/title/btn_config.ui":{"rootdata":{"0":"Config"}},"/img/720p/bg/ED0002_a.ui":{"rootdata":{"0":{"1":"producir","2":"Pengin","3":"Ryusei"}}},"/img/1080p/bg/ED0005_a.ui":{"rootdata":{"0":{"1":"cooperaci\u00f3n de produci\u00f3n","2":"Cyber Step Corporation"}}},"/img/720p/bg/ED0005_a.ui":{"rootdata":{"0":{"1":"cooperaci\u00f3n de produci\u00f3n","2":"Cyber Step Corporation"}}},"/ui/common/extra/btn_cg.ui":{"rootdata":{"2":"CG"}},"/ui/1080p/language/language.ui":{"rootdata":{"1":"Lingua"}},"/ui/common/config/btn_system.ui":{"rootdata":{"2":"sistema"}},"/ui/1080p/storage/storage.ui":{"rootdata":{"1":"Gardar"}},"/img/1080p/bg/ED0006_a.ui":{"rootdata":{"0":{"1":"produci\u00f3n","2":"Ride On Works, Inc."}}},"/ui/720p/extra/routepage.ui":{"rootdata":{"0":{"0":"escena"}}},"bgm":{"insecurity":{"label":"melancol\u00eda"},"eye1":{"label":"charca lonxe"},"h1":{"label":"ondulaci\u00f3n"},"rain":{"label":"vento fr\u00edo"},"sys":{"label":"Lago tranquilo"},"eye2":{"label":"ceo nubrado (tempo)"},"sir":{"label":"desesperaci\u00f3n"},"op":{"label":"Amane"},"ed":{"label":"Derr\u00e9tese no amplo ceo"},"healing":{"label":"tocar o coraz\u00f3n (dunha persoa)."},"danger":{"label":"estar achegando"},"h2":{"label":"b\u00e1goas"}},"/ui/common/extra/btn_sound.ui":{"rootdata":{"2":"son"}},"/ui/1080p/extra/cgpage.ui":{"rootdata":{"0":{"0":"CG"}}},"/img/1080p/bg/ED0001_a.ui":{"rootdata":{"0":{"5":"Shizuku Kizaki:. Uki Nashiki","6":"Yukika Mizushima :. Mei Oshiro","3":"Yoko Minegishi :. Ari Sayama","4":"Izumi Kizaki:. Nemea Iori (Campus do Ciclo Estelar)","1":"reparto","2":"Amane Satonaka :. Kyoko Kuramochi (Campus do Ciclo Estelar)"}}},"/ui/common/title/btn_extra.ui":{"rootdata":{"0":"Extra"}},"/img/720p/bg/ED0003_a.ui":{"rootdata":{"0":{"5":"Kanon Rapipaka","3":"Mekabu Shinonome","4":"Oni MAYUGE","10":"Yui","2":"Tsukimachi Usagi","7":"arp","8":"Minami no Tenjino","6":"Koyo Urami","1":"Remake Staff","9":"Majin Hachimitsu"}}},"/ui/common/extra/btn_scene.ui":{"rootdata":{"2":"escena"}},"/img/720p/bg/ED0001_a.ui":{"rootdata":{"0":{"5":"Shizuku Kizaki:. Uki Nashiki","6":"Yukika Mizushima :. Mei Oshiro","3":"Yoko Minegishi :. Ari Sayama","4":"Izumi Kizaki:. Nemea Iori (Campus do Ciclo Estelar)","1":"reparto","2":"Amane Satonaka :. Kyoko Kuramochi (Campus do Ciclo Estelar)"}}},"dict":{"title.translate.cancaled":"A descarga foi interrompida e a configuraci\u00f3n do idioma in\u00edciase.","talk.quickload.confirm.yes":"Retomamos.","title.continue.confirm.yes":"Retomamos.","config.10.0":"local","storage.title.save":"Gardar","language.restart":"Volver \u00e1 pantalla de t\u00edtulo.","config.6":"transparencia da xanela da mensaxe","title.continue.confirm":"Queres reiniciar desde unha escena gardada?","title.continue.nodata":"Non hai datos gardados.","storage.date":"Data:","config.1":"m\u00fasica de fondo","config.8.0":"local","extra.scene.confirm":"Queres comezar con esta escena?","title.translate.confirm.yes":"descargar","title.translate.confirm":"Descarga os ficheiros de actualizaci\u00f3n necesarios para iniciar o xogo en %s .","common.dialog.message.exit.yes":"Sa\u00edr.","common.dialog.btn.no":"cancelar","language.confirm.yes":"Cambio.","config.10.1":"valer","storage.label.none":"Sen datos","language.confirm":"Queres cambiar o idioma que usas a %s ?","config.10":"Cambia a cor das frases xa lidas","storage.title.load":"cargar","config.5":"Velocidade do modo autom\u00e1tico","config.7.all":"todos","config.8":"Saltar a continuaci\u00f3n despois da elecci\u00f3n","config.9.1":"valer","common.dialog.btn.yes":"Ok","config.tab.system":"sistema","extra.cg.dialog.page":"%d / %d","common.dialog.message.save.yes":"gardar","common.dialog.message.load.yes":"cargar","common.dialog.message.save":"Queres gardalo?","config.7.read":"s\u00f3 lectura","config.3":"VOZ","config.9.0":"local","config.reset.confirm.yes":"Inicializar.","talk.quickload.confirm":"Queres reiniciar desde unha escena gardada?","config.tab.sound":"SON","talk.quicksave.message":"Gardaches a partida. Podes retomar a escena actual.","config.4":"velocidade de visualizaci\u00f3n de caracteres","config.reset.confirm":"Queres inicializar a configuraci\u00f3n?","common.dialog.message.download":"Descargando.","title.translate.notallowed":"Inicia a configuraci\u00f3n do idioma porque faltan os ficheiros necesarios.","storage.date.none":"----/--/-- --:--","common.dialog.btn.cancel":"interrupci\u00f3n","language.error.2":"Non tes permiso para acceder ao servidor.","config.7":"modo de salto","language.error.1":"O servidor est\u00e1 en mantemento.","config.9":"Continuaci\u00f3n do modo autom\u00e1tico despois da selecci\u00f3n","common.dialog.message.title":"Queres volver \u00e1 pantalla de t\u00edtulo?","extra.scene.confirm.yes":"Comezar.","common.dialog.message.load":"Queres cargar?","common.dialog.message.title.yes":"Ao t\u00edtulo","config.2":"SE","config.8.1":"valer","title.translate.failed":"Inicia a configuraci\u00f3n do idioma porque fallou a descarga.","common.dialog.message.exit":"Queres sa\u00edr do xogo?","language.error.255":"O servidor non est\u00e1 dispo\u00f1ible."},"/ui/common/config/btn_sound.ui":{"rootdata":{"2":"son"}},"/ui/common/ui/btn_title.ui":{"rootdata":{"2":"t\u00edtulo"}},"/ui/720p/storage/storage.ui":{"rootdata":{"1":"Gardar"}},"/ui/common/storage/datum.ui":{"rootdata":{"3":{"1":"Sen datos"}}},"/ui/720p/config/config.ui":{"rootdata":{"1":"sistema"}},"/ui/common/title/btn_language.ui":{"rootdata":{"0":"Lingua"}}}