{"/ui/1080p/talk/log.ui":{"rootdata":{"0":{"1":"Jaminan simpanan"}}},"/ui/common/config/btn_reset.ui":{"rootdata":{"2":"Mengatur ulang"}},"/ui/1080p/extra/scenepage.ui":{"rootdata":{"0":{"0":"pemandangan"}}},"/img/1080p/bg/ED0003_a.ui":{"rootdata":{"0":{"5":"Kanon Rapipa","3":"Mekabu Shinonome","4":"Oni MAYUGE","10":"Yui","2":"Tsukimachi Usagi","7":"arp","8":"Minami no Tenjino","6":"Koyo Urami","1":"Remake Staf","9":"Majin Hachimitsu"}}},"/img/720p/bg/ED0000_a.ui":{"rootdata":{"0":{"1":"Ide orisinal, Black Swan, \" Amane Switch\""}}},"/ui/1080p/config/config.ui":{"rootdata":{"1":"sistem"}},"/ui/common/title/btn_continue.ui":{"rootdata":{"0":"Melanjutkan"}},"/img/1080p/bg/ED0007_a.ui":{"rootdata":{"0":{"1":"sirip"}}},"/ui/common/ui/btn_exit.ui":{"rootdata":{"2":"keluar"}},"character":{"1st_grade":"mahasiswa tahun pertama","cat":"kucing","female_student2":"Murid perempuan 2","police_officer":"polisi","friend":"teman","doctor":"dokter","teacher":"guru (ruang kelas)","amane":"Amane","female":"wanita","amane_with_mother":"Ibu. Amane","pe_teacher":"guru olahraga","director":"kepala klub (sekolah)","theater_tirector":"kepala departemen drama","School_principal":"Kepala Sekolah","theater_member":"anggota rombongan teater","police_officer2":"Polisi 2","nurse":"mantri kesehatan","yukika":"Yukika","teacher1":"Guru 1","hospital_officials":"personel rumah sakit","soccer_member":"klub sepak bola","store_manager":"manajer toko","3rd_grade":"mahasiswa tahun ketiga","unknown":"Apa?","wet_woman":"Wanita basah kuyup","police_officer3":"Petugas Polisi3.","4heroines":"Yoko & Izumi & Shizuku & Yukika","female_student":"siswi","Students":"siswa","literary_club_Director":"kepala departemen sastra","part_time_job":"byte","youko":"Yoko","male":"jenis kelamin laki-laki","children":"anak","youhei":"Yohei","Audiovisual_committee":"anggota komite deprivasi sensorik","male_student":"murid laki laki","izumi":"Izumi","child":"anak-anak","male_student2":"Siswa laki-laki 2","hospital_officials2":"Personil rumah sakit 2","police_officer1":"Polisi 1","classmate":"teman sekelas","member2":"Anggota 2.","athletics_member":"anggota klub lari dan lapangan","male_student1":"Siswa laki-laki 1","resident":"penduduk","homeroom_teacher":"Wali kelas","father":"ayah","police_officer4":"Petugas Polisi 4.","literary_club_member":"anggota staf sastra","customer":"pelanggan","softball_member":"departemen perangkat lunak","baseball_member":"klub bisbol (yaitu tim bisbol universitas, perusahaan, dll.)","male_student3":"Murid laki-laki 3","news_caster":"kastor","teacher4":"Guru Empat.","shizuku":"Shizuku","vice-president":"wakil presiden (dari klub atau organisasi, organisasi)","member1":"Anggota 1","teacher3":"Guru Tiga.","shinzi":"Shinji","sales_clerk":"staf","female_student1":"Siswa perempuan 1","mother":"ibu","father_in_law":"ayah mertua","hospital_officials1":"Personil rumah sakit 1","member3":"Anggota 3.","teacher2":"Guru 2"},"/ui/720p/extra/cgpage.ui":{"rootdata":{"0":{"0":"CG"}}},"/ui/1080p/extra/routepage.ui":{"rootdata":{"0":{"0":"pemandangan"}}},"scene":{"34":{"hidden":"AKHIR5","name":"END 'Penyakit yang tidak bisa disembuhkan'"},"29":{"hidden":"SELESAI3","name":"SELESAI \"hujan lagi"},"27":{"hidden":"25","name":"Kakak kesayanganku."},"8":{"hidden":"08","name":"Kehidupan sehari-hari penyimpangan"},"6":{"hidden":"06","name":"Hubungan dengan Amane"},"15":{"hidden":"15","name":"Itu lucu."},"5":{"hidden":"05","name":"undangan"},"23":{"hidden":"END1","name":"SELESAI \"Ame Furi"},"35":{"hidden":"SELESAI6","name":"END \"Akhir Perjalanan: ......"},"11":{"hidden":"11","name":"Apa yang saya yakini..."},"26":{"hidden":"SELESAI2","name":"AKHIR \"Air Mata Hujan"},"36":{"hidden":"Rahasia AKHIR","name":"AKHIR \"Hujan Panggilan Baru\"."},"16":{"hidden":"16","name":"Jadi aku satu-satunya yang gila?"},"25":{"hidden":"24","name":"hujan turun disaat sedih"},"4":{"hidden":"04","name":"teman"},"22":{"hidden":"22","name":"lidah terpeleset"},"12":{"hidden":"12","name":"tindakan barbar"},"18":{"hidden":"18","name":"Batu yang mulai menggelinding."},"21":{"hidden":"21","name":"Saklar Amane"},"1":{"hidden":"01","name":"Murid baru itu..."},"0":{"hidden":"00","name":"Amane"},"7":{"hidden":"07","name":"penuh lubang"},"17":{"hidden":"17","name":"pilihan"},"32":{"hidden":"28","name":"pengakuan hak atas kepemilikan tanah (oleh shogun, tuan tanah feodal, dll.)"},"24":{"hidden":"23","name":"Aku sedang memikirkanmu."},"9":{"hidden":"09","name":"roda gigi"},"19":{"hidden":"19","name":"Bagaimana ini terjadi?"},"30":{"hidden":"27","name":"keinginan bebas"},"10":{"hidden":"10","name":"pembunuh"},"14":{"hidden":"14","name":"ketenangan pikiran sementara"},"3":{"hidden":"03","name":"Amane dan hujan"},"31":{"hidden":"SELESAI4","name":"AKHIR \"Akhir Serangan: ......"},"2":{"hidden":"02","name":"Senang waktu"},"28":{"hidden":"26","name":"konstitusi (fisik)"},"13":{"hidden":"13","name":"Sekarang kita bersama."},"33":{"hidden":"29","name":"baik"},"20":{"hidden":"20","name":"saat-saat sekarat"}},"/img/720p/bg/ED0006_a.ui":{"rootdata":{"0":{"1":"produksi","2":"Ride On Works, Inc."}}},"/ui/720p/extra/soundpage.ui":{"rootdata":{"0":{"0":"suara"}}},"/ui/common/title/btn_start.ui":{"rootdata":{"0":"Mulailah"}},"/img/720p/bg/ED0007_a.ui":{"rootdata":{"0":{"1":"sirip"}}},"/img/1080p/bg/ED0002_a.ui":{"rootdata":{"0":{"1":"menghasilkan","2":"penguin","3":"Ryusei"}}},"/ui/common/ui/btn_back.ui":{"rootdata":{"2":"kembali"}},"/ui/common/title/btn_load.ui":{"rootdata":{"0":"memuat"}},"/ui/720p/language/language.ui":{"rootdata":{"1":"Bahasa"}},"/ui/common/extra/achieve.ui":{"rootdata":{"1":"tingkat pencapaian"}},"/ui/720p/talk/log.ui":{"rootdata":{"0":{"1":"Jaminan simpanan"}}},"/img/1080p/bg/ED0000_a.ui":{"rootdata":{"0":{"1":"Ide orisinal, Black Swan, \" Amane Switch\""}}},"/img/720p/bg/ED0004_a.ui":{"rootdata":{"0":{"1":"produksi yang komprehensif","2":"Bushi"}}},"/ui/720p/extra/scenepage.ui":{"rootdata":{"0":{"0":"pemandangan"}}},"/ui/1080p/extra/soundpage.ui":{"rootdata":{"0":{"0":"suara"}}},"/img/1080p/bg/ED0004_a.ui":{"rootdata":{"0":{"1":"produksi yang komprehensif","2":"Bushi"}}},"/ui/common/extra/btn_thumbnail.ui":{"rootdata":{"0":{"1":"Tidak ada data"}}},"/ui/common/title/btn_config.ui":{"rootdata":{"0":"konfigurasi"}},"/img/720p/bg/ED0002_a.ui":{"rootdata":{"0":{"1":"menghasilkan","2":"penguin","3":"Ryusei"}}},"/img/1080p/bg/ED0005_a.ui":{"rootdata":{"0":{"1":"kerjasama produksi","2":"Perusahaan Langkah Cyber"}}},"/img/720p/bg/ED0005_a.ui":{"rootdata":{"0":{"1":"kerjasama produksi","2":"Perusahaan Langkah Cyber"}}},"/ui/common/extra/btn_cg.ui":{"rootdata":{"2":"CG"}},"/ui/1080p/language/language.ui":{"rootdata":{"1":"Bahasa"}},"/ui/common/config/btn_system.ui":{"rootdata":{"2":"sistem"}},"/ui/1080p/storage/storage.ui":{"rootdata":{"1":"Menyimpan"}},"/img/1080p/bg/ED0006_a.ui":{"rootdata":{"0":{"1":"produksi","2":"Ride On Works, Inc."}}},"/ui/720p/extra/routepage.ui":{"rootdata":{"0":{"0":"pemandangan"}}},"bgm":{"insecurity":{"label":"melankolis"},"eye1":{"label":"genangan air"},"h1":{"label":"riak"},"rain":{"label":"angin dingin"},"sys":{"label":"Danau yang tenang"},"eye2":{"label":"langit mendung (cuaca)"},"sir":{"label":"putus asa"},"op":{"label":"Amane"},"ed":{"label":"Meleleh ke langit yang luas"},"healing":{"label":"menyentuh hati (seseorang)"},"danger":{"label":"mendekat"},"h2":{"label":"air mata"}},"/ui/common/extra/btn_sound.ui":{"rootdata":{"2":"suara"}},"/ui/1080p/extra/cgpage.ui":{"rootdata":{"0":{"0":"CG"}}},"/img/1080p/bg/ED0001_a.ui":{"rootdata":{"0":{"5":"Shizuku Kizaki :. Uki Nashiki","6":"Yukika Mizushima :. Mei Oshiro","3":"Yoko Minegishi :. Ari Sayama","4":"Izumi Kizaki :. Nemea Iori (Kampus Siklus Bintang)","1":"Pemeran","2":"Amane Satonaka :. Kyoko Kuramochi (Kampus Siklus Bintang)"}}},"/ui/common/title/btn_extra.ui":{"rootdata":{"0":"Tambahan"}},"/img/720p/bg/ED0003_a.ui":{"rootdata":{"0":{"5":"Kanon Rapipa","3":"Mekabu Shinonome","4":"Oni MAYUGE","10":"Yui","2":"Tsukimachi Usagi","7":"arp","8":"Minami no Tenjino","6":"Koyo Urami","1":"Remake Staf","9":"Majin Hachimitsu"}}},"/ui/common/extra/btn_scene.ui":{"rootdata":{"2":"pemandangan"}},"/img/720p/bg/ED0001_a.ui":{"rootdata":{"0":{"5":"Shizuku Kizaki :. Uki Nashiki","6":"Yukika Mizushima :. Mei Oshiro","3":"Yoko Minegishi :. Ari Sayama","4":"Izumi Kizaki :. Nemea Iori (Kampus Siklus Bintang)","1":"Pemeran","2":"Amane Satonaka :. Kyoko Kuramochi (Kampus Siklus Bintang)"}}},"dict":{"title.translate.cancaled":"Unduhan telah terputus dan pengaturan bahasa diinisialisasi.","talk.quickload.confirm.yes":"Kami akan melanjutkan.","title.continue.confirm.yes":"Kami akan melanjutkan.","config.10.0":"lokal","storage.title.save":"Menyimpan","language.restart":"Kembali ke layar judul.","config.6":"transparansi jendela pesan","title.continue.confirm":"Apakah Anda ingin memulai ulang dari adegan yang disimpan?","title.continue.nodata":"Tidak ada penyimpanan data.","storage.date":"Tanggal :","config.1":"latarbelakang musik","config.8.0":"lokal","extra.scene.confirm":"Apakah Anda ingin memulai dengan adegan ini?","title.translate.confirm.yes":"unduh","title.translate.confirm":"Unduh file pembaruan yang diperlukan untuk memulai permainan di %s .","common.dialog.message.exit.yes":"Keluar.","common.dialog.btn.no":"membatalkan","language.confirm.yes":"Mengubah.","config.10.1":"berharga","storage.label.none":"Tidak ada data","language.confirm":"Apakah Anda ingin mengubah bahasa yang Anda gunakan ke %s ?","config.10":"Ubah warna kalimat yang sudah dibaca","storage.title.load":"memuat","config.5":"Kecepatan mode otomatis","config.7.all":"semua","config.8":"Lewati kelanjutan setelah pilihan","config.9.1":"berharga","common.dialog.btn.yes":"oke","config.tab.system":"sistem","extra.cg.dialog.page":"%d / %d","common.dialog.message.save.yes":"menyimpan","common.dialog.message.load.yes":"memuat","common.dialog.message.save":"Apakah Anda ingin menyimpannya?","config.7.read":"baca saja","config.3":"SUARA","config.9.0":"lokal","config.reset.confirm.yes":"Inisialisasi.","talk.quickload.confirm":"Apakah Anda ingin memulai ulang dari adegan yang disimpan?","config.tab.sound":"SUARA","talk.quicksave.message":"Anda telah menyimpan permainan. Anda dapat melanjutkan dari adegan saat ini.","config.4":"kecepatan tampilan karakter","config.reset.confirm":"Apakah Anda ingin menginisialisasi pengaturan?","common.dialog.message.download":"Mengunduh.","title.translate.notallowed":"Inisialisasi pengaturan bahasa karena file yang diperlukan tidak ada.","storage.date.none":"----/--/-- --:--","common.dialog.btn.cancel":"gangguan","language.error.2":"Anda tidak diizinkan untuk mengakses server.","config.7":"lewati mode","language.error.1":"Server sedang dalam pemeliharaan.","config.9":"Kelanjutan mode otomatis setelah pemilihan","common.dialog.message.title":"Apakah Anda ingin kembali ke layar judul?","extra.scene.confirm.yes":"Memulai.","common.dialog.message.load":"Apakah Anda ingin memuat?","common.dialog.message.title.yes":"Untuk judulnya","config.2":"SE","config.8.1":"berharga","title.translate.failed":"Inisialisasi pengaturan bahasa karena unduhan gagal.","common.dialog.message.exit":"Apakah Anda ingin keluar dari permainan?","language.error.255":"Server tidak tersedia."},"/ui/common/config/btn_sound.ui":{"rootdata":{"2":"suara"}},"/ui/common/ui/btn_title.ui":{"rootdata":{"2":"judul"}},"/ui/720p/storage/storage.ui":{"rootdata":{"1":"Menyimpan"}},"/ui/common/storage/datum.ui":{"rootdata":{"3":{"1":"Tidak ada data"}}},"/ui/720p/config/config.ui":{"rootdata":{"1":"sistem"}},"/ui/common/title/btn_language.ui":{"rootdata":{"0":"Bahasa"}}}