{"/ui/1080p/talk/log.ui":{"rootdata":{"0":{"1":"BackLog"}}},"/ui/common/config/btn_reset.ui":{"rootdata":{"2":"Ho\u02bboponopono hou"}},"/ui/1080p/extra/scenepage.ui":{"rootdata":{"0":{"0":"hi\u02bbona"}}},"/img/1080p/bg/ED0003_a.ui":{"rootdata":{"0":{"5":"Kanon Rapipaka","3":"Mekabu Shinonome","4":"Oni MAYUGE","10":"\u02bbO Yui","2":"\u02bbO Tsukimachi Usagi","7":"arp","8":"Minami no Tenjino","6":"Koyo Urami","1":"N\u0101 limahana hana hou","9":"Majin Hachimitsu"}}},"/img/720p/bg/ED0000_a.ui":{"rootdata":{"0":{"1":"Mana\u02bbo kumu, Black Swan, \"Amane Switch\""}}},"/ui/1080p/config/config.ui":{"rootdata":{"1":"\u02bb\u014dnaehana"}},"/ui/common/title/btn_continue.ui":{"rootdata":{"0":"E ho\u02bbomau"}},"/img/1080p/bg/ED0007_a.ui":{"rootdata":{"0":{"1":"fin"}}},"/ui/common/ui/btn_exit.ui":{"rootdata":{"2":"puka"}},"character":{"1st_grade":"haum\u0101na makahiki mua","cat":"popoki","female_student2":"Haum\u0101na wahine 2","police_officer":"makai","friend":"hoaloha","doctor":"kahuna lapaau","teacher":"kumu (lumi papa)","amane":"Amane","female":"wahine","amane_with_mother":"Makuahine. Amane","pe_teacher":"kumu ho\u02bbona\u02bbauao kino","director":"poo o kahi hui (kula).","theater_tirector":"poo o ka oihana keaka","School_principal":"po\u02bbokela","theater_member":"lala o ka hui keaka","police_officer2":"Makai 2","nurse":"kahu kahu","yukika":"\u02bbo Yukika","teacher1":"Kumu 1","hospital_officials":"limahana halemai","soccer_member":"hui p\u014dpeku","store_manager":"luna hale k\u016b\u02bbai","3rd_grade":"haum\u0101na makahiki \u02bbekolu","unknown":"He aha?","wet_woman":"Wahine pulu pulu","police_officer3":"Makai 3.","4heroines":"\u02bbO Yoko & Izumi & Shizuku & Yukika","female_student":"haumana wahine","Students":"n\u0101 haum\u0101na","literary_club_Director":"poo o ka oihana palapala","part_time_job":"byte","youko":"\u02bbO Yoko","male":"k\u0101ne k\u0101ne","children":"keiki","youhei":"Yohei","Audiovisual_committee":"l\u0101l\u0101 o ke k\u014dmike ho\u02bbonele na\u02bbau","male_student":"haumana k\u0101ne","izumi":"\u02bbO Izumi","child":"keiki","male_student2":"Haum\u0101na k\u0101ne 2","hospital_officials2":"N\u0101 limahana halemai 2","police_officer1":"Makai 1","classmate":"hoa papa","member2":"Lala 2.","athletics_member":"l\u0101l\u0101 o ka hui track and field","male_student1":"Haum\u0101na k\u0101ne 1","resident":"kamaaina","homeroom_teacher":"kumu homeroom","father":"makuak\u0101ne","police_officer4":"Makai 4.","literary_club_member":"he mea k\u0101kau mo\u02bbolelo o n\u0101 limahana","customer":"mea k\u016b\u02bbai","softball_member":"\u02bboihana lako polokalamu","baseball_member":"ka l\u0101\u02bbau baseball (\u02bbo ia ho\u02bbi ka hui baseball o ke kulanui, hui, etc.)","male_student3":"Haum\u0101na k\u0101ne 3","news_caster":"mea hoolele","teacher4":"Kumu Eha.","shizuku":"Shizuku","vice-president":"hope peresidena (no kahi hui a hui paha, hui)","member1":"Lala 1","teacher3":"Kumu Ekolu.","shinzi":"Shinji","sales_clerk":"kakauolelo","female_student1":"Haum\u0101na wahine 1","mother":"makuahine","father_in_law":"makuah\u014dn\u014dwai k\u0101ne","hospital_officials1":"N\u0101 limahana o ka haukapila 1","member3":"Lala 3.","teacher2":"Kumu 2"},"/ui/720p/extra/cgpage.ui":{"rootdata":{"0":{"0":"CG"}}},"/ui/1080p/extra/routepage.ui":{"rootdata":{"0":{"0":"hi\u02bbona"}}},"scene":{"34":{"hidden":"HOPE5","name":"HOPE 'Ka ma'i hiki ole ke hoola'"},"29":{"hidden":"HOPE3","name":"HOPE \"ua hou"},"27":{"hidden":"25","name":"Ku\u02bbu kaikuahine punahele."},"8":{"hidden":"08","name":"\u02bbO ke ola o k\u0113l\u0101 me k\u0113ia l\u0101 o ke kolohe"},"6":{"hidden":"06","name":"Pili ia Amane"},"15":{"hidden":"15","name":"He \u02bbaka\u02bbaka."},"5":{"hidden":"05","name":"kono"},"23":{"hidden":"HOPE1","name":"HOPE \"Ame Furi"},"35":{"hidden":"HOPE6","name":"HOPE \"Ka Hopena o ka Holo: ......"},"11":{"hidden":"11","name":"\u02bbO ka\u02bbu mea i mana\u02bbo\u02bbi\u02bbo ai ..."},"26":{"hidden":"HOPE2","name":"HOPE \"Wamaka o ka Ua"},"36":{"hidden":"HUNA huna","name":"HOPE \"Ka Ua Kahea Hou\"."},"16":{"hidden":"16","name":"No laila \u02bbo wau wale n\u014d ka pupule?"},"25":{"hidden":"24","name":"h\u0101\u02bbule ka ua i ka w\u0101 kaumaha"},"4":{"hidden":"04","name":"hoaloha"},"22":{"hidden":"22","name":"pahee o ke alelo"},"12":{"hidden":"12","name":"hana kolohe"},"18":{"hidden":"18","name":"\u02bbO ka p\u014dhaku i ho\u02bbomaka e ka\u02bba."},"21":{"hidden":"21","name":"Ho\u02bbololi \u02bbo Amane"},"1":{"hidden":"01","name":"\u02bbO ka haum\u0101na hou ..."},"0":{"hidden":"00","name":"Amane"},"7":{"hidden":"07","name":"piha i na lua"},"17":{"hidden":"17","name":"koho"},"32":{"hidden":"28","name":"ka \u02bbike \u02bbana i ke kuleana o ka \u02bb\u0101ina (e ka shogunate, a feudal lord, etc.)"},"24":{"hidden":"23","name":"Ua no\u02bbono\u02bbo wau i\u0101 \u02bboe."},"9":{"hidden":"09","name":"huila cog"},"19":{"hidden":"19","name":"Pehea i hana ai k\u0113ia?"},"30":{"hidden":"27","name":"mana\u02bbo k\u016b\u02bboko\u02bba"},"10":{"hidden":"10","name":"pepehi kanaka"},"14":{"hidden":"14","name":"ka maluhia manawa"},"3":{"hidden":"03","name":"\u02bbO Amane me ka ua"},"31":{"hidden":"HOPE4","name":"HOPE \"Ka hopena o ka ho\u02bbouka kaua: ......"},"2":{"hidden":"02","name":"Ka manawa hau\u02bboli"},"28":{"hidden":"26","name":"kumuk\u0101n\u0101wai (kino)"},"13":{"hidden":"13","name":"I k\u0113ia manawa ua hui p\u016b m\u0101kou."},"33":{"hidden":"29","name":"k\u016bpono"},"20":{"hidden":"20","name":"manawa make"}},"/img/720p/bg/ED0006_a.ui":{"rootdata":{"0":{"1":"hana \u02bbana","2":"Ride On Works, Inc."}}},"/ui/720p/extra/soundpage.ui":{"rootdata":{"0":{"0":"kani"}}},"/ui/common/title/btn_start.ui":{"rootdata":{"0":"ho\u02bbomaka"}},"/img/720p/bg/ED0007_a.ui":{"rootdata":{"0":{"1":"fin"}}},"/img/1080p/bg/ED0002_a.ui":{"rootdata":{"0":{"1":"hua","2":"Pengin","3":"Ryusei"}}},"/ui/common/ui/btn_back.ui":{"rootdata":{"2":"hope"}},"/ui/common/title/btn_load.ui":{"rootdata":{"0":"ukana"}},"/ui/720p/language/language.ui":{"rootdata":{"1":"\u02bb\u014clelo"}},"/ui/common/extra/achieve.ui":{"rootdata":{"1":"ka nui o ka ho\u02bbok\u014d"}},"/ui/720p/talk/log.ui":{"rootdata":{"0":{"1":"BackLog"}}},"/img/1080p/bg/ED0000_a.ui":{"rootdata":{"0":{"1":"Mana\u02bbo kumu, Black Swan, \"Amane Switch\""}}},"/img/720p/bg/ED0004_a.ui":{"rootdata":{"0":{"1":"hana piha","2":"Bushi"}}},"/ui/720p/extra/scenepage.ui":{"rootdata":{"0":{"0":"hi\u02bbona"}}},"/ui/1080p/extra/soundpage.ui":{"rootdata":{"0":{"0":"kani"}}},"/img/1080p/bg/ED0004_a.ui":{"rootdata":{"0":{"1":"hana piha","2":"Bushi"}}},"/ui/common/extra/btn_thumbnail.ui":{"rootdata":{"0":{"1":"NoData"}}},"/ui/common/title/btn_config.ui":{"rootdata":{"0":"Config"}},"/img/720p/bg/ED0002_a.ui":{"rootdata":{"0":{"1":"hua","2":"Pengin","3":"Ryusei"}}},"/img/1080p/bg/ED0005_a.ui":{"rootdata":{"0":{"1":"hana hui","2":"\u02bbO Cyber Step Corporation"}}},"/img/720p/bg/ED0005_a.ui":{"rootdata":{"0":{"1":"hana hui","2":"\u02bbO Cyber Step Corporation"}}},"/ui/common/extra/btn_cg.ui":{"rootdata":{"2":"CG"}},"/ui/1080p/language/language.ui":{"rootdata":{"1":"\u02bb\u014clelo"}},"/ui/common/config/btn_system.ui":{"rootdata":{"2":"\u02bb\u014dnaehana"}},"/ui/1080p/storage/storage.ui":{"rootdata":{"1":"M\u0101lama"}},"/img/1080p/bg/ED0006_a.ui":{"rootdata":{"0":{"1":"hana \u02bbana","2":"Ride On Works, Inc."}}},"/ui/720p/extra/routepage.ui":{"rootdata":{"0":{"0":"hi\u02bbona"}}},"bgm":{"insecurity":{"label":"melancholy"},"eye1":{"label":"puddling away"},"h1":{"label":"ripple"},"rain":{"label":"makani anu"},"sys":{"label":"Ka loko m\u0101lie"},"eye2":{"label":"lani \u02bb\u014dpua (weather)"},"sir":{"label":"paulele"},"op":{"label":"Amane"},"ed":{"label":"hehee i ka lani akea"},"healing":{"label":"ho\u02bbop\u0101 (a kanaka) pu\u02bbuwai"},"danger":{"label":"e hookokoke mai"},"h2":{"label":"waimaka"}},"/ui/common/extra/btn_sound.ui":{"rootdata":{"2":"kani"}},"/ui/1080p/extra/cgpage.ui":{"rootdata":{"0":{"0":"CG"}}},"/img/1080p/bg/ED0001_a.ui":{"rootdata":{"0":{"5":"Shizuku Kizaki :. Uki Nashiki","6":"Yukika Mizushima :. Mei Oshiro","3":"Yoko Minegishi :. Ari Sayama","4":"Izumi Kizaki :. Nemea Iori (Stellar Cycle Campus)","1":"hoolei","2":"Amane Satonaka :. Kyoko Kuramochi (Stellar Cycle Campus)"}}},"/ui/common/title/btn_extra.ui":{"rootdata":{"0":"\u02bbOi aku"}},"/img/720p/bg/ED0003_a.ui":{"rootdata":{"0":{"5":"Kanon Rapipaka","3":"Mekabu Shinonome","4":"Oni MAYUGE","10":"\u02bbO Yui","2":"\u02bbO Tsukimachi Usagi","7":"arp","8":"Minami no Tenjino","6":"Koyo Urami","1":"N\u0101 limahana hana hou","9":"Majin Hachimitsu"}}},"/ui/common/extra/btn_scene.ui":{"rootdata":{"2":"hi\u02bbona"}},"/img/720p/bg/ED0001_a.ui":{"rootdata":{"0":{"5":"Shizuku Kizaki :. Uki Nashiki","6":"Yukika Mizushima :. Mei Oshiro","3":"Yoko Minegishi :. Ari Sayama","4":"Izumi Kizaki :. Nemea Iori (Stellar Cycle Campus)","1":"hoolei","2":"Amane Satonaka :. Kyoko Kuramochi (Stellar Cycle Campus)"}}},"dict":{"title.translate.cancaled":"Ua ho\u02bbopau \u02bbia ka ho\u02bboiho \u02bbana a ua ho\u02bbomaka ka ho\u02bbonohonoho \u02bb\u014dlelo.","talk.quickload.confirm.yes":"E ho\u02bbomaka hou m\u0101kou.","title.continue.confirm.yes":"E ho\u02bbomaka hou m\u0101kou.","config.10.0":"k\u016bloko","storage.title.save":"M\u0101lama","language.restart":"E ho\u02bbi i ka pale po\u02bbo.","config.6":"puka aniani memo akaka","title.continue.confirm":"Makemake \u02bboe e ho\u02bbomaka hou mai kahi ki\u02bbi i m\u0101lama \u02bbia?","title.continue.nodata":"\u02bbA\u02bbohe \u02bbikepili m\u0101lama.","storage.date":"l\u0101 :","config.1":"mele hope","config.8.0":"k\u016bloko","extra.scene.confirm":"Makemake \u02bboe e ho\u02bbomaka me k\u0113ia hi\u02bbohi\u02bbona?","title.translate.confirm.yes":"download","title.translate.confirm":"Ho\u02bboiho i n\u0101 faila hou e pono ai e ho\u02bbomaka i ka p\u0101\u02bbani ma %s .","common.dialog.message.exit.yes":"Puka.","common.dialog.btn.no":"k\u0101pae","language.confirm.yes":"Ho\u02bbololi.","config.10.1":"e waiwai","storage.label.none":"\u02bbA\u02bbohe \u02bbikepili","language.confirm":"Makemake \u02bboe e ho\u02bbololi i ka \u02bb\u014dlelo \u0101u e ho\u02bbohana ai i\u0101 %s ?","config.10":"E ho\u02bbololi i ke kala o n\u0101 hua\u02bb\u014dlelo i heluhelu mua \u02bbia","storage.title.load":"ukana","config.5":"\u02bbO ka m\u0101m\u0101 holo \u02bboko\u02bba","config.7.all":"pau loa","config.8":"Ho\u02bboku\u02bbu i ka ho\u02bbomau ma hope o ke koho","config.9.1":"e waiwai","common.dialog.btn.yes":"OK","config.tab.system":"\u02bb\u014dnaehana","extra.cg.dialog.page":"%d / %d","common.dialog.message.save.yes":"hoopakele","common.dialog.message.load.yes":"ukana","common.dialog.message.save":"Makemake \u02bboe e m\u0101lama?","config.7.read":"heluhelu wale","config.3":"LEO","config.9.0":"k\u016bloko","config.reset.confirm.yes":"Ho\u02bbomaka.","talk.quickload.confirm":"Makemake \u02bboe e ho\u02bbomaka hou mai kahi ki\u02bbi i m\u0101lama \u02bbia?","config.tab.sound":"KA LEO","talk.quicksave.message":"Ua m\u0101lama \u02bboe i ka p\u0101\u02bbani. Hiki i\u0101 \u02bboe ke ho\u02bbomaka hou mai ke \u02bbano o k\u0113ia manawa.","config.4":"wikiwiki h\u014d\u02bbike \u02bbano","config.reset.confirm":"Makemake \u02bboe e ho\u02bbomaka i n\u0101 ho\u02bbonohonoho?","common.dialog.message.download":"Ho\u02bboiho \u02bbia.","title.translate.notallowed":"E ho\u02bbomaka i n\u0101 ho\u02bbonohonoho \u02bb\u014dlelo no ka nalo \u02bbana o n\u0101 faila i makemake \u02bbia.","storage.date.none":"----/--/-- --:--","common.dialog.btn.cancel":"keakea","language.error.2":"\u02bbA\u02bbole \u02bbae \u02bbia \u02bboe e komo i ke kikowaena.","config.7":"ho\u02bbopololei","language.error.1":"M\u0101lama \u02bbia ke kikowaena.","config.9":"Ke ho\u02bbomau nei ke \u02bbano ka\u02bba ma hope o ke koho \u02bbana","common.dialog.message.title":"Makemake \u02bboe e ho\u02bbi i ka pale po\u02bbo inoa?","extra.scene.confirm.yes":"Ho\u02bbomaka.","common.dialog.message.load":"Makemake \u02bboe e ho\u02bbouka?","common.dialog.message.title.yes":"I ke po\u02bbo inoa","config.2":"SE","config.8.1":"e waiwai","title.translate.failed":"E ho\u02bbomaka i n\u0101 ho\u02bbonohonoho \u02bb\u014dlelo no ka h\u0101\u02bbule \u02bbole o ka ho\u02bboiho \u02bbana.","common.dialog.message.exit":"Makemake \u02bboe e ha\u02bbalele i ka p\u0101\u02bbani?","language.error.255":"\u02bbA\u02bbole loa\u02bba ke kikowaena."},"/ui/common/config/btn_sound.ui":{"rootdata":{"2":"kani"}},"/ui/common/ui/btn_title.ui":{"rootdata":{"2":"inoa"}},"/ui/720p/storage/storage.ui":{"rootdata":{"1":"M\u0101lama"}},"/ui/common/storage/datum.ui":{"rootdata":{"3":{"1":"\u02bbA\u02bbohe \u02bbikepili"}}},"/ui/720p/config/config.ui":{"rootdata":{"1":"\u02bb\u014dnaehana"}},"/ui/common/title/btn_language.ui":{"rootdata":{"0":"\u02bb\u014clelo"}}}