{"/ui/1080p/talk/log.ui":{"rootdata":{"0":{"1":"BackLog"}}},"/ui/common/config/btn_reset.ui":{"rootdata":{"2":"Zer\u00e9cksetzen"}},"/ui/1080p/extra/scenepage.ui":{"rootdata":{"0":{"0":"Zeen"}}},"/img/1080p/bg/ED0003_a.ui":{"rootdata":{"0":{"5":"Kanon Rapipaka","3":"Mekabu Shinonome","4":"Oni MAYUGE","10":"Yui","2":"Tsukimachi Usagi","7":"arp","8":"Minami no Tenjino","6":"Koyo Urami","1":"Remake Staff","9":"Majin Hachimitsu"}}},"/img/720p/bg/ED0000_a.ui":{"rootdata":{"0":{"1":"Original Iddi, Black Swan, \"Amane Switch\""}}},"/ui/1080p/config/config.ui":{"rootdata":{"1":"System"}},"/ui/common/title/btn_continue.ui":{"rootdata":{"0":"Fuert weider"}},"/img/1080p/bg/ED0007_a.ui":{"rootdata":{"0":{"1":"fin"}}},"/ui/common/ui/btn_exit.ui":{"rootdata":{"2":"Sortie"}},"character":{"1st_grade":"\u00e9ischte Joer Student","cat":"katz","female_student2":"Studentin 2","police_officer":"Polizist","friend":"Fr\u00ebnd","doctor":"Dokter","teacher":"Schoulmeeschter (Klassesall)","amane":"Amane","female":"frau","amane_with_mother":"Mamm. Amane","pe_teacher":"kierperlech Enseignant","director":"Chef vun engem (Schoul)club","theater_tirector":"Chef vun der Drama Departement","School_principal":"Haaptleit","theater_member":"Member vun enger Theatergrupp","police_officer2":"Polizist 2","nurse":"registr\u00e9iert Infirmi\u00e8re","yukika":"Yukika","teacher1":"Enseignant 1","hospital_officials":"Spidol Personal","soccer_member":"Fussball Club","store_manager":"Buttek Manager","3rd_grade":"dr\u00ebtt Joer Sch\u00fcler","unknown":"Waat?","wet_woman":"Naass Fra","police_officer3":"Polizist 3.","4heroines":"Yoko & Izumi & Shizuku & Yukika","female_student":"weiblech Sch\u00fcler","Students":"Sch\u00fcler","literary_club_Director":"Chef vun der literarescher Departement","part_time_job":"byte","youko":"Yoko","male":"m\u00e4nnlecht Geschlecht","children":"Kand","youhei":"Yohei","Audiovisual_committee":"sensoresch Entzuch Comit\u00e9 Member","male_student":"m\u00e4nnlech Sch\u00fcler","izumi":"Izumi","child":"Kanner","male_student2":"M\u00e4nnlech Sch\u00fcler 2","hospital_officials2":"Spidol Personal 2","police_officer1":"Polizist 1","classmate":"Klassekomeroden","member2":"Member 2.","athletics_member":"Streck a Feld Club Member","male_student1":"M\u00e4nnlech Sch\u00fcler 1","resident":"Awunner","homeroom_teacher":"Hausmeeschter","father":"Papp","police_officer4":"Polizist 4.","literary_club_member":"e literaresche Member vum Personal","customer":"Client","softball_member":"Software Departement","baseball_member":"Baseball Club (dh Baseball Team vun enger Universit\u00e9it, Entreprise, asw.)","male_student3":"M\u00e4nnlech Sch\u00fcler 3","news_caster":"Caster","teacher4":"Enseignant V\u00e9ier.","shizuku":"Shizuku","vice-president":"Vizepresident (vun engem Club oder Organisatioun, Organisatioun)","member1":"Member 1","teacher3":"Enseignant Dr\u00e4i.","shinzi":"Shinji","sales_clerk":"klerk","female_student1":"Studentin 1","mother":"Mamm","father_in_law":"Schw\u00e9ierpapp","hospital_officials1":"Spidol Personal 1","member3":"Member 3.","teacher2":"Enseignant 2"},"/ui/720p/extra/cgpage.ui":{"rootdata":{"0":{"0":"CG"}}},"/ui/1080p/extra/routepage.ui":{"rootdata":{"0":{"0":"Zeen"}}},"scene":{"34":{"hidden":"ENG 5","name":"END 'D'Krankheet d\u00e9i net geheelt ka ginn'"},"29":{"hidden":"END3","name":"END \"reenteg"},"27":{"hidden":"25","name":"Meng L\u00e9ifsten Schw\u00ebster."},"8":{"hidden":"08","name":"Alldag vun Perversioun"},"6":{"hidden":"06","name":"Relatioun zu Amane"},"15":{"hidden":"15","name":"Et ass witzeg."},"5":{"hidden":"05","name":"Invitatioun"},"23":{"hidden":"END 1","name":"END \"Ame Furi"},"35":{"hidden":"ENG 6","name":"END \"D'Enn vum Run: ......"},"11":{"hidden":"11","name":"Wat ech gleewen ..."},"26":{"hidden":"END 2","name":"END \"Tr\u00e4nen vum Reen"},"36":{"hidden":"Secret END","name":"END \"New Call Reen\"."},"16":{"hidden":"16","name":"Also ech sinn deen eenzegen deen verr\u00e9ckt ass?"},"25":{"hidden":"24","name":"Reen falen zu enger Z\u00e4it vun Trauer"},"4":{"hidden":"04","name":"Fr\u00ebnd"},"22":{"hidden":"22","name":"Rutsch vun der Zong"},"12":{"hidden":"12","name":"Akt vun Barbarit\u00e9it"},"18":{"hidden":"18","name":"De Steen deen ugefaang huet ze rullen."},"21":{"hidden":"21","name":"Amane schalt"},"1":{"hidden":"01","name":"Den neie Sch\u00fcler..."},"0":{"hidden":"00","name":"Amane"},"7":{"hidden":"07","name":"voller L\u00e4cher sinn"},"17":{"hidden":"17","name":"Choix"},"32":{"hidden":"28","name":"Unerkennung vum Recht op Landbes\u00ebtz (vum Shogunat, engem Feudalherr, asw.)"},"24":{"hidden":"23","name":"Ech hunn un dech geduecht."},"9":{"hidden":"09","name":"Z\u00e4nnrad"},"19":{"hidden":"19","name":"W\u00e9i ass dat geschitt?"},"30":{"hidden":"27","name":"freien W\u00ebllen"},"10":{"hidden":"10","name":"Attent\u00e4ter"},"14":{"hidden":"14","name":"tempor\u00e4re Fridden vum Geescht"},"3":{"hidden":"03","name":"Amane a Reen"},"31":{"hidden":"END 4","name":"END \"The End of Assault: ......"},"2":{"hidden":"02","name":"Gl\u00e9cklech Z\u00e4it"},"28":{"hidden":"26","name":"Verfassung (kierperlech)"},"13":{"hidden":"13","name":"Elo si mir zesummen."},"33":{"hidden":"29","name":"uerdentlech"},"20":{"hidden":"20","name":"stierwen Momenter"}},"/img/720p/bg/ED0006_a.ui":{"rootdata":{"0":{"1":"Produktioun","2":"D'Geschicht vun Ride On Works, Inc."}}},"/ui/720p/extra/soundpage.ui":{"rootdata":{"0":{"0":"kl\u00e9ngt"}}},"/ui/common/title/btn_start.ui":{"rootdata":{"0":"uf\u00e4nken"}},"/img/720p/bg/ED0007_a.ui":{"rootdata":{"0":{"1":"fin"}}},"/img/1080p/bg/ED0002_a.ui":{"rootdata":{"0":{"1":"produz\u00e9ieren","2":"Pengin","3":"Ryusei"}}},"/ui/common/ui/btn_back.ui":{"rootdata":{"2":"zr\u00e9ck"}},"/ui/common/title/btn_load.ui":{"rootdata":{"0":"lueden"}},"/ui/720p/language/language.ui":{"rootdata":{"1":"Sprooch"}},"/ui/common/extra/achieve.ui":{"rootdata":{"1":"Taux vun Leeschtung"}},"/ui/720p/talk/log.ui":{"rootdata":{"0":{"1":"BackLog"}}},"/img/1080p/bg/ED0000_a.ui":{"rootdata":{"0":{"1":"Original Iddi, Black Swan, \"Amane Switch\""}}},"/img/720p/bg/ED0004_a.ui":{"rootdata":{"0":{"1":"\u00ebmfaassend Produktioun","2":"Bushi"}}},"/ui/720p/extra/scenepage.ui":{"rootdata":{"0":{"0":"Zeen"}}},"/ui/1080p/extra/soundpage.ui":{"rootdata":{"0":{"0":"kl\u00e9ngt"}}},"/img/1080p/bg/ED0004_a.ui":{"rootdata":{"0":{"1":"\u00ebmfaassend Produktioun","2":"Bushi"}}},"/ui/common/extra/btn_thumbnail.ui":{"rootdata":{"0":{"1":"NoData"}}},"/ui/common/title/btn_config.ui":{"rootdata":{"0":"Config"}},"/img/720p/bg/ED0002_a.ui":{"rootdata":{"0":{"1":"produz\u00e9ieren","2":"Pengin","3":"Ryusei"}}},"/img/1080p/bg/ED0005_a.ui":{"rootdata":{"0":{"1":"Produktioun Zesummenaarbecht","2":"Cyber Step Corporation"}}},"/img/720p/bg/ED0005_a.ui":{"rootdata":{"0":{"1":"Produktioun Zesummenaarbecht","2":"Cyber Step Corporation"}}},"/ui/common/extra/btn_cg.ui":{"rootdata":{"2":"CG"}},"/ui/1080p/language/language.ui":{"rootdata":{"1":"Sprooch"}},"/ui/common/config/btn_system.ui":{"rootdata":{"2":"System"}},"/ui/1080p/storage/storage.ui":{"rootdata":{"1":"Spueren"}},"/img/1080p/bg/ED0006_a.ui":{"rootdata":{"0":{"1":"Produktioun","2":"D'Geschicht vun Ride On Works, Inc."}}},"/ui/720p/extra/routepage.ui":{"rootdata":{"0":{"0":"Zeen"}}},"bgm":{"insecurity":{"label":"melancholie"},"eye1":{"label":"puddelen ewech"},"h1":{"label":"r\u00ebselen"},"rain":{"label":"kale Wand"},"sys":{"label":"Roueg S\u00e9i"},"eye2":{"label":"Wolleken Himmel (Wieder)"},"sir":{"label":"verzweifelt"},"op":{"label":"Amane"},"ed":{"label":"Schmelzen an de breeden Himmel"},"healing":{"label":"ber\u00e9ieren (eng Persoun) H\u00e4erz"},"danger":{"label":"kommen un"},"h2":{"label":"Tr\u00e9inen"}},"/ui/common/extra/btn_sound.ui":{"rootdata":{"2":"kl\u00e9ngt"}},"/ui/1080p/extra/cgpage.ui":{"rootdata":{"0":{"0":"CG"}}},"/img/1080p/bg/ED0001_a.ui":{"rootdata":{"0":{"5":"Shizuku Kizaki:. Uki Nashiki","6":"Yukika Mizushima:. Mei Oshiro","3":"Yoko Minegishi:. Ari Sayama","4":"Izumi Kizaki:. Nemea Iori (Stellar Cycle Campus)","1":"Besetzung","2":"Amane Satonaka:. Kyoko Kuramochi (Stellar Cycle Campus)"}}},"/ui/common/title/btn_extra.ui":{"rootdata":{"0":"Extra"}},"/img/720p/bg/ED0003_a.ui":{"rootdata":{"0":{"5":"Kanon Rapipaka","3":"Mekabu Shinonome","4":"Oni MAYUGE","10":"Yui","2":"Tsukimachi Usagi","7":"arp","8":"Minami no Tenjino","6":"Koyo Urami","1":"Remake Staff","9":"Majin Hachimitsu"}}},"/ui/common/extra/btn_scene.ui":{"rootdata":{"2":"Zeen"}},"/img/720p/bg/ED0001_a.ui":{"rootdata":{"0":{"5":"Shizuku Kizaki:. Uki Nashiki","6":"Yukika Mizushima:. Mei Oshiro","3":"Yoko Minegishi:. Ari Sayama","4":"Izumi Kizaki:. Nemea Iori (Stellar Cycle Campus)","1":"Besetzung","2":"Amane Satonaka:. Kyoko Kuramochi (Stellar Cycle Campus)"}}},"dict":{"title.translate.cancaled":"Den Download gouf \u00ebnnerbrach an d'Sproochastellunge ginn initialis\u00e9iert.","talk.quickload.confirm.yes":"Mir f\u00e4nke weider.","title.continue.confirm.yes":"Mir f\u00e4nke weider.","config.10.0":"lokal","storage.title.save":"Spueren","language.restart":"Zr\u00e9ck op den Titelbildschierm.","config.6":"Message F\u00ebnster Transparenz","title.continue.confirm":"W\u00ebllt Dir vun enger gesp\u00e4icherter Szen nei starten?","title.continue.nodata":"Et g\u00ebtt keng sp\u00e4icheren Daten.","storage.date":"Datum:","config.1":"Hannergrond Musek","config.8.0":"lokal","extra.scene.confirm":"W\u00ebllt Dir mat d\u00ebser Szen uf\u00e4nken?","title.translate.confirm.yes":"eroflueden","title.translate.confirm":"Luet d'Aktualis\u00e9ierungsdateien erof fir d'Spill op %s ze starten.","common.dialog.message.exit.yes":"Sortie.","common.dialog.btn.no":"annul\u00e9ieren","language.confirm.yes":"\u00c4nneren.","config.10.1":"w\u00e4ert sinn","storage.label.none":"Keng Daten","language.confirm":"W\u00ebllt Dir d'Sprooch \u00e4nneren op %s ?","config.10":"\u00c4nnert d'Faarf vu scho gelies S\u00e4tz","storage.title.load":"lueden","config.5":"Auto Modus Vitesse","config.7.all":"all","config.8":"Sprangen d'Fortsetzung no der Wiel","config.9.1":"w\u00e4ert sinn","common.dialog.btn.yes":"ok","config.tab.system":"System","extra.cg.dialog.page":"%d / %d","common.dialog.message.save.yes":"sp\u00e4icheren","common.dialog.message.load.yes":"lueden","common.dialog.message.save":"W\u00ebllt Dir et sp\u00e4icheren?","config.7.read":"n\u00ebmme liesen","config.3":"ST\u00cbMM","config.9.0":"lokal","config.reset.confirm.yes":"Initialis\u00e9ieren.","talk.quickload.confirm":"W\u00ebllt Dir vun enger gesp\u00e4icherter Szen nei starten?","config.tab.sound":"SOUND","talk.quicksave.message":"Dir hutt d'Spill gesp\u00e4ichert. Dir k\u00ebnnt vun der aktueller Szen weidergoen.","config.4":"Charakter Display Vitesse","config.reset.confirm":"W\u00ebllt Dir d'Astellunge initialis\u00e9ieren?","common.dialog.message.download":"Eroflueden.","title.translate.notallowed":"Initialis\u00e9iert d'Sproochastellunge well d\u00e9i erfuerderlech Dateie fehlen.","storage.date.none":"----/--/-- --:--","common.dialog.btn.cancel":"\u00cbnnerbriechung","language.error.2":"Dir sidd net erlaabt op de Server ze kommen.","config.7":"sprangen Modus","language.error.1":"De Server ass \u00ebnner \u00cbnnerhalt.","config.9":"Auto Modus Fortsetzung no Auswiel","common.dialog.message.title":"W\u00ebllt Dir zr\u00e9ck op den Titelbildschierm?","extra.scene.confirm.yes":"Initi\u00e9ieren.","common.dialog.message.load":"W\u00ebllt Dir lueden?","common.dialog.message.title.yes":"Zum Titel","config.2":"SE","config.8.1":"w\u00e4ert sinn","title.translate.failed":"Initialis\u00e9iert d'Sproochastellunge well den Download gescheitert ass.","common.dialog.message.exit":"W\u00ebllt Dir d'Spill ophalen?","language.error.255":"De Server ass net verf\u00fcgbar."},"/ui/common/config/btn_sound.ui":{"rootdata":{"2":"kl\u00e9ngt"}},"/ui/common/ui/btn_title.ui":{"rootdata":{"2":"Titel"}},"/ui/720p/storage/storage.ui":{"rootdata":{"1":"Spueren"}},"/ui/common/storage/datum.ui":{"rootdata":{"3":{"1":"Keng Daten"}}},"/ui/720p/config/config.ui":{"rootdata":{"1":"System"}},"/ui/common/title/btn_language.ui":{"rootdata":{"0":"Sprooch"}}}