{"/ui/1080p/talk/log.ui":{"rootdata":{"0":{"1":"BackLog"}}},"/ui/common/config/btn_reset.ui":{"rootdata":{"2":"Dib u dajin"}},"/ui/1080p/extra/scenepage.ui":{"rootdata":{"0":{"0":"muuqaal"}}},"/img/1080p/bg/ED0003_a.ui":{"rootdata":{"0":{"5":"Kanon Rapipaka","3":"Mekabu Shinonome","4":"Oni MAYUGE","10":"Yuu","2":"Tsukimachi Usagi","7":"arp","8":"Minami ma jiro Tenjino","6":"Koyo Urami","1":"Dib-u-samaynta Shaqaalaha","9":"Majin Hachimitsu"}}},"/img/720p/bg/ED0000_a.ui":{"rootdata":{"0":{"1":"Fikradda asalka ah, Black Swan, \"Amane Switch\""}}},"/ui/1080p/config/config.ui":{"rootdata":{"1":"nidaamka"}},"/ui/common/title/btn_continue.ui":{"rootdata":{"0":"Sii wad"}},"/img/1080p/bg/ED0007_a.ui":{"rootdata":{"0":{"1":"fin"}}},"/ui/common/ui/btn_exit.ui":{"rootdata":{"2":"ka bixid"}},"character":{"1st_grade":"ardayga fasalka koowaad","cat":"bisad","female_student2":"Arday dheddig ah 2","police_officer":"booliis","friend":"saaxiib","doctor":"dhakhtar","teacher":"macalin (fasalka)","amane":"Amane","female":"naag","amane_with_mother":"Hooyo Amane","pe_teacher":"macalinka jirdhiska","director":"madaxa naadiga (dugsiga).","theater_tirector":"madaxa qaybta riwaayadaha","School_principal":"maamule","theater_member":"xubin ka tirsan kooxda masraxa","police_officer2":"Taliyaha Booliska 2","nurse":"kalkaalisada diiwaangashan","yukika":"Yukika","teacher1":"Macalinka 1","hospital_officials":"shaqaalaha isbitaalka","soccer_member":"naadiga kubbadda cagta","store_manager":"maamulaha dukaanka","3rd_grade":"ardayga fasalka saddexaad","unknown":"Waa maxay?","wet_woman":"Naag qoyan oo qoyan","police_officer3":"Taliyaha Booliska 3.","4heroines":"Yoko & Izumi & Shizuku & Yukika","female_student":"gabadh ardayad ah","Students":"ardayda","literary_club_Director":"madaxa qaybta suugaanta","part_time_job":"byte","youko":"Yoko","male":"jinsiga lab","children":"ilmo","youhei":"Yohee","Audiovisual_committee":"Xubin ka mid ah guddiga dareen-celinta","male_student":"arday lab ah","izumi":"Izumi","child":"caruur","male_student2":"Arday lab ah 2","hospital_officials2":"Shaqaalaha isbitaalka 2","police_officer1":"Taliyaha Booliska 1","classmate":"fasalka","member2":"Xubinta 2.","athletics_member":"xubin naadi tartanka","male_student1":"Ardayga lab 1","resident":"degane","homeroom_teacher":"macalinka qolka guriga","father":"aabe","police_officer4":"Taliyaha Booliska 4.","literary_club_member":"xubin suugaaneedka shaqaalaha","customer":"macmiilka","softball_member":"waaxda software","baseball_member":"naadiga baseball (sida kooxda baseball ee jaamacad, shirkad, iwm.)","male_student3":"Arday lab ah 3","news_caster":"kataliye","teacher4":"Macallin Afar.","shizuku":"Shizuku","vice-president":"madaxweyne ku xigeenka (naadi ama urur, urur)","member1":"Xubinta 1","teacher3":"Macallin Saddex.","shinzi":"Shinji","sales_clerk":"karraaniga","female_student1":"Ardayga dheddig 1","mother":"hooyo","father_in_law":"soddog","hospital_officials1":"Shaqaalaha isbitaalka 1","member3":"Xubinta 3.","teacher2":"Macalin 2"},"/ui/720p/extra/cgpage.ui":{"rootdata":{"0":{"0":"CG"}}},"/ui/1080p/extra/routepage.ui":{"rootdata":{"0":{"0":"muuqaal"}}},"scene":{"34":{"hidden":"DHAMAAD5","name":"DHAMMAAD 'Cudurka aan la daweyn karin'"},"29":{"hidden":"DHAMAAD3","name":"DHAMMAAD \"roob mar kale"},"27":{"hidden":"25","name":"Walaashayda aan jeclahay."},"8":{"hidden":"08","name":"Nolol maalmeedka qalloocan"},"6":{"hidden":"06","name":"Xiriirka Amane"},"15":{"hidden":"15","name":"Waa qosol"},"5":{"hidden":"05","name":"martiqaad"},"23":{"hidden":"DHAMAAD1","name":"DHAMAAD \"Ame Furi"},"35":{"hidden":"DHAMAAD6","name":"DHAMMAAD \"Dhammaadka Orodka: ......"},"11":{"hidden":"11","name":"Waxa aan aaminsanahay..."},"26":{"hidden":"DHAMAAD2","name":"DHAMAAD \"Illintii Roobka"},"36":{"hidden":"Qarsoodi DHAMMAAD","name":"DHAMAAD \"Roobka Wicista Cusub\"."},"16":{"hidden":"16","name":"Markaa aniga kaliya ayaa waalan?"},"25":{"hidden":"24","name":"roobka da'aya xilli murugo"},"4":{"hidden":"04","name":"saaxiib"},"22":{"hidden":"22","name":"simbiriirixid carrabka"},"12":{"hidden":"12","name":"fal bahalnimo"},"18":{"hidden":"18","name":"Dhagaxii bilaabay inuu rogrogo."},"21":{"hidden":"21","name":"Amane beddel"},"1":{"hidden":"01","name":"Ardayga cusub..."},"0":{"hidden":"00","name":"Amane"},"7":{"hidden":"07","name":"godad ka buuxaan"},"17":{"hidden":"17","name":"doorasho"},"32":{"hidden":"28","name":"aqoonsiga xaqa lahaanshaha dhulka (waxaa qoray shogunate, sayid feudal, iwm.)"},"24":{"hidden":"23","name":"Waan ku fekerayay."},"9":{"hidden":"09","name":"cog-wheel"},"19":{"hidden":"19","name":"Sidee tani ku dhacday?"},"30":{"hidden":"27","name":"doonista xorta ah"},"10":{"hidden":"10","name":"gacan ku dhiigle"},"14":{"hidden":"14","name":"xasilloonida maskaxda ku meel gaar ah"},"3":{"hidden":"03","name":"Amane iyo roob"},"31":{"hidden":"DHAMAAD4","name":"DHAMMAAD \"Dhammaadka weerarka: ......"},"2":{"hidden":"02","name":"Waqti farxad leh"},"28":{"hidden":"26","name":"dastuurka (jirka)"},"13":{"hidden":"13","name":"Hadda waanu wada joognaa."},"33":{"hidden":"29","name":"hufan"},"20":{"hidden":"20","name":"daqiiqado dhimanaya"}},"/img/720p/bg/ED0006_a.ui":{"rootdata":{"0":{"1":"wax soo saarka","2":"Ride On Works, Inc."}}},"/ui/720p/extra/soundpage.ui":{"rootdata":{"0":{"0":"dhawaaq"}}},"/ui/common/title/btn_start.ui":{"rootdata":{"0":"bilow"}},"/img/720p/bg/ED0007_a.ui":{"rootdata":{"0":{"1":"fin"}}},"/img/1080p/bg/ED0002_a.ui":{"rootdata":{"0":{"1":"soo saar","2":"Qalinkii","3":"Ryusei"}}},"/ui/common/ui/btn_back.ui":{"rootdata":{"2":"dib u noqo"}},"/ui/common/title/btn_load.ui":{"rootdata":{"0":"raran"}},"/ui/720p/language/language.ui":{"rootdata":{"1":"Luuqad"}},"/ui/common/extra/achieve.ui":{"rootdata":{"1":"heerka guusha"}},"/ui/720p/talk/log.ui":{"rootdata":{"0":{"1":"BackLog"}}},"/img/1080p/bg/ED0000_a.ui":{"rootdata":{"0":{"1":"Fikradda asalka ah, Black Swan, \"Amane Switch\""}}},"/img/720p/bg/ED0004_a.ui":{"rootdata":{"0":{"1":"wax soo saar dhamaystiran","2":"Buushi"}}},"/ui/720p/extra/scenepage.ui":{"rootdata":{"0":{"0":"muuqaal"}}},"/ui/1080p/extra/soundpage.ui":{"rootdata":{"0":{"0":"dhawaaq"}}},"/img/1080p/bg/ED0004_a.ui":{"rootdata":{"0":{"1":"wax soo saar dhamaystiran","2":"Buushi"}}},"/ui/common/extra/btn_thumbnail.ui":{"rootdata":{"0":{"1":"NoData"}}},"/ui/common/title/btn_config.ui":{"rootdata":{"0":"Isku xidh"}},"/img/720p/bg/ED0002_a.ui":{"rootdata":{"0":{"1":"soo saar","2":"Qalinkii","3":"Ryusei"}}},"/img/1080p/bg/ED0005_a.ui":{"rootdata":{"0":{"1":"iskaashiga wax soo saarka","2":"Cyber Step Corporation"}}},"/img/720p/bg/ED0005_a.ui":{"rootdata":{"0":{"1":"iskaashiga wax soo saarka","2":"Cyber Step Corporation"}}},"/ui/common/extra/btn_cg.ui":{"rootdata":{"2":"CG"}},"/ui/1080p/language/language.ui":{"rootdata":{"1":"Luuqad"}},"/ui/common/config/btn_system.ui":{"rootdata":{"2":"nidaamka"}},"/ui/1080p/storage/storage.ui":{"rootdata":{"1":"Badbaadin"}},"/img/1080p/bg/ED0006_a.ui":{"rootdata":{"0":{"1":"wax soo saarka","2":"Ride On Works, Inc."}}},"/ui/720p/extra/routepage.ui":{"rootdata":{"0":{"0":"muuqaal"}}},"bgm":{"insecurity":{"label":"melancholy"},"eye1":{"label":"iska durdurin"},"h1":{"label":"dooxay"},"rain":{"label":"dabayl qabow"},"sys":{"label":"Harada degan"},"eye2":{"label":"cirka daruuraysan (cimilada)"},"sir":{"label":"quusasho"},"op":{"label":"Amane"},"ed":{"label":"Ku dhalaalay cirka ballaadhan"},"healing":{"label":"taabo (qofka) qalbigiisa"},"danger":{"label":"loo soo dhawaado"},"h2":{"label":"ilmo"}},"/ui/common/extra/btn_sound.ui":{"rootdata":{"2":"dhawaaq"}},"/ui/1080p/extra/cgpage.ui":{"rootdata":{"0":{"0":"CG"}}},"/img/1080p/bg/ED0001_a.ui":{"rootdata":{"0":{"5":"Shizuku Kizaki:. Uki Nashiki","6":"Yukika Mizushima :. Mei Oshiro","3":"Yoko Minegishi :. Ari Sayama","4":"Izumi Kizaki :. Nemea Iori (Xarunta Wareegga Xiddigaha)","1":"tuurid","2":"Amane Satonaka :. Kyoko Kuramochi"}}},"/ui/common/title/btn_extra.ui":{"rootdata":{"0":"Dheeraad ah"}},"/img/720p/bg/ED0003_a.ui":{"rootdata":{"0":{"5":"Kanon Rapipaka","3":"Mekabu Shinonome","4":"Oni MAYUGE","10":"Yuu","2":"Tsukimachi Usagi","7":"arp","8":"Minami ma jiro Tenjino","6":"Koyo Urami","1":"Dib-u-samaynta Shaqaalaha","9":"Majin Hachimitsu"}}},"/ui/common/extra/btn_scene.ui":{"rootdata":{"2":"muuqaal"}},"/img/720p/bg/ED0001_a.ui":{"rootdata":{"0":{"5":"Shizuku Kizaki:. Uki Nashiki","6":"Yukika Mizushima :. Mei Oshiro","3":"Yoko Minegishi :. Ari Sayama","4":"Izumi Kizaki :. Nemea Iori (Xarunta Wareegga Xiddigaha)","1":"tuurid","2":"Amane Satonaka :. Kyoko Kuramochi"}}},"dict":{"title.translate.cancaled":"Soodejintu waa la joojiyay oo habaynta luqadda waa la bilaabay.","talk.quickload.confirm.yes":"Waan dib u bilaabi doonaa","title.continue.confirm.yes":"Waan dib u bilaabi doonaa","config.10.0":"deegaanka","storage.title.save":"Badbaadin","language.restart":"Ku soo laabo shaashadda cinwaanka","config.6":"daahfurnaanta daaqadda fariinta","title.continue.confirm":"Ma rabtaa in aad dib uga bilawdo goobta la badbaadiyay?","title.continue.nodata":"Ma jirto xog kayd ah","storage.date":"Taariikh:","config.1":"muusikada asalka ah","config.8.0":"deegaanka","extra.scene.confirm":"Ma rabtaa inaad ka bilowdo muuqaalkan?","title.translate.confirm.yes":"soo dejiso","title.translate.confirm":"Soo deji faylasha cusboonaysiinta ee loo baahan yahay si ciyaarta looga bilaabo %s .","common.dialog.message.exit.yes":"Ka bax","common.dialog.btn.no":"burin","language.confirm.yes":"Beddel","config.10.1":"mudan tahay","storage.label.none":"Xog malaha","language.confirm":"Ma rabtaa inaad luqadda aad isticmaasho u badasho %s ?","config.10":"Beddel midabka jumladaha hore loo akhriyay","storage.title.load":"raran","config.5":"Xawaaraha qaabka otomaatiga ah","config.7.all":"dhammaan","config.8":"Ka bood sii wadida doorashada kadib","config.9.1":"mudan tahay","common.dialog.btn.yes":"OK","config.tab.system":"nidaamka","extra.cg.dialog.page":"%d / %d","common.dialog.message.save.yes":"badbaadi","common.dialog.message.load.yes":"raran","common.dialog.message.save":"Ma rabtaa inaad badbaadiso?","config.7.read":"akhri kaliya","config.3":"CODKA","config.9.0":"deegaanka","config.reset.confirm.yes":"Bilow","talk.quickload.confirm":"Ma rabtaa in aad dib uga bilawdo goobta la badbaadiyay?","config.tab.sound":"CODKA","talk.quicksave.message":"Waad badbaadisay ciyaarta. Waxaad dib uga bilaabi kartaa goobta hadda taagan.","config.4":"xawaaraha muujinta dabeecadda","config.reset.confirm":"Ma rabtaa in aad bilawdo dejinta?","common.dialog.message.download":"Soo dejinta","title.translate.notallowed":"Bilow dejinta luqadda sababtoo ah faylalka loo baahan yahay ayaa maqan.","storage.date.none":"----/------:--","common.dialog.btn.cancel":"hakad","language.error.2":"Laguuma ogola inaad gasho server-ka","config.7":"hab ka bood","language.error.1":"Seerfarku waa la dayactiray","config.9":"Habka otomaatiga ah u sii wadida xulashada ka dib","common.dialog.message.title":"Ma doonaysaa in aad ku soo laabato shaashadda cinwaanka?","extra.scene.confirm.yes":"Bilow","common.dialog.message.load":"Ma rabtaa inaad rarto?","common.dialog.message.title.yes":"Ku ciwaanka","config.2":"SE","config.8.1":"mudan tahay","title.translate.failed":"Bilow dejinta luqadda sababtoo ah soo dejintu waa guuldareystay.","common.dialog.message.exit":"Ma doonaysaa in aad ciyaarta joojiso?","language.error.255":"Serverka lama heli karo"},"/ui/common/config/btn_sound.ui":{"rootdata":{"2":"dhawaaq"}},"/ui/common/ui/btn_title.ui":{"rootdata":{"2":"horyaalka"}},"/ui/720p/storage/storage.ui":{"rootdata":{"1":"Badbaadin"}},"/ui/common/storage/datum.ui":{"rootdata":{"3":{"1":"Xog malaha"}}},"/ui/720p/config/config.ui":{"rootdata":{"1":"nidaamka"}},"/ui/common/title/btn_language.ui":{"rootdata":{"0":"Luuqad"}}}