{"/ui/1080p/talk/log.ui":{"rootdata":{"0":{"1":"BackLog"}}},"/ui/common/config/btn_reset.ui":{"rootdata":{"2":"Reyajiste"}},"/ui/1080p/extra/scenepage.ui":{"rootdata":{"0":{"0":"s\u00e8n"}}},"/img/1080p/bg/ED0003_a.ui":{"rootdata":{"0":{"5":"Kanon Rapipaka","3":"Mekabu Shinonome","4":"Oni MAYUGE","10":"Yui","2":"Tsukimachi Usagi","7":"arp","8":"Minami pa gen okenn Tenjino","6":"Koyo Urami","1":"Ref\u00e8 Anplwaye","9":"Majin Hachimitsu"}}},"/img/720p/bg/ED0000_a.ui":{"rootdata":{"0":{"1":"Lide orijinal, Black Swan, \"Amane switch\""}}},"/ui/1080p/config/config.ui":{"rootdata":{"1":"sist\u00e8m"}},"/ui/common/title/btn_continue.ui":{"rootdata":{"0":"Kontinye"}},"/img/1080p/bg/ED0007_a.ui":{"rootdata":{"0":{"1":"fin"}}},"/ui/common/ui/btn_exit.ui":{"rootdata":{"2":"s\u00f2ti"}},"character":{"1st_grade":"etidyan premye ane","cat":"chat","female_student2":"Fi etidyan 2","police_officer":"polisye","friend":"zanmi","doctor":"dokt\u00e8","teacher":"pwofes\u00e8 (sal klas)","amane":"Amane","female":"fanm","amane_with_mother":"Manman. Amane","pe_teacher":"pwofes\u00e8 edikasyon fizik","director":"ch\u00e8f yon (lek\u00f2l) klib","theater_tirector":"ch\u00e8f depatman dram","School_principal":"direkt\u00e8 lek\u00f2l la","theater_member":"manm yon troup teyat","police_officer2":"Ofisye lapolis 2","nurse":"enfimy\u00e8 ki anrejistre","yukika":"Yukika","teacher1":"Pwofes\u00e8 1","hospital_officials":"p\u00e8son\u00e8l lopital la","soccer_member":"klib foutb\u00f2l","store_manager":"manadj\u00e8 magazen","3rd_grade":"etidyan twazy\u00e8m ane","unknown":"Kisa?","wet_woman":"Tranpe fanm mouye","police_officer3":"Ofisye lapolis 3.","4heroines":"Yoko & Izumi & Shizuku & Yukika","female_student":"etidyan fi","Students":"el\u00e8v yo","literary_club_Director":"ch\u00e8f depatman liter\u00e8","part_time_job":"byte","youko":"Yoko","male":"s\u00e8ks maskilen","children":"pitit","youhei":"Yohei","Audiovisual_committee":"manm komite privasyon sansory\u00e8l","male_student":"etidyan gason","izumi":"Izumi","child":"timoun yo","male_student2":"El\u00e8v gason 2","hospital_officials2":"P\u00e8son\u00e8l lopital 2","police_officer1":"Ofisye lapolis 1","classmate":"kondisip klas la","member2":"Manm 2.","athletics_member":"manm klib track and field","male_student1":"El\u00e8v gason 1","resident":"rezidan","homeroom_teacher":"pwofes\u00e8 sal lakay","father":"papa","police_officer4":"Ofisye lapolis 4.","literary_club_member":"yon manm liter\u00e8 nan anplwaye a","customer":"kliyan","softball_member":"depatman lojisy\u00e8l","baseball_member":"klib bezb\u00f2l (sa vle di ekip bezb\u00f2l nan yon iniv\u00e8site, sosyete, elatriye)","male_student3":"El\u00e8v gason 3","news_caster":"jete","teacher4":"Pwofes\u00e8 Kat.","shizuku":"Shizuku","vice-president":"vis prezidan (yon klib oswa \u00f2ganizasyon, \u00f2ganizasyon)","member1":"Manm 1","teacher3":"Pwofes\u00e8 Twa.","shinzi":"Shinji","sales_clerk":"grefye","female_student1":"El\u00e8v fi 1","mother":"manman","father_in_law":"Bop\u00e8","hospital_officials1":"P\u00e8son\u00e8l lopital 1","member3":"Manm 3.","teacher2":"Pwofes\u00e8 2"},"/ui/720p/extra/cgpage.ui":{"rootdata":{"0":{"0":"CG"}}},"/ui/1080p/extra/routepage.ui":{"rootdata":{"0":{"0":"s\u00e8n"}}},"scene":{"34":{"hidden":"FEN5","name":"FINI 'Maladi a ki pa ka geri'"},"29":{"hidden":"FEN3","name":"FINI \"lapli ank\u00f2"},"27":{"hidden":"25","name":"S\u00e8 mwen pi renmen."},"8":{"hidden":"08","name":"Lavi chak jou nan p\u00e8v\u00e8syon"},"6":{"hidden":"06","name":"Relasyon ak Amane"},"15":{"hidden":"15","name":"Li komik."},"5":{"hidden":"05","name":"envitasyon"},"23":{"hidden":"FEN1","name":"FINI \"Ame Furi"},"35":{"hidden":"FEN6","name":"FEN \"Fin kouri a: ......"},"11":{"hidden":"11","name":"Sa mwen kw\u00e8 nan..."},"26":{"hidden":"FEN2","name":"FINI \"Dlo nan lapli"},"36":{"hidden":"Sekr\u00e8 FEN","name":"FINI \"Nouvo Rele Lapli\"."},"16":{"hidden":"16","name":"Kidonk se s\u00e8l mwen ki fou?"},"25":{"hidden":"24","name":"lapli tonbe nan yon moman nan trist\u00e8s"},"4":{"hidden":"04","name":"zanmi"},"22":{"hidden":"22","name":"glise nan lang lan"},"12":{"hidden":"12","name":"zak barbari"},"18":{"hidden":"18","name":"W\u00f2ch la ki te k\u00f2manse woule."},"21":{"hidden":"21","name":"Amane switch"},"1":{"hidden":"01","name":"Nouvo etidyan an..."},"0":{"hidden":"00","name":"Amane"},"7":{"hidden":"07","name":"yo te plen twou"},"17":{"hidden":"17","name":"chwa"},"32":{"hidden":"28","name":"rekonesans dwa pou pwopriyet\u00e8 t\u00e8 (pa shogunat la, yon m\u00e8t feyodal, elatriye)"},"24":{"hidden":"23","name":"Mwen tap panse a ou."},"9":{"hidden":"09","name":"cog-wou"},"19":{"hidden":"19","name":"Ki jan sa te rive?"},"30":{"hidden":"27","name":"lib volonte"},"10":{"hidden":"10","name":"asasen"},"14":{"hidden":"14","name":"tanpor\u00e8 lap\u00e8 nan t\u00e8t ou"},"3":{"hidden":"03","name":"Amane ak lapli"},"31":{"hidden":"FEN4","name":"FINI \"Fin atak la: ......"},"2":{"hidden":"02","name":"K\u00e8 kontan tan"},"28":{"hidden":"26","name":"konstitisyon (fizik)"},"13":{"hidden":"13","name":"Kounye a nou ansanm."},"33":{"hidden":"29","name":"desan"},"20":{"hidden":"20","name":"moman mouri"}},"/img/720p/bg/ED0006_a.ui":{"rootdata":{"0":{"1":"pwodiksyon","2":"Ride On Works, Inc."}}},"/ui/720p/extra/soundpage.ui":{"rootdata":{"0":{"0":"son"}}},"/ui/common/title/btn_start.ui":{"rootdata":{"0":"k\u00f2manse"}},"/img/720p/bg/ED0007_a.ui":{"rootdata":{"0":{"1":"fin"}}},"/img/1080p/bg/ED0002_a.ui":{"rootdata":{"0":{"1":"pwodui","2":"Pengin","3":"Ryusei"}}},"/ui/common/ui/btn_back.ui":{"rootdata":{"2":"tounen"}},"/ui/common/title/btn_load.ui":{"rootdata":{"0":"chaj"}},"/ui/720p/language/language.ui":{"rootdata":{"1":"Lang"}},"/ui/common/extra/achieve.ui":{"rootdata":{"1":"to reyalizasyon"}},"/ui/720p/talk/log.ui":{"rootdata":{"0":{"1":"BackLog"}}},"/img/1080p/bg/ED0000_a.ui":{"rootdata":{"0":{"1":"Lide orijinal, Black Swan, \"Amane switch\""}}},"/img/720p/bg/ED0004_a.ui":{"rootdata":{"0":{"1":"pwodiksyon konpl\u00e8","2":"Bushi"}}},"/ui/720p/extra/scenepage.ui":{"rootdata":{"0":{"0":"s\u00e8n"}}},"/ui/1080p/extra/soundpage.ui":{"rootdata":{"0":{"0":"son"}}},"/img/1080p/bg/ED0004_a.ui":{"rootdata":{"0":{"1":"pwodiksyon konpl\u00e8","2":"Bushi"}}},"/ui/common/extra/btn_thumbnail.ui":{"rootdata":{"0":{"1":"NoData"}}},"/ui/common/title/btn_config.ui":{"rootdata":{"0":"Konfigirasyon"}},"/img/720p/bg/ED0002_a.ui":{"rootdata":{"0":{"1":"pwodui","2":"Pengin","3":"Ryusei"}}},"/img/1080p/bg/ED0005_a.ui":{"rootdata":{"0":{"1":"koperasyon pwodiksyon","2":"Cyber Step Corporation"}}},"/img/720p/bg/ED0005_a.ui":{"rootdata":{"0":{"1":"koperasyon pwodiksyon","2":"Cyber Step Corporation"}}},"/ui/common/extra/btn_cg.ui":{"rootdata":{"2":"CG"}},"/ui/1080p/language/language.ui":{"rootdata":{"1":"Lang"}},"/ui/common/config/btn_system.ui":{"rootdata":{"2":"sist\u00e8m"}},"/ui/1080p/storage/storage.ui":{"rootdata":{"1":"Sove"}},"/img/1080p/bg/ED0006_a.ui":{"rootdata":{"0":{"1":"pwodiksyon","2":"Ride On Works, Inc."}}},"/ui/720p/extra/routepage.ui":{"rootdata":{"0":{"0":"s\u00e8n"}}},"bgm":{"insecurity":{"label":"melankoli"},"eye1":{"label":"flak dlo ale"},"h1":{"label":"rid"},"rain":{"label":"van fr\u00e8t"},"sys":{"label":"Lak trankil"},"eye2":{"label":"sy\u00e8l twoub (tan)"},"sir":{"label":"dezespwa"},"op":{"label":"Amane"},"ed":{"label":"Fonn nan sy\u00e8l la laj\u00e8"},"healing":{"label":"manyen k\u00e8 (yon moun)."},"danger":{"label":"ap apwoche"},"h2":{"label":"dlo nan je"}},"/ui/common/extra/btn_sound.ui":{"rootdata":{"2":"son"}},"/ui/1080p/extra/cgpage.ui":{"rootdata":{"0":{"0":"CG"}}},"/img/1080p/bg/ED0001_a.ui":{"rootdata":{"0":{"5":"Shizuku Kizaki :. Uki Nashiki","6":"Yukika Mizushima :. Mei Oshiro","3":"Yoko Minegishi :. Ari Sayama","4":"Izumi Kizaki :. Nemea Iori (Stellar Cycle Campus)","1":"jete","2":"Amane Satonaka :. Kyoko Kuramochi (Stellar Cycle Campus)"}}},"/ui/common/title/btn_extra.ui":{"rootdata":{"0":"Siplemant\u00e8"}},"/img/720p/bg/ED0003_a.ui":{"rootdata":{"0":{"5":"Kanon Rapipaka","3":"Mekabu Shinonome","4":"Oni MAYUGE","10":"Yui","2":"Tsukimachi Usagi","7":"arp","8":"Minami pa gen okenn Tenjino","6":"Koyo Urami","1":"Ref\u00e8 Anplwaye","9":"Majin Hachimitsu"}}},"/ui/common/extra/btn_scene.ui":{"rootdata":{"2":"s\u00e8n"}},"/img/720p/bg/ED0001_a.ui":{"rootdata":{"0":{"5":"Shizuku Kizaki :. Uki Nashiki","6":"Yukika Mizushima :. Mei Oshiro","3":"Yoko Minegishi :. Ari Sayama","4":"Izumi Kizaki :. Nemea Iori (Stellar Cycle Campus)","1":"jete","2":"Amane Satonaka :. Kyoko Kuramochi (Stellar Cycle Campus)"}}},"dict":{"title.translate.cancaled":"Telechajman an te ent\u00e8wonp epi param\u00e8t lang yo inisyalize.","talk.quickload.confirm.yes":"Nou pral rek\u00f2manse.","title.continue.confirm.yes":"Nou pral rek\u00f2manse.","config.10.0":"lokal","storage.title.save":"Sove","language.restart":"Retounen nan ekran tit la.","config.6":"transparans fen\u00e8t mesaj","title.continue.confirm":"\u00c8ske ou vle rek\u00f2manse nan yon s\u00e8n sove?","title.continue.nodata":"Pa gen okenn done sove.","storage.date":"Dat:","config.1":"mizik background","config.8.0":"lokal","extra.scene.confirm":"Ou vle k\u00f2manse ak s\u00e8n sa a?","title.translate.confirm.yes":"telechaje","title.translate.confirm":"Telechaje fichye aktyalizasyon ki neses\u00e8 pou k\u00f2manse jw\u00e8t la sou %s .","common.dialog.message.exit.yes":"S\u00f2ti.","common.dialog.btn.no":"anile","language.confirm.yes":"Chanje.","config.10.1":"dwe vo","storage.label.none":"Pa gen done","language.confirm":"\u00c8ske ou vle chanje lang ou itilize pou %s ?","config.10":"Chanje koul\u00e8 fraz ki deja li yo","storage.title.load":"chaj","config.5":"Vit\u00e8s m\u00f2d oto","config.7.all":"tout","config.8":"Sote kontinyasyon apre chwa","config.9.1":"dwe vo","common.dialog.btn.yes":"OK","config.tab.system":"sist\u00e8m","extra.cg.dialog.page":"%d / %d","common.dialog.message.save.yes":"sove","common.dialog.message.load.yes":"chaj","common.dialog.message.save":"Ou vle sove li?","config.7.read":"li s\u00e8lman","config.3":"VWA","config.9.0":"lokal","config.reset.confirm.yes":"Inisyalize.","talk.quickload.confirm":"\u00c8ske ou vle rek\u00f2manse nan yon s\u00e8n sove?","config.tab.sound":"SON","talk.quicksave.message":"Ou te sove jw\u00e8t la. Ou ka rezime nan s\u00e8n akty\u00e8l la.","config.4":"vit\u00e8s ekspozisyon karakt\u00e8","config.reset.confirm":"Ou vle inisyalize param\u00e8t yo?","common.dialog.message.download":"Telechaje.","title.translate.notallowed":"Inisyalize param\u00e8t lang yo paske dosye ki neses\u00e8 yo manke.","storage.date.none":"----/--/-- --:--","common.dialog.btn.cancel":"ent\u00e8ripsyon","language.error.2":"Ou pa gen dwa jwenn aks\u00e8 nan s\u00e8v\u00e8 a.","config.7":"sote m\u00f2d","language.error.1":"S\u00e8v\u00e8 a se sou antretyen.","config.9":"Kontinyasyon m\u00f2d oto apre seleksyon an","common.dialog.message.title":"\u00c8ske ou vle retounen nan ekran tit la?","extra.scene.confirm.yes":"Inisye.","common.dialog.message.load":"Ou vle chaje?","common.dialog.message.title.yes":"Pou tit la","config.2":"SE","config.8.1":"dwe vo","title.translate.failed":"Inisyalize param\u00e8t lang yo paske telechajman an echwe.","common.dialog.message.exit":"Ou vle kite jw\u00e8t la?","language.error.255":"S\u00e8v\u00e8 a pa disponib."},"/ui/common/config/btn_sound.ui":{"rootdata":{"2":"son"}},"/ui/common/ui/btn_title.ui":{"rootdata":{"2":"tit"}},"/ui/720p/storage/storage.ui":{"rootdata":{"1":"Sove"}},"/ui/common/storage/datum.ui":{"rootdata":{"3":{"1":"Pa gen Done"}}},"/ui/720p/config/config.ui":{"rootdata":{"1":"sist\u00e8m"}},"/ui/common/title/btn_language.ui":{"rootdata":{"0":"Lang"}}}