{"/ui/1080p/talk/log.ui":{"rootdata":{"0":{"1":"C\u00f9l-taic"}}},"/ui/common/config/btn_reset.ui":{"rootdata":{"2":"Ath-shuidhich"}},"/ui/1080p/extra/scenepage.ui":{"rootdata":{"0":{"0":"sealladh"}}},"/img/1080p/bg/ED0003_a.ui":{"rootdata":{"0":{"5":"Kanon Rapipaka","3":"Mekabu Shinonome","4":"Oni MAYUGE","10":"Yui","2":"Tsukimachi Usagi","7":"arp","8":"Minami no Tenjino","6":"Koyo Urami","1":"Luchd-obrach Remake","9":"Majin Hachimitsu"}}},"/img/720p/bg/ED0000_a.ui":{"rootdata":{"0":{"1":"Beachd t\u00f9sail, Black Swan, \"Amane Switch\""}}},"/ui/1080p/config/config.ui":{"rootdata":{"1":"siostam"}},"/ui/common/title/btn_continue.ui":{"rootdata":{"0":"Lean air adhart"}},"/img/1080p/bg/ED0007_a.ui":{"rootdata":{"0":{"1":"fin"}}},"/ui/common/ui/btn_exit.ui":{"rootdata":{"2":"f\u00e0gail"}},"character":{"1st_grade":"oileanach sa chiad bhliadhna","cat":"cat","female_student2":"Oileanach boireann 2","police_officer":"poileas","friend":"caraid","doctor":"lighiche","teacher":"tidsear (se\u00f2mar-sgoile)","amane":"Amane","female":"boireannach","amane_with_mother":"M\u00e0thair. Amane","pe_teacher":"tidsear foghlam corporra","director":"ceannard cluba (sgoil)","theater_tirector":"ceannard na roinn dr\u00e0ma","School_principal":"prionnsapal","theater_member":"ball de bhuidheann theatar","police_officer2":"Oifigear Poileis 2","nurse":"banaltram cl\u00e0raichte","yukika":"Yukika","teacher1":"Tidsear 1","hospital_officials":"luchd-obrach ospadail","soccer_member":"club ball-coise","store_manager":"manaidsear b\u00f9tha","3rd_grade":"oileanach an treas bliadhna","unknown":"D\u00e8?","wet_woman":"Boireannach fliuch bog","police_officer3":"Oifigear Poileis 3.","4heroines":"Yoko & Izumi & Shizuku & Yukika","female_student":"oileanach boireann","Students":"oileanaich","literary_club_Director":"ceannard na roinn litreachais","part_time_job":"byte","youko":"Yoko","male":"gn\u00e8 fireann","children":"leanabh","youhei":"Yohei","Audiovisual_committee":"ball comataidh easbhaidh mothachaidh","male_student":"oileanach fireann","izumi":"Izumi","child":"clann","male_student2":"Oileanach fireann 2","hospital_officials2":"Sgiobachd an ospadail 2","police_officer1":"Oifigear Poileis 1","classmate":"maighstir-sgoile","member2":"Ball 2.","athletics_member":"ball club slighe agus achaidh","male_student1":"Oileanach fireann 1","resident":"neach-c\u00f2mhnaidh","homeroom_teacher":"tidsear homeroom","father":"athair","police_officer4":"Oifigear Poileis 4.","literary_club_member":"ball litreachais den luchd-obrach","customer":"neach-ceannach","softball_member":"roinn bathar-bog","baseball_member":"club ball-basgaid (ie sgioba ball-coise oilthigh, corporra, msaa)","male_student3":"Oileanach fireann 3","news_caster":"caster","teacher4":"Tidsear a Ceithir.","shizuku":"Shizuku","vice-president":"iar-cheann-suidhe (de chlub no buidheann, buidheann)","member1":"Ball 1","teacher3":"Tidsear a Tr\u00ec.","shinzi":"Shinji","sales_clerk":"cl\u00e8ireach","female_student1":"Oileanach boireann 1","mother":"m\u00e0thair","father_in_law":"athair-c\u00e8ile","hospital_officials1":"Luchd-obrach ospadail 1","member3":"Ball 3.","teacher2":"Tidsear 2"},"/ui/720p/extra/cgpage.ui":{"rootdata":{"0":{"0":"CG"}}},"/ui/1080p/extra/routepage.ui":{"rootdata":{"0":{"0":"sealladh"}}},"scene":{"34":{"hidden":"CR\u00ccOCH5","name":"CR\u00ccOCH 'An galar nach gabh a leigheas'"},"29":{"hidden":"CR\u00ccOCH3","name":"CR\u00ccOCH \"fliuch a-rithist"},"27":{"hidden":"25","name":"Mo phiuthar as fhe\u00e0rr leam."},"8":{"hidden":"08","name":"Beatha l\u00e0itheil perversion"},"6":{"hidden":"06","name":"D\u00e0imh ri Amane"},"15":{"hidden":"15","name":"Tha e \u00e8ibhinn."},"5":{"hidden":"05","name":"cuireadh"},"23":{"hidden":"CR\u00ccOCH1","name":"CR\u00ccOCH \"Ame Furi"},"35":{"hidden":"CR\u00ccOCH6","name":"CR\u00ccOCH \"Deireadh an ruith: ......"},"11":{"hidden":"11","name":"Na tha mi a \u2019creidsinn ann ..."},"26":{"hidden":"CR\u00ccOCH2","name":"CR\u00ccOCH \"De\u00f2ir uisge"},"36":{"hidden":"CR\u00ccOCH D\u00ecomhaireachd","name":"CR\u00ccOCH \"New Call Rain\"."},"16":{"hidden":"16","name":"Mar sin is mise an aon fhear a tha meallta?"},"25":{"hidden":"24","name":"uisge a \u2019tuiteam aig \u00e0m br\u00f2in"},"4":{"hidden":"04","name":"caraid"},"22":{"hidden":"22","name":"bruthach na teanga"},"12":{"hidden":"12","name":"achd barbarity"},"18":{"hidden":"18","name":"A \u2019chlach a th\u00f2isich a\u2019 roiligeadh."},"21":{"hidden":"21","name":"Tionndadh Amane"},"1":{"hidden":"01","name":"An oileanach \u00f9r ..."},"0":{"hidden":"00","name":"Amane"},"7":{"hidden":"07","name":"a bhith l\u00e0n thuill"},"17":{"hidden":"17","name":"roghainn"},"32":{"hidden":"28","name":"aithneachadh c\u00f2ir air seilbh fearainn (leis an neach shogunate, tighearna fi\u00f9dalach, msaa.)"},"24":{"hidden":"23","name":"Bha mi a \u2019smaoineachadh ort."},"9":{"hidden":"09","name":"cog-cuibhle"},"19":{"hidden":"19","name":"Ciamar a thachair seo?"},"30":{"hidden":"27","name":"saor thoil"},"10":{"hidden":"10","name":"murtair"},"14":{"hidden":"14","name":"fois inntinn sealach"},"3":{"hidden":"03","name":"Amane agus uisge"},"31":{"hidden":"CR\u00ccOCH4","name":"CR\u00ccOCH \"Deireadh ionnsaigh: ......"},"2":{"hidden":"02","name":"\u00d9ine sona"},"28":{"hidden":"26","name":"bun-st\u00e8idh (corporra)"},"13":{"hidden":"13","name":"A-nis tha sinn c\u00f2mhla."},"33":{"hidden":"29","name":"d\u00f9mhail"},"20":{"hidden":"20","name":"a \u2019b\u00e0sachadh amannan"}},"/img/720p/bg/ED0006_a.ui":{"rootdata":{"0":{"1":"cinneasachadh","2":"Ride On Works, Inc."}}},"/ui/720p/extra/soundpage.ui":{"rootdata":{"0":{"0":"fuaim"}}},"/ui/common/title/btn_start.ui":{"rootdata":{"0":"t\u00f2iseachadh"}},"/img/720p/bg/ED0007_a.ui":{"rootdata":{"0":{"1":"fin"}}},"/img/1080p/bg/ED0002_a.ui":{"rootdata":{"0":{"1":"toradh","2":"Pengin","3":"Ryusei"}}},"/ui/common/ui/btn_back.ui":{"rootdata":{"2":"air ais"}},"/ui/common/title/btn_load.ui":{"rootdata":{"0":"luchdadh"}},"/ui/720p/language/language.ui":{"rootdata":{"1":"C\u00e0nan"}},"/ui/common/extra/achieve.ui":{"rootdata":{"1":"\u00ecre coileanaidh"}},"/ui/720p/talk/log.ui":{"rootdata":{"0":{"1":"C\u00f9l-taic"}}},"/img/1080p/bg/ED0000_a.ui":{"rootdata":{"0":{"1":"Beachd t\u00f9sail, Black Swan, \"Amane Switch\""}}},"/img/720p/bg/ED0004_a.ui":{"rootdata":{"0":{"1":"cinneasachadh coileanta","2":"Bushi"}}},"/ui/720p/extra/scenepage.ui":{"rootdata":{"0":{"0":"sealladh"}}},"/ui/1080p/extra/soundpage.ui":{"rootdata":{"0":{"0":"fuaim"}}},"/img/1080p/bg/ED0004_a.ui":{"rootdata":{"0":{"1":"cinneasachadh coileanta","2":"Bushi"}}},"/ui/common/extra/btn_thumbnail.ui":{"rootdata":{"0":{"1":"NoData"}}},"/ui/common/title/btn_config.ui":{"rootdata":{"0":"Config"}},"/img/720p/bg/ED0002_a.ui":{"rootdata":{"0":{"1":"toradh","2":"Pengin","3":"Ryusei"}}},"/img/1080p/bg/ED0005_a.ui":{"rootdata":{"0":{"1":"co-obrachadh riochdachaidh","2":"Corporra Ceum Cyber"}}},"/img/720p/bg/ED0005_a.ui":{"rootdata":{"0":{"1":"co-obrachadh riochdachaidh","2":"Corporra Ceum Cyber"}}},"/ui/common/extra/btn_cg.ui":{"rootdata":{"2":"CG"}},"/ui/1080p/language/language.ui":{"rootdata":{"1":"C\u00e0nan"}},"/ui/common/config/btn_system.ui":{"rootdata":{"2":"siostam"}},"/ui/1080p/storage/storage.ui":{"rootdata":{"1":"S\u00e0bhail"}},"/img/1080p/bg/ED0006_a.ui":{"rootdata":{"0":{"1":"cinneasachadh","2":"Ride On Works, Inc."}}},"/ui/720p/extra/routepage.ui":{"rootdata":{"0":{"0":"sealladh"}}},"bgm":{"insecurity":{"label":"lionn-dubh"},"eye1":{"label":"puddling air falbh"},"h1":{"label":"ripple"},"rain":{"label":"gaoth fhuar"},"sys":{"label":"Loch s\u00e0mhach"},"eye2":{"label":"speur sg\u00f2thach (aimsir)"},"sir":{"label":"eu-d\u00f2chas"},"op":{"label":"Amane"},"ed":{"label":"Leagh a-steach do na speuran farsaing"},"healing":{"label":"cridhe suathadh (duine)"},"danger":{"label":"a bhith a \u2019tighinn faisg"},"h2":{"label":"de\u00f2ir"}},"/ui/common/extra/btn_sound.ui":{"rootdata":{"2":"fuaim"}},"/ui/1080p/extra/cgpage.ui":{"rootdata":{"0":{"0":"CG"}}},"/img/1080p/bg/ED0001_a.ui":{"rootdata":{"0":{"5":"Shizuku Kizaki:. Uki Nashiki","6":"Yukika Mizushima:. Mei Oshiro","3":"Yoko Minegishi:. Ari Sayama","4":"Izumi Kizaki:. Nemea Iori (Campus Rothaireachd Stellar)","1":"tilgeadh","2":"Amane Satonaka:. Kyoko Kuramochi (Campas Rothaireachd Stellar)"}}},"/ui/common/title/btn_extra.ui":{"rootdata":{"0":"A bharrachd"}},"/img/720p/bg/ED0003_a.ui":{"rootdata":{"0":{"5":"Kanon Rapipaka","3":"Mekabu Shinonome","4":"Oni MAYUGE","10":"Yui","2":"Tsukimachi Usagi","7":"arp","8":"Minami no Tenjino","6":"Koyo Urami","1":"Luchd-obrach Remake","9":"Majin Hachimitsu"}}},"/ui/common/extra/btn_scene.ui":{"rootdata":{"2":"sealladh"}},"/img/720p/bg/ED0001_a.ui":{"rootdata":{"0":{"5":"Shizuku Kizaki:. Uki Nashiki","6":"Yukika Mizushima:. Mei Oshiro","3":"Yoko Minegishi:. Ari Sayama","4":"Izumi Kizaki:. Nemea Iori (Campus Rothaireachd Stellar)","1":"tilgeadh","2":"Amane Satonaka:. Kyoko Kuramochi (Campas Rothaireachd Stellar)"}}},"dict":{"title.translate.cancaled":"Chaidh stad a chuir air an luchdachadh s\u00ecos agus tha na roghainnean c\u00e0nain air an t\u00f2iseachadh.","talk.quickload.confirm.yes":"T\u00f2isichidh sinn a-rithist.","title.continue.confirm.yes":"T\u00f2isichidh sinn a-rithist.","config.10.0":"ionadail","storage.title.save":"S\u00e0bhail","language.restart":"Till air ais gu scrion an tiotail.","config.6":"follaiseachd uinneag teachdaireachd","title.continue.confirm":"A bheil thu airson ath-th\u00f2iseachadh bho shealladh a chaidh a sh\u00e0bhaladh?","title.continue.nodata":"Chan eil d\u00e0ta s\u00e0bhalaidh ann.","storage.date":"Ceann-latha:","config.1":"ce\u00f2l c\u00f9l","config.8.0":"ionadail","extra.scene.confirm":"A bheil thu airson t\u00f2iseachadh leis an t-sealladh seo?","title.translate.confirm.yes":"luchdachadh s\u00ecos","title.translate.confirm":"Luchdaich s\u00ecos na faidhlichean \u00f9rachadh a dh \u2019fheumar gus an geama a th\u00f2iseachadh aig %s .","common.dialog.message.exit.yes":"Ar-a-mach.","common.dialog.btn.no":"cuir dheth","language.confirm.yes":"Atharraich.","config.10.1":"b \u2019fhiach e","storage.label.none":"Gun d\u00e0ta","language.confirm":"A bheil thu airson an c\u00e0nan a chleachdas tu atharrachadh gu %s ?","config.10":"Atharraich dath seantansan a chaidh a leughadh mu thr\u00e0th","storage.title.load":"luchdadh","config.5":"Astar modh f\u00e8in-ghluasadach","config.7.all":"uile","config.8":"Skip leantainneachd \u00e0s deidh roghainn","config.9.1":"b \u2019fhiach e","common.dialog.btn.yes":"Ceart gu le\u00f2r","config.tab.system":"siostam","extra.cg.dialog.page":"%d %d","common.dialog.message.save.yes":"s\u00e0bhail","common.dialog.message.load.yes":"luchdadh","common.dialog.message.save":"A bheil thu airson a sh\u00e0bhaladh?","config.7.read":"leugh a-mh\u00e0in","config.3":"VOICE","config.9.0":"ionadail","config.reset.confirm.yes":"T\u00f2isich.","talk.quickload.confirm":"A bheil thu airson ath-th\u00f2iseachadh bho shealladh a chaidh a sh\u00e0bhaladh?","config.tab.sound":"URNUIGH","talk.quicksave.message":"Tha thu air an geama a sh\u00e0bhaladh. Faodaidh tu ath-th\u00f2iseachadh bhon t-sealladh gn\u00e0thach.","config.4":"astar taisbeanaidh caractar","config.reset.confirm":"A bheil thu airson na roghainnean a th\u00f2iseachadh?","common.dialog.message.download":"A \u2019luchdachadh s\u00ecos.","title.translate.notallowed":"T\u00f2isich na roghainnean c\u00e0nain oir tha na faidhlichean riatanach a dh\u00ecth.","storage.date.none":"---- / - / - -: -","common.dialog.btn.cancel":"dealachadh","language.error.2":"Chan eil cead agad faighinn chun t-seirbheisiche.","config.7":"modh sgiob","language.error.1":"Tha an frithealaiche fo chumail suas.","config.9":"Lean modh Auto \u00e0s deidh taghadh","common.dialog.message.title":"A bheil thu airson tilleadh chun sgrion tiotal?","extra.scene.confirm.yes":"T\u00f2isich.","common.dialog.message.load":"A bheil thu airson luchdachadh?","common.dialog.message.title.yes":"Chun an tiotal","config.2":"SE","config.8.1":"b \u2019fhiach e","title.translate.failed":"T\u00f2isich na roghainnean c\u00e0nain oir dh \u2019fh\u00e0illig an luchdachadh s\u00ecos.","common.dialog.message.exit":"A bheil thu airson an geama a leigeil seachad?","language.error.255":"Chan eil am frithealaiche ri fhaighinn."},"/ui/common/config/btn_sound.ui":{"rootdata":{"2":"fuaim"}},"/ui/common/ui/btn_title.ui":{"rootdata":{"2":"tiotal"}},"/ui/720p/storage/storage.ui":{"rootdata":{"1":"S\u00e0bhail"}},"/ui/common/storage/datum.ui":{"rootdata":{"3":{"1":"Gun d\u00e0ta"}}},"/ui/720p/config/config.ui":{"rootdata":{"1":"siostam"}},"/ui/common/title/btn_language.ui":{"rootdata":{"0":"C\u00e0nan"}}}