{"/ui/1080p/talk/log.ui":{"rootdata":{"0":{"1":"BackLog"}}},"/ui/common/config/btn_reset.ui":{"rootdata":{"2":"Reset"}},"/ui/1080p/extra/scenepage.ui":{"rootdata":{"0":{"0":"pemandangan"}}},"/img/1080p/bg/ED0003_a.ui":{"rootdata":{"0":{"5":"Kanon Rapipaka","3":"Mekabu Shinonome","4":"Oni MAYUGE","10":"Yui","2":"Tsukimachi Usagi","7":"arp","8":"Minami no Tenjino","6":"Koyo Urami","1":"Staff Remake","9":"Majin Hachimitsu"}}},"/img/720p/bg/ED0000_a.ui":{"rootdata":{"0":{"1":"Gagasan asli, Black Swan, \"Amane Switch\""}}},"/ui/1080p/config/config.ui":{"rootdata":{"1":"sistem"}},"/ui/common/title/btn_continue.ui":{"rootdata":{"0":"Terusake"}},"/img/1080p/bg/ED0007_a.ui":{"rootdata":{"0":{"1":"sirip"}}},"/ui/common/ui/btn_exit.ui":{"rootdata":{"2":"metu"}},"character":{"1st_grade":"siswa taun kapisan","cat":"kucing","female_student2":"Murid wadon 2","police_officer":"pulisi","friend":"kanca","doctor":"dhokter","teacher":"guru (kelas)","amane":"Amane","female":"wanita","amane_with_mother":"Ibu Amane","pe_teacher":"guru pendidikan jasmani","director":"kepala klub (sekolah)","theater_tirector":"kepala departemen drama","School_principal":"kepala sekolah","theater_member":"anggota rombongan teater","police_officer2":"Petugas Polisi 2","nurse":"mantri pangguna","yukika":"Yukika","teacher1":"Guru 1","hospital_officials":"personel rumah sakit","soccer_member":"klub bal-balan","store_manager":"manager toko","3rd_grade":"siswa taun katelu","unknown":"Opo","wet_woman":"Wanita teles rendhem","police_officer3":"Petugas Polisi 3.","4heroines":"Yoko & Izumi & Shizuku & Yukika","female_student":"murid wadon","Students":"siswa","literary_club_Director":"kepala departemen sastra","part_time_job":"byte","youko":"Yoko","male":"jinis kelamin lanang","children":"bocah","youhei":"Yohei","Audiovisual_committee":"anggota panitia kekurangan sensorik","male_student":"siswa lanang","izumi":"Izumi","child":"bocah-bocah","male_student2":"Murid lanang 2","hospital_officials2":"Personel rumah sakit 2","police_officer1":"Petugas Polisi 1","classmate":"kanca sakelas","member2":"Anggota 2.","athletics_member":"anggota klub trek lan lapangan","male_student1":"Siswa lanang 1","resident":"warga","homeroom_teacher":"guru wali kelas","father":"bapak","police_officer4":"Petugas Polisi 4.","literary_club_member":"anggota sastra saka staf","customer":"pelanggan","softball_member":"departemen piranti lunak","baseball_member":"klub bisbol (kayata tim bisbol universitas, perusahaan, lsp)","male_student3":"Siswa lanang 3","news_caster":"kasta","teacher4":"Guru Papat.","shizuku":"Shizuku","vice-president":"wakil presiden (klub utawa organisasi, organisasi)","member1":"Anggota 1","teacher3":"Guru Telu.","shinzi":"Shinji","sales_clerk":"juru tulis","female_student1":"Siswa wanita 1","mother":"ibu","father_in_law":"mertua","hospital_officials1":"Personel rumah sakit 1","member3":"Anggota 3.","teacher2":"Guru 2"},"/ui/720p/extra/cgpage.ui":{"rootdata":{"0":{"0":"CG"}}},"/ui/1080p/extra/routepage.ui":{"rootdata":{"0":{"0":"pemandangan"}}},"scene":{"34":{"hidden":"TAMAT5","name":"TAMAT 'Penyakit sing ora bisa diobati'"},"29":{"hidden":"AKHIR3","name":"TAMAT \"udan maneh"},"27":{"hidden":"25","name":"Adhiku sing dak tresnani."},"8":{"hidden":"08","name":"Saben dinten gesang perversion"},"6":{"hidden":"06","name":"Hubungan karo Amane"},"15":{"hidden":"15","name":"Lucu banget."},"5":{"hidden":"05","name":"undhangan"},"23":{"hidden":"TAMAT1","name":"TAMAT \"Ame Furi"},"35":{"hidden":"Pungkasan6","name":"TAMAT \"Pungkasane Lumaku: ......"},"11":{"hidden":"11","name":"Sing dakkarepake ..."},"26":{"hidden":"TAMAT2","name":"TAMAT \"Luh Udan"},"36":{"hidden":"AKHIR Rahasia","name":"TAMAT \"Udan Telpon Anyar\"."},"16":{"hidden":"16","name":"Dadi aku siji-sijine sing edan?"},"25":{"hidden":"24","name":"udan tumiba ing wektu sedhih"},"4":{"hidden":"04","name":"kanca"},"22":{"hidden":"22","name":"ilat ilat"},"12":{"hidden":"12","name":"tumindak barbarity"},"18":{"hidden":"18","name":"Watu sing wiwit muter."},"21":{"hidden":"21","name":"Amane ngalih"},"1":{"hidden":"01","name":"Siswa anyar ..."},"0":{"hidden":"00","name":"Amane"},"7":{"hidden":"07","name":"kebak bolongan"},"17":{"hidden":"17","name":"pilihan"},"32":{"hidden":"28","name":"pengakuan hak kepemilikan tanah (dening shogunate, raja feodal, lsp)"},"24":{"hidden":"23","name":"Aku mikir sampeyan."},"9":{"hidden":"09","name":"cog-wheel"},"19":{"hidden":"19","name":"Kepiye kedadeyane?"},"30":{"hidden":"27","name":"kekarepan bebas"},"10":{"hidden":"10","name":"tukang mateni"},"14":{"hidden":"14","name":"tentrem pikiran sak wentoro"},"3":{"hidden":"03","name":"Amane lan udan"},"31":{"hidden":"TAMAT4","name":"TAMAT \"Pungkasan Serangan: ......"},"2":{"hidden":"02","name":"Wektu seneng"},"28":{"hidden":"26","name":"konstitusi (fisik)"},"13":{"hidden":"13","name":"Saiki kita bebarengan."},"33":{"hidden":"29","name":"prayoga"},"20":{"hidden":"20","name":"wayahe sekarat"}},"/img/720p/bg/ED0006_a.ui":{"rootdata":{"0":{"1":"produksi","2":"Ride On Works, Inc."}}},"/ui/720p/extra/soundpage.ui":{"rootdata":{"0":{"0":"swara"}}},"/ui/common/title/btn_start.ui":{"rootdata":{"0":"miwiti"}},"/img/720p/bg/ED0007_a.ui":{"rootdata":{"0":{"1":"sirip"}}},"/img/1080p/bg/ED0002_a.ui":{"rootdata":{"0":{"1":"ngasilake","2":"Pengin","3":"Ryusei"}}},"/ui/common/ui/btn_back.ui":{"rootdata":{"2":"bali"}},"/ui/common/title/btn_load.ui":{"rootdata":{"0":"momotan"}},"/ui/720p/language/language.ui":{"rootdata":{"1":"Basa"}},"/ui/common/extra/achieve.ui":{"rootdata":{"1":"tingkat prestasi"}},"/ui/720p/talk/log.ui":{"rootdata":{"0":{"1":"BackLog"}}},"/img/1080p/bg/ED0000_a.ui":{"rootdata":{"0":{"1":"Gagasan asli, Black Swan, \"Amane Switch\""}}},"/img/720p/bg/ED0004_a.ui":{"rootdata":{"0":{"1":"produksi lengkap","2":"Bushi"}}},"/ui/720p/extra/scenepage.ui":{"rootdata":{"0":{"0":"pemandangan"}}},"/ui/1080p/extra/soundpage.ui":{"rootdata":{"0":{"0":"swara"}}},"/img/1080p/bg/ED0004_a.ui":{"rootdata":{"0":{"1":"produksi lengkap","2":"Bushi"}}},"/ui/common/extra/btn_thumbnail.ui":{"rootdata":{"0":{"1":"NoData"}}},"/ui/common/title/btn_config.ui":{"rootdata":{"0":"Konfigurasi"}},"/img/720p/bg/ED0002_a.ui":{"rootdata":{"0":{"1":"ngasilake","2":"Pengin","3":"Ryusei"}}},"/img/1080p/bg/ED0005_a.ui":{"rootdata":{"0":{"1":"kerjasama produksi","2":"Cyber Step Corporation"}}},"/img/720p/bg/ED0005_a.ui":{"rootdata":{"0":{"1":"kerjasama produksi","2":"Cyber Step Corporation"}}},"/ui/common/extra/btn_cg.ui":{"rootdata":{"2":"CG"}},"/ui/1080p/language/language.ui":{"rootdata":{"1":"Basa"}},"/ui/common/config/btn_system.ui":{"rootdata":{"2":"sistem"}},"/ui/1080p/storage/storage.ui":{"rootdata":{"1":"Ngirit"}},"/img/1080p/bg/ED0006_a.ui":{"rootdata":{"0":{"1":"produksi","2":"Ride On Works, Inc."}}},"/ui/720p/extra/routepage.ui":{"rootdata":{"0":{"0":"pemandangan"}}},"bgm":{"insecurity":{"label":"melankolis"},"eye1":{"label":"puddling adoh"},"h1":{"label":"riak"},"rain":{"label":"angin adhem"},"sys":{"label":"Tlaga Sepi"},"eye2":{"label":"langit mendung (cuaca)"},"sir":{"label":"putus asa"},"op":{"label":"Amane"},"ed":{"label":"Lebur menyang langit sing jembar"},"healing":{"label":"ndemek ati (wong)"},"danger":{"label":"dadi nyedhak"},"h2":{"label":"nangis"}},"/ui/common/extra/btn_sound.ui":{"rootdata":{"2":"swara"}},"/ui/1080p/extra/cgpage.ui":{"rootdata":{"0":{"0":"CG"}}},"/img/1080p/bg/ED0001_a.ui":{"rootdata":{"0":{"5":"Shizuku Kizaki:. Uki Nashiki","6":"Yukika Mizushima:. Mei Oshiro","3":"Yoko Minegishi:. Ari Sayama","4":"Izumi Kizaki:. Nemea Iori (Kampus Siklus Stellar)","1":"pemeran","2":"Amane Satonaka:. Kyoko Kuramochi (Kampus Siklus Stellar)"}}},"/ui/common/title/btn_extra.ui":{"rootdata":{"0":"Ekstra"}},"/img/720p/bg/ED0003_a.ui":{"rootdata":{"0":{"5":"Kanon Rapipaka","3":"Mekabu Shinonome","4":"Oni MAYUGE","10":"Yui","2":"Tsukimachi Usagi","7":"arp","8":"Minami no Tenjino","6":"Koyo Urami","1":"Staff Remake","9":"Majin Hachimitsu"}}},"/ui/common/extra/btn_scene.ui":{"rootdata":{"2":"pemandangan"}},"/img/720p/bg/ED0001_a.ui":{"rootdata":{"0":{"5":"Shizuku Kizaki:. Uki Nashiki","6":"Yukika Mizushima:. Mei Oshiro","3":"Yoko Minegishi:. Ari Sayama","4":"Izumi Kizaki:. Nemea Iori (Kampus Siklus Stellar)","1":"pemeran","2":"Amane Satonaka:. Kyoko Kuramochi (Kampus Siklus Stellar)"}}},"dict":{"title.translate.cancaled":"Unduhan kasebut wis diganggu lan setelan basa diwiwiti.","talk.quickload.confirm.yes":"Kita bakal nerusake.","title.continue.confirm.yes":"Kita bakal nerusake.","config.10.0":"lokal","storage.title.save":"Ngirit","language.restart":"Bali menyang layar judhul.","config.6":"transparansi jendela pesen","title.continue.confirm":"Apa sampeyan pengin urip maneh saka layar sing disimpen?","title.continue.nodata":"Ora ana data nyimpen.","storage.date":"Tanggal:","config.1":"musik latar mburi","config.8.0":"lokal","extra.scene.confirm":"Apa sampeyan pengin miwiti karo adegan iki?","title.translate.confirm.yes":"download","title.translate.confirm":"Download file nganyari sing dibutuhake kanggo miwiti game ing %s .","common.dialog.message.exit.yes":"Metu","common.dialog.btn.no":"mbatalake","language.confirm.yes":"Owahi.","config.10.1":"dadi regane","storage.label.none":"Ora ana data","language.confirm":"Apa sampeyan pengin ngganti basa sing digunakake menyang %s ?","config.10":"Owahi warna ukara sing wis diwaca","storage.title.load":"momotan","config.5":"Kacepetan mode otomatis","config.7.all":"kabeh","config.8":"Skip tutugan sawise pilihan","config.9.1":"dadi regane","common.dialog.btn.yes":"OK","config.tab.system":"sistem","extra.cg.dialog.page":"%d / %d","common.dialog.message.save.yes":"ngirit","common.dialog.message.load.yes":"momotan","common.dialog.message.save":"Apa sampeyan pengin nyimpen?","config.7.read":"mung diwaca","config.3":"SUARA","config.9.0":"lokal","config.reset.confirm.yes":"Initialisasi.","talk.quickload.confirm":"Apa sampeyan pengin urip maneh saka layar sing disimpen?","config.tab.sound":"Swara","talk.quicksave.message":"Sampeyan wis nyimpen game kasebut. Sampeyan bisa miwiti maneh saka adegan saiki.","config.4":"kacepetan tampilan karakter","config.reset.confirm":"Apa sampeyan pengin nggawe inisialisasi setelan?","common.dialog.message.download":"Ngundhuh.","title.translate.notallowed":"Initialisasi setelan basa amarga file sing dibutuhake ilang.","storage.date.none":"---- / - / - -: -","common.dialog.btn.cancel":"ngganggu","language.error.2":"Sampeyan ora diidini ngakses server.","config.7":"mode mlumpat","language.error.1":"Server lagi diopeni.","config.9":"Terusake mode otomatis sawise dipilih","common.dialog.message.title":"Apa sampeyan pengin bali menyang layar judhul?","extra.scene.confirm.yes":"Miwiti","common.dialog.message.load":"Apa sampeyan pengin mbukak?","common.dialog.message.title.yes":"Kanggo judhul","config.2":"SE","config.8.1":"dadi regane","title.translate.failed":"Initialisasi setelan basa amarga download gagal.","common.dialog.message.exit":"Apa sampeyan pengin metu saka game kasebut?","language.error.255":"Server ora kasedhiya."},"/ui/common/config/btn_sound.ui":{"rootdata":{"2":"swara"}},"/ui/common/ui/btn_title.ui":{"rootdata":{"2":"judhul"}},"/ui/720p/storage/storage.ui":{"rootdata":{"1":"Ngirit"}},"/ui/common/storage/datum.ui":{"rootdata":{"3":{"1":"Ora Ana Data"}}},"/ui/720p/config/config.ui":{"rootdata":{"1":"sistem"}},"/ui/common/title/btn_language.ui":{"rootdata":{"0":"Basa"}}}