{"/ui/1080p/talk/log.ui":{"rootdata":{"0":{"1":"BackLog"}}},"/ui/common/config/btn_reset.ui":{"rootdata":{"2":"Rivendos"}},"/ui/1080p/extra/scenepage.ui":{"rootdata":{"0":{"0":"skena"}}},"/img/1080p/bg/ED0003_a.ui":{"rootdata":{"0":{"5":"Kanon Rapipaka","3":"Mekabu Shinonome","4":"Oni MAYUGE","10":"Yui","2":"Tsukimachi Usagi","7":"arp","8":"Minami no Tenjino","6":"Koyo Urami","1":"Stafi i rib\u00ebrjes","9":"Majin Hachimitsu"}}},"/img/720p/bg/ED0000_a.ui":{"rootdata":{"0":{"1":"Ide origjinale, Black Swan, \"Amane Switch\""}}},"/ui/1080p/config/config.ui":{"rootdata":{"1":"sistem"}},"/ui/common/title/btn_continue.ui":{"rootdata":{"0":"Vazhdo"}},"/img/1080p/bg/ED0007_a.ui":{"rootdata":{"0":{"1":"fin"}}},"/ui/common/ui/btn_exit.ui":{"rootdata":{"2":"dalje"}},"character":{"1st_grade":"student i vitit t\u00eb par\u00eb","cat":"Mace","female_student2":"Nx\u00ebn\u00ebse femra 2","police_officer":"polic","friend":"shoku","doctor":"mjek","teacher":"m\u00ebsues (klas\u00eb)","amane":"Amane","female":"grua","amane_with_mother":"N\u00ebna. Amane","pe_teacher":"m\u00ebsues i edukimit fizik","director":"drejtues i nj\u00eb klubi (shkolle)","theater_tirector":"shef i departamentit t\u00eb dram\u00ebs","School_principal":"kryesor","theater_member":"an\u00ebtar i nj\u00eb trupe teatrore","police_officer2":"Oficeri i Policis\u00eb 2","nurse":"infermiere e regjistruar","yukika":"Yukika","teacher1":"M\u00ebsuesi 1","hospital_officials":"personeli i spitalit","soccer_member":"klubi i futbollit","store_manager":"menaxher Dyqani","3rd_grade":"student i vitit t\u00eb tret\u00eb","unknown":"\u00c7far\u00eb?","wet_woman":"Grua e lagur e lagur","police_officer3":"Oficeri i Policis\u00eb 3.","4heroines":"Yoko & Izumi & Shizuku & Yukika","female_student":"studente fem\u00ebr","Students":"nx\u00ebn\u00ebsit","literary_club_Director":"shef i departamentit t\u00eb let\u00ebrsis\u00eb","part_time_job":"bajt","youko":"Yoko","male":"gjinia mashkullore","children":"f\u00ebmij\u00eb","youhei":"Yohei","Audiovisual_committee":"an\u00ebtar i komitetit t\u00eb privimit shqisor","male_student":"student mashkull","izumi":"Izumi","child":"f\u00ebmij\u00ebt","male_student2":"Nx\u00ebn\u00ebs meshkuj 2","hospital_officials2":"Personeli i spitalit 2","police_officer1":"Oficeri i Policis\u00eb 1","classmate":"shok klase","member2":"An\u00ebtari 2.","athletics_member":"an\u00ebtar i klubit t\u00eb pist\u00ebs","male_student1":"Nx\u00ebn\u00ebs meshkuj 1","resident":"banor","homeroom_teacher":"mesues shtepie","father":"babai","police_officer4":"Oficeri i Policis\u00eb 4.","literary_club_member":"nj\u00eb an\u00ebtar letrar i stafit","customer":"konsumatori","softball_member":"departamenti i softverit","baseball_member":"klub bejsbolli (p.sh. ekipi i bejsbollit i nj\u00eb universiteti, korporate, etj.)","male_student3":"Nx\u00ebn\u00ebs meshkuj 3","news_caster":"hedh\u00ebs","teacher4":"M\u00ebsuesi Kat\u00ebr.","shizuku":"Shizuku","vice-president":"n\u00ebnkryetar (i nj\u00eb klubi ose organizate, organizate)","member1":"An\u00ebtari 1","teacher3":"M\u00ebsuesi Tre.","shinzi":"Shinji","sales_clerk":"n\u00ebpun\u00ebs","female_student1":"Nx\u00ebn\u00ebse femra 1","mother":"n\u00ebna","father_in_law":"vjehrri","hospital_officials1":"Personeli i spitalit 1","member3":"An\u00ebtari 3.","teacher2":"M\u00ebsuesi 2"},"/ui/720p/extra/cgpage.ui":{"rootdata":{"0":{"0":"CG"}}},"/ui/1080p/extra/routepage.ui":{"rootdata":{"0":{"0":"skena"}}},"scene":{"34":{"hidden":"FUND 5","name":"FUND 'S\u00ebmundja q\u00eb nuk mund t\u00eb sh\u00ebrohet'"},"29":{"hidden":"FUND 3","name":"FUND \"me shi p\u00ebrs\u00ebri"},"27":{"hidden":"25","name":"Motra ime e preferuar."},"8":{"hidden":"08","name":"Jeta e p\u00ebrditshme e \u00e7oroditjes"},"6":{"hidden":"06","name":"Marr\u00ebdh\u00ebnia me Amane"},"15":{"hidden":"15","name":"Eshte qesharake."},"5":{"hidden":"05","name":"ftes\u00eb"},"23":{"hidden":"FUND1","name":"FUND \"Ame Furi"},"35":{"hidden":"FUND6","name":"FUND \"Fundi i vrapimit: ......"},"11":{"hidden":"11","name":"Ajo n\u00eb t\u00eb cil\u00ebn besoj ..."},"26":{"hidden":"FUND2","name":"FUND \"Lot\u00ebt e shiut"},"36":{"hidden":"FUND sekret","name":"FUND \"Shiu i Ri i Thirrjeve\"."},"16":{"hidden":"16","name":"Pra, jam i vetmi q\u00eb jam i \u00e7mendur?"},"25":{"hidden":"24","name":"bie shi n\u00eb nj\u00eb koh\u00eb trishtimi"},"4":{"hidden":"04","name":"shoku"},"22":{"hidden":"22","name":"rr\u00ebshqitje e gjuh\u00ebs"},"12":{"hidden":"12","name":"akt barbarie"},"18":{"hidden":"18","name":"Guri q\u00eb filloi t\u00eb rrokulliset."},"21":{"hidden":"21","name":"Kaloni Amane"},"1":{"hidden":"01","name":"Studentja e re ..."},"0":{"hidden":"00","name":"Amane"},"7":{"hidden":"07","name":"duke qen\u00eb plot vrima"},"17":{"hidden":"17","name":"zgjedhje"},"32":{"hidden":"28","name":"njohja e s\u00eb drejt\u00ebs p\u00ebr pron\u00ebsin\u00eb e tok\u00ebs (nga shogunati, nj\u00eb feudal, etj.)"},"24":{"hidden":"23","name":"Isha duke menduar p\u00ebr ty."},"9":{"hidden":"09","name":"rrota dh\u00ebmb\u00ebsh"},"19":{"hidden":"19","name":"Si ndodhi kjo?"},"30":{"hidden":"27","name":"vullnet i lir\u00eb"},"10":{"hidden":"10","name":"vras\u00ebs"},"14":{"hidden":"14","name":"paqe e p\u00ebrkohshme e mendjes"},"3":{"hidden":"03","name":"Amane dhe shi"},"31":{"hidden":"FUND4","name":"FUND \"Fundi i Sulmit: ......"},"2":{"hidden":"02","name":"Koh\u00eb e lumtur"},"28":{"hidden":"26","name":"kushtetuta (fizike)"},"13":{"hidden":"13","name":"Tani jemi bashke."},"33":{"hidden":"29","name":"i denj\u00eb"},"20":{"hidden":"20","name":"momentet e vdekjes"}},"/img/720p/bg/ED0006_a.ui":{"rootdata":{"0":{"1":"prodhimi","2":"Ride On Works, Inc."}}},"/ui/720p/extra/soundpage.ui":{"rootdata":{"0":{"0":"z\u00eb"}}},"/ui/common/title/btn_start.ui":{"rootdata":{"0":"filloj"}},"/img/720p/bg/ED0007_a.ui":{"rootdata":{"0":{"1":"fin"}}},"/img/1080p/bg/ED0002_a.ui":{"rootdata":{"0":{"1":"prodhoj","2":"Pengin","3":"Ryusei"}}},"/ui/common/ui/btn_back.ui":{"rootdata":{"2":"mbrapa"}},"/ui/common/title/btn_load.ui":{"rootdata":{"0":"ngarkes\u00eb"}},"/ui/720p/language/language.ui":{"rootdata":{"1":"Gjuhe"}},"/ui/common/extra/achieve.ui":{"rootdata":{"1":"shkalla e arritjes"}},"/ui/720p/talk/log.ui":{"rootdata":{"0":{"1":"BackLog"}}},"/img/1080p/bg/ED0000_a.ui":{"rootdata":{"0":{"1":"Ide origjinale, Black Swan, \"Amane Switch\""}}},"/img/720p/bg/ED0004_a.ui":{"rootdata":{"0":{"1":"prodhim gjith\u00ebp\u00ebrfshir\u00ebs","2":"Bushi"}}},"/ui/720p/extra/scenepage.ui":{"rootdata":{"0":{"0":"skena"}}},"/ui/1080p/extra/soundpage.ui":{"rootdata":{"0":{"0":"z\u00eb"}}},"/img/1080p/bg/ED0004_a.ui":{"rootdata":{"0":{"1":"prodhim gjith\u00ebp\u00ebrfshir\u00ebs","2":"Bushi"}}},"/ui/common/extra/btn_thumbnail.ui":{"rootdata":{"0":{"1":"Nuk ka t\u00eb dh\u00ebna"}}},"/ui/common/title/btn_config.ui":{"rootdata":{"0":"Konfiguro"}},"/img/720p/bg/ED0002_a.ui":{"rootdata":{"0":{"1":"prodhoj","2":"Pengin","3":"Ryusei"}}},"/img/1080p/bg/ED0005_a.ui":{"rootdata":{"0":{"1":"bashk\u00ebpunimi i prodhimit","2":"Korporata Cyber Step"}}},"/img/720p/bg/ED0005_a.ui":{"rootdata":{"0":{"1":"bashk\u00ebpunimi i prodhimit","2":"Korporata Cyber Step"}}},"/ui/common/extra/btn_cg.ui":{"rootdata":{"2":"CG"}},"/ui/1080p/language/language.ui":{"rootdata":{"1":"Gjuhe"}},"/ui/common/config/btn_system.ui":{"rootdata":{"2":"sistem"}},"/ui/1080p/storage/storage.ui":{"rootdata":{"1":"Ruaj"}},"/img/1080p/bg/ED0006_a.ui":{"rootdata":{"0":{"1":"prodhimi","2":"Ride On Works, Inc."}}},"/ui/720p/extra/routepage.ui":{"rootdata":{"0":{"0":"skena"}}},"bgm":{"insecurity":{"label":"melankolik"},"eye1":{"label":"pellgje larg"},"h1":{"label":"val\u00ebzoj"},"rain":{"label":"era e ftohte"},"sys":{"label":"Liqeni i Qet\u00eb"},"eye2":{"label":"qiell i vrenjtur (moti)"},"sir":{"label":"d\u00ebshp\u00ebrim"},"op":{"label":"Amane"},"ed":{"label":"Shkrihet n\u00eb qiellin e gjer\u00eb"},"healing":{"label":"prek zemr\u00ebn (e nj\u00eb personi)"},"danger":{"label":"t\u00eb afrohesh"},"h2":{"label":"lot\u00ebt"}},"/ui/common/extra/btn_sound.ui":{"rootdata":{"2":"z\u00eb"}},"/ui/1080p/extra/cgpage.ui":{"rootdata":{"0":{"0":"CG"}}},"/img/1080p/bg/ED0001_a.ui":{"rootdata":{"0":{"5":"Shizuku Kizaki:. Uki Nashiki","6":"Yukika Mizushima:. Mei Oshiro","3":"Yoko Minegishi:. Ari Sayama","4":"Izumi Kizaki:. Nemea Iori (Kampusi i Ciklit Yjor)","1":"hedh","2":"Amane Satonaka:. Kyoko Kuramochi (Kampusi i Ciklit Yjor)"}}},"/ui/common/title/btn_extra.ui":{"rootdata":{"0":"Extra"}},"/img/720p/bg/ED0003_a.ui":{"rootdata":{"0":{"5":"Kanon Rapipaka","3":"Mekabu Shinonome","4":"Oni MAYUGE","10":"Yui","2":"Tsukimachi Usagi","7":"arp","8":"Minami no Tenjino","6":"Koyo Urami","1":"Stafi i rib\u00ebrjes","9":"Majin Hachimitsu"}}},"/ui/common/extra/btn_scene.ui":{"rootdata":{"2":"skena"}},"/img/720p/bg/ED0001_a.ui":{"rootdata":{"0":{"5":"Shizuku Kizaki:. Uki Nashiki","6":"Yukika Mizushima:. Mei Oshiro","3":"Yoko Minegishi:. Ari Sayama","4":"Izumi Kizaki:. Nemea Iori (Kampusi i Ciklit Yjor)","1":"hedh","2":"Amane Satonaka:. Kyoko Kuramochi (Kampusi i Ciklit Yjor)"}}},"dict":{"title.translate.cancaled":"Shkarkimi \u00ebsht\u00eb nd\u00ebrprer\u00eb dhe cil\u00ebsimet e gjuh\u00ebs jan\u00eb inicializuar.","talk.quickload.confirm.yes":"Do t\u00eb rifillojm\u00eb.","title.continue.confirm.yes":"Do t\u00eb rifillojm\u00eb.","config.10.0":"lokal","storage.title.save":"Ruaj","language.restart":"Kthehuni n\u00eb ekranin e titullit.","config.6":"transparenca e dritares s\u00eb mesazheve","title.continue.confirm":"D\u00ebshiron t\u00eb rinis\u00ebsh nga nj\u00eb sken\u00eb e ruajtur?","title.continue.nodata":"Nuk ka t\u00eb dh\u00ebna t\u00eb ruajtura.","storage.date":"Data:","config.1":"Muzike ne sfond","config.8.0":"lokal","extra.scene.confirm":"D\u00ebshironi t\u00eb filloni me k\u00ebt\u00eb sken\u00eb?","title.translate.confirm.yes":"Shkarko","title.translate.confirm":"Shkarkoni skedar\u00ebt e azhurnimit t\u00eb nevojsh\u00ebm p\u00ebr t\u00eb filluar loj\u00ebn n\u00eb %s .","common.dialog.message.exit.yes":"Dilni","common.dialog.btn.no":"anuloj","language.confirm.yes":"Ndryshim.","config.10.1":"t\u00eb jet\u00eb me vler\u00eb","storage.label.none":"Nuk ka t\u00eb dh\u00ebna","language.confirm":"D\u00ebshiron t\u00eb ndryshosh gjuh\u00ebn q\u00eb p\u00ebrdor n\u00eb %s ?","config.10":"Ndryshoni ngjyr\u00ebn e fjalive t\u00eb lexuara tashm\u00eb","storage.title.load":"ngarkes\u00eb","config.5":"Shpejt\u00ebsia e modalitetit automatik","config.7.all":"te gjitha","config.8":"Kaloni vazhdimin pas zgjedhjes","config.9.1":"t\u00eb jet\u00eb me vler\u00eb","common.dialog.btn.yes":"Ne rregull","config.tab.system":"sistem","extra.cg.dialog.page":"%d / %d","common.dialog.message.save.yes":"ruaj","common.dialog.message.load.yes":"ngarkes\u00eb","common.dialog.message.save":"Doni ta ruani?","config.7.read":"Lexo vetem","config.3":"Z VRI","config.9.0":"lokal","config.reset.confirm.yes":"Filloni.","talk.quickload.confirm":"D\u00ebshiron t\u00eb rinis\u00ebsh nga nj\u00eb sken\u00eb e ruajtur?","config.tab.sound":"Tingulli","talk.quicksave.message":"Ju e keni ruajtur loj\u00ebn. Mund t\u00eb rifilloni nga skena aktuale.","config.4":"shpejt\u00ebsia e shfaqjes s\u00eb karaktereve","config.reset.confirm":"D\u00ebshironi t\u00eb filloni cil\u00ebsimet?","common.dialog.message.download":"Duke shkarkuar.","title.translate.notallowed":"Filloni cil\u00ebsimet e gjuh\u00ebs sepse skedar\u00ebt e k\u00ebrkuar mungojn\u00eb.","storage.date.none":"----/-/--:--","common.dialog.btn.cancel":"nd\u00ebrprerje","language.error.2":"Nuk ju lejohet t\u00eb hyni n\u00eb server.","config.7":"kaloni m\u00ebnyr\u00ebn","language.error.1":"Serveri \u00ebsht\u00eb n\u00ebn mir\u00ebmbajtje.","config.9":"Vazhdimi i modalitetit automatik pas p\u00ebrzgjedhjes","common.dialog.message.title":"D\u00ebshironi t\u00eb ktheheni n\u00eb ekranin e titullit?","extra.scene.confirm.yes":"Inicoj.","common.dialog.message.load":"Doni t\u00eb ngarkoni?","common.dialog.message.title.yes":"Tek titulli","config.2":"SE","config.8.1":"t\u00eb jet\u00eb me vler\u00eb","title.translate.failed":"Filloni cil\u00ebsimet e gjuh\u00ebs sepse shkarkimi d\u00ebshtoi.","common.dialog.message.exit":"Doni t\u00eb lini loj\u00ebn?","language.error.255":"Serveri nuk \u00ebsht\u00eb i disponuesh\u00ebm."},"/ui/common/config/btn_sound.ui":{"rootdata":{"2":"z\u00eb"}},"/ui/common/ui/btn_title.ui":{"rootdata":{"2":"titulli"}},"/ui/720p/storage/storage.ui":{"rootdata":{"1":"Ruaj"}},"/ui/common/storage/datum.ui":{"rootdata":{"3":{"1":"Nuk ka t\u00eb dh\u00ebna"}}},"/ui/720p/config/config.ui":{"rootdata":{"1":"sistem"}},"/ui/common/title/btn_language.ui":{"rootdata":{"0":"Gjuhe"}}}