{"/ui/1080p/talk/log.ui":{"rootdata":{"0":{"1":"BackLog"}}},"/ui/common/config/btn_reset.ui":{"rootdata":{"2":"T\u1ecdgharia"}},"/ui/1080p/extra/scenepage.ui":{"rootdata":{"0":{"0":"\u1ecdn\u1ecdd\u1ee5"}}},"/img/1080p/bg/ED0003_a.ui":{"rootdata":{"0":{"5":"Kanon Rapipaka","3":"Mekabu Shinonome","4":"Oni MAYUGE","10":"Yui","2":"Tsukimachi Usagi","7":"mgba","8":"Minami na Tenjino","6":"Koyo Urami","1":"Meghar\u1ecba nd\u1ecb \u1ecdr\u1ee5","9":"Majin Hachimitsu"}}},"/img/720p/bg/ED0000_a.ui":{"rootdata":{"0":{"1":"Echiche izizi, Black Swan, \"Amane Switch\""}}},"/ui/1080p/config/config.ui":{"rootdata":{"1":"usoro"}},"/ui/common/title/btn_continue.ui":{"rootdata":{"0":"Gaa n'ihu"}},"/img/1080p/bg/ED0007_a.ui":{"rootdata":{"0":{"1":"fin"}}},"/ui/common/ui/btn_exit.ui":{"rootdata":{"2":"\u1ee4z\u1ecd \u1ecdp\u1ee5p\u1ee5"}},"character":{"1st_grade":"nwata akw\u1ee5kw\u1ecd af\u1ecd mb\u1ee5","cat":"pusi","female_student2":"Nwa akw\u1ee5kw\u1ecd nwany\u1ecb 2","police_officer":"onye uwe ojii","friend":"enyi","doctor":"dibia bekee","teacher":"onye nkuzi (klaas\u1ecb)","amane":"Amane","female":"nwanyi","amane_with_mother":"Nne. Amane","pe_teacher":"onye nkuzi mm\u1ee5ta an\u1ee5 ah\u1ee5","director":"onye isi otu kl\u1ecdb (\u1ee5l\u1ecd akw\u1ee5kw\u1ecd).","theater_tirector":"onye isi ngalaba ejije","School_principal":"onye isi","theater_member":"onye otu egwuregwu ihe nkiri","police_officer2":"Onye uwe ojii 2","nurse":"n\u1ecd\u1ecds\u1ee5 edebanyere aha","yukika":"Yukika","teacher1":"Onye nkuzi 1","hospital_officials":"nd\u1ecb \u1ecdr\u1ee5 \u1ee5l\u1ecd \u1ecdgw\u1ee5","soccer_member":"\u1ee5l\u1ecd \u1ecbgba b\u1ecd\u1ecdl\u1ee5","store_manager":"onye njikwa \u1ee5l\u1ecd ah\u1ecba","3rd_grade":"nwata akw\u1ee5kw\u1ecd af\u1ecd at\u1ecd","unknown":"Kedu?","wet_woman":"Nwany\u1ecb mmiri na-ete mmiri","police_officer3":"Onye uwe ojii 3.","4heroines":"Yoko & Izumi & Shizuku & Yukika","female_student":"nwa akwukwo nwanyi","Students":"\u1ee5m\u1ee5 akw\u1ee5kw\u1ecd","literary_club_Director":"onye isi ngalaba edemede","part_time_job":"byte","youko":"Yoko","male":"okike nwoke","children":"nwa","youhei":"Yohei","Audiovisual_committee":"Onye otu k\u1ecdmitii enwegh\u1ecb mmet\u1ee5ta","male_student":"nwa akw\u1ee5kw\u1ecd nwoke","izumi":"Izumi","child":"umuaka","male_student2":"Nwa akw\u1ee5kw\u1ecd 2","hospital_officials2":"Nd\u1ecb \u1ecdr\u1ee5 \u1ee5l\u1ecd \u1ecdgw\u1ee5 2","police_officer1":"Onye uwe ojii 1","classmate":"nwa klas","member2":"Onye otu 2.","athletics_member":"onye otu egwuregwu egwu na ubi","male_student1":"Nwa akw\u1ee5kw\u1ecd 1","resident":"onye bi","homeroom_teacher":"onye nkuzi ulo","father":"nna","police_officer4":"Onye uwe ojii 4.","literary_club_member":"onye edemede nke nd\u1ecb \u1ecdr\u1ee5","customer":"onye ah\u1ecba","softball_member":"ngalaba software","baseball_member":"kl\u1ecdb baseball (ya b\u1ee5 otu baseball nke mahadum, \u1ee5l\u1ecd \u1ecdr\u1ee5, wdg)","male_student3":"Nwa akw\u1ee5kw\u1ecd 3","news_caster":"onye na-eme ihe","teacher4":"Onye nkuzi an\u1ecd.","shizuku":"Shizuku","vice-president":"osote onye isi oche (nke otu kl\u1ecdb ma \u1ecd b\u1ee5 nzuk\u1ecd, otu)","member1":"Onye otu 1","teacher3":"Onye nkuzi at\u1ecd.","shinzi":"Shinji","sales_clerk":"onye ode akwukwo","female_student1":"Nwa akw\u1ee5kw\u1ecd nwany\u1ecb 1","mother":"nne","father_in_law":"nna nwunye","hospital_officials1":"Nd\u1ecb \u1ecdr\u1ee5 \u1ee5l\u1ecd \u1ecdgw\u1ee5 1","member3":"Onye otu 3.","teacher2":"Onye nkuzi 2"},"/ui/720p/extra/cgpage.ui":{"rootdata":{"0":{"0":"CG"}}},"/ui/1080p/extra/routepage.ui":{"rootdata":{"0":{"0":"\u1ecdn\u1ecdd\u1ee5"}}},"scene":{"34":{"hidden":"N'ikpeaz\u1ee55","name":"NKWUKWU '\u1eccr\u1ecba a na-ap\u1ee5gh\u1ecb \u1ecbgw\u1ecdta'"},"29":{"hidden":"N'ikpeaz\u1ee53","name":"AKW\u1ee4KW\u1ecc \"mmiri ozuzo \u1ecdz\u1ecd"},"27":{"hidden":"25","name":"Nwanne m kacha amas\u1ecb m."},"8":{"hidden":"08","name":"Nd\u1ee5 r\u1ee5r\u1ee5 ar\u1ee5 kwa \u1ee5b\u1ecdch\u1ecb"},"6":{"hidden":"06","name":"Mmek\u1ecdr\u1ecbta na Amane"},"15":{"hidden":"15","name":"\u1ecc na-at\u1ecd \u1ecdch\u1ecb."},"5":{"hidden":"05","name":"\u00f2k\u00f9"},"23":{"hidden":"N'ikpeaz\u1ee51","name":"\u1eccgw\u1ee5gw\u1ee5 \"Ame Furi"},"35":{"hidden":"N'ikpeaz\u1ee56","name":"Ngw\u1ee5s\u1ecb \"Njedebe nke \u1ecds\u1ecd ah\u1ee5: ......"},"11":{"hidden":"11","name":"Ihe m kwenyere na..."},"26":{"hidden":"N'ikpeaz\u1ee52","name":"\u1eccgw\u1ee5gw\u1ee5 \"Anya mmiri nke mmiri ozuzo"},"36":{"hidden":"Nzuzo Nzuzo","name":"Nkw\u1ee5s\u1ecb \"mmiri ozuzo \u1ecdh\u1ee5r\u1ee5\"."},"16":{"hidden":"16","name":"So nani m bu onye ara?"},"25":{"hidden":"24","name":"mmiri ozuzo na-ezo n'oge mwute"},"4":{"hidden":"04","name":"enyi"},"22":{"hidden":"22","name":"ntupu ire"},"12":{"hidden":"12","name":"omume r\u1ee5r\u1ee5 ar\u1ee5"},"18":{"hidden":"18","name":"Nkume nke malitere ibughar\u1ecb."},"21":{"hidden":"21","name":"Amane mgba \u1ecdk\u1ee5"},"1":{"hidden":"01","name":"Nwa akwukwo ohuru..."},"0":{"hidden":"00","name":"Amane"},"7":{"hidden":"07","name":"juputara na oghere"},"17":{"hidden":"17","name":"nh\u1ecdr\u1ecd"},"32":{"hidden":"28","name":"nnabata nke ikike inwe ala (site n'aka shogunate, onye nwe feudal, wdg)"},"24":{"hidden":"23","name":"An\u1ecd m na-eche g\u1ecb."},"9":{"hidden":"09","name":"igwe-wheel"},"19":{"hidden":"19","name":"Kedu ka nke a si mee?"},"30":{"hidden":"27","name":"nnwere onwe ime nh\u1ecdr\u1ecd"},"10":{"hidden":"10","name":"ogbugbu"},"14":{"hidden":"14","name":"udo nke uche nwa oge"},"3":{"hidden":"03","name":"Amane na mmiri ozuzo"},"31":{"hidden":"N'ikpeaz\u1ee54","name":"NKWUKWU \"Njedebe nke mwakpo: ......"},"2":{"hidden":"02","name":"Oge obi \u1ee5t\u1ecd"},"28":{"hidden":"26","name":"iwu (nke an\u1ee5 ah\u1ee5)"},"13":{"hidden":"13","name":"Ugbu a, any\u1ecb na \u1ecdn\u1ee5."},"33":{"hidden":"29","name":"d\u1ecb mma"},"20":{"hidden":"20","name":"oge anw\u1ee5"}},"/img/720p/bg/ED0006_a.ui":{"rootdata":{"0":{"1":"mmep\u1ee5ta","2":"\u1eccn\u1ee5 ego nke Ride On Works, Inc."}}},"/ui/720p/extra/soundpage.ui":{"rootdata":{"0":{"0":"\u1ee5da"}}},"/ui/common/title/btn_start.ui":{"rootdata":{"0":"malite"}},"/img/720p/bg/ED0007_a.ui":{"rootdata":{"0":{"1":"fin"}}},"/img/1080p/bg/ED0002_a.ui":{"rootdata":{"0":{"1":"mep\u1ee5ta","2":"Pengin","3":"Ryusei"}}},"/ui/common/ui/btn_back.ui":{"rootdata":{"2":"az\u1ee5"}},"/ui/common/title/btn_load.ui":{"rootdata":{"0":"ibu"}},"/ui/720p/language/language.ui":{"rootdata":{"1":"As\u1ee5s\u1ee5"}},"/ui/common/extra/achieve.ui":{"rootdata":{"1":"\u1ecdn\u1ee5ego nke mmezu"}},"/ui/720p/talk/log.ui":{"rootdata":{"0":{"1":"BackLog"}}},"/img/1080p/bg/ED0000_a.ui":{"rootdata":{"0":{"1":"Echiche izizi, Black Swan, \"Amane Switch\""}}},"/img/720p/bg/ED0004_a.ui":{"rootdata":{"0":{"1":"keukwu mmep\u1ee5ta","2":"Bushi"}}},"/ui/720p/extra/scenepage.ui":{"rootdata":{"0":{"0":"\u1ecdn\u1ecdd\u1ee5"}}},"/ui/1080p/extra/soundpage.ui":{"rootdata":{"0":{"0":"\u1ee5da"}}},"/img/1080p/bg/ED0004_a.ui":{"rootdata":{"0":{"1":"keukwu mmep\u1ee5ta","2":"Bushi"}}},"/ui/common/extra/btn_thumbnail.ui":{"rootdata":{"0":{"1":"Enwegh\u1ecb data"}}},"/ui/common/title/btn_config.ui":{"rootdata":{"0":"Nhazi"}},"/img/720p/bg/ED0002_a.ui":{"rootdata":{"0":{"1":"mep\u1ee5ta","2":"Pengin","3":"Ryusei"}}},"/img/1080p/bg/ED0005_a.ui":{"rootdata":{"0":{"1":"mmep\u1ee5ta imek\u1ecd ihe \u1ecdn\u1ee5","2":"\u1ee4l\u1ecd \u1ecdr\u1ee5 Cyber Step Corporation"}}},"/img/720p/bg/ED0005_a.ui":{"rootdata":{"0":{"1":"mmep\u1ee5ta imek\u1ecd ihe \u1ecdn\u1ee5","2":"\u1ee4l\u1ecd \u1ecdr\u1ee5 Cyber Step Corporation"}}},"/ui/common/extra/btn_cg.ui":{"rootdata":{"2":"CG"}},"/ui/1080p/language/language.ui":{"rootdata":{"1":"As\u1ee5s\u1ee5"}},"/ui/common/config/btn_system.ui":{"rootdata":{"2":"usoro"}},"/ui/1080p/storage/storage.ui":{"rootdata":{"1":"Chekwa"}},"/img/1080p/bg/ED0006_a.ui":{"rootdata":{"0":{"1":"mmep\u1ee5ta","2":"\u1eccn\u1ee5 ego nke Ride On Works, Inc."}}},"/ui/720p/extra/routepage.ui":{"rootdata":{"0":{"0":"\u1ecdn\u1ecdd\u1ee5"}}},"bgm":{"insecurity":{"label":"melancholy"},"eye1":{"label":"na-ap\u1ee5 ap\u1ee5"},"h1":{"label":"ripple"},"rain":{"label":"ifufe oyi"},"sys":{"label":"\u1eccd\u1ecd mmiri d\u1ecb j\u1ee5\u1ee5"},"eye2":{"label":"urukpuru igwe (ihu igwe)"},"sir":{"label":"obi nkorop\u1ee5"},"op":{"label":"Amane"},"ed":{"label":"Agbazekwa n'ime mbara igwe"},"healing":{"label":"met\u1ee5 (mmad\u1ee5) obi"},"danger":{"label":"na-ab\u1ecbaru nso"},"h2":{"label":"anya mmiri"}},"/ui/common/extra/btn_sound.ui":{"rootdata":{"2":"\u1ee5da"}},"/ui/1080p/extra/cgpage.ui":{"rootdata":{"0":{"0":"CG"}}},"/img/1080p/bg/ED0001_a.ui":{"rootdata":{"0":{"5":"Shizuku Kizaki:. Uki Nashiki","6":"Yukika Mizushima :. Mei Oshiro","3":"Yoko Minegishi :. Ari Sayama","4":"Izumi Kizaki :. Nemea Iori (Ogige Ogige Stellar Cycle)","1":"nkedo","2":"Amane Satonaka :. Kyoko Kuramochi (Ogige \u1ee4l\u1ecd Akw\u1ee5kw\u1ecd Stellar Cycle)"}}},"/ui/common/title/btn_extra.ui":{"rootdata":{"0":"Mgbakwunye"}},"/img/720p/bg/ED0003_a.ui":{"rootdata":{"0":{"5":"Kanon Rapipaka","3":"Mekabu Shinonome","4":"Oni MAYUGE","10":"Yui","2":"Tsukimachi Usagi","7":"mgba","8":"Minami na Tenjino","6":"Koyo Urami","1":"Meghar\u1ecba nd\u1ecb \u1ecdr\u1ee5","9":"Majin Hachimitsu"}}},"/ui/common/extra/btn_scene.ui":{"rootdata":{"2":"\u1ecdn\u1ecdd\u1ee5"}},"/img/720p/bg/ED0001_a.ui":{"rootdata":{"0":{"5":"Shizuku Kizaki:. Uki Nashiki","6":"Yukika Mizushima :. Mei Oshiro","3":"Yoko Minegishi :. Ari Sayama","4":"Izumi Kizaki :. Nemea Iori (Ogige Ogige Stellar Cycle)","1":"nkedo","2":"Amane Satonaka :. Kyoko Kuramochi (Ogige \u1ee4l\u1ecd Akw\u1ee5kw\u1ecd Stellar Cycle)"}}},"dict":{"title.translate.cancaled":"Akw\u1ee5s\u1ecbla nbudata a wee malite nt\u1ecdala as\u1ee5s\u1ee5.","talk.quickload.confirm.yes":"Any\u1ecb ga-amaliteghachi.","title.continue.confirm.yes":"Any\u1ecb ga-amaliteghachi.","config.10.0":"mpaghara","storage.title.save":"Chekwa","language.restart":"Laghachi na ihuenyo aha.","config.6":"ngh\u1ecdta window ozi","title.continue.confirm":"\u1ecach\u1ecdr\u1ecd \u1ecbmaliteghar\u1ecb site na \u1ecdn\u1ecdd\u1ee5 echekwara?","title.continue.nodata":"Enwegh\u1ecb data nchekwa.","storage.date":"\u1ee4b\u1ecdch\u1ecb:","config.1":"egwu ndabere","config.8.0":"mpaghara","extra.scene.confirm":"\u1eca ch\u1ecdr\u1ecd ibido na \u1ecdn\u1ecdd\u1ee5 a?","title.translate.confirm.yes":"budata","title.translate.confirm":"Budata fa\u1ecbl\u1ee5 mmelite ach\u1ecdr\u1ecd iji malite egwuregwu na %s .","common.dialog.message.exit.yes":"\u1ee4z\u1ecd \u1ecdp\u1ee5p\u1ee5.","common.dialog.btn.no":"kagbuo","language.confirm.yes":"Gbanwee.","config.10.1":"bara uru","storage.label.none":"Enwegh\u1ecb data","language.confirm":"\u1eca ch\u1ecdr\u1ecd \u1ecbgbanwe as\u1ee5s\u1ee5 \u1ecb na-eji na %s ?","config.10":"Gbanwee agba nke ah\u1ecbr\u1ecbokwu ag\u1ee5gorolar\u1ecb","storage.title.load":"ibu","config.5":"\u1eccs\u1ecd \u1ecdn\u1ecdd\u1ee5 akpaaka","config.7.all":"niile","config.8":"Gaa n'ihu ma h\u1ecdr\u1ecd ya","config.9.1":"bara uru","common.dialog.btn.yes":"\u1ecc D\u1eca MMA","config.tab.system":"usoro","extra.cg.dialog.page":"%d / %d","common.dialog.message.save.yes":"chekwaa","common.dialog.message.load.yes":"ibu","common.dialog.message.save":"\u1eca ch\u1ecdr\u1ecd \u1ecbchekwa ya?","config.7.read":"g\u1ee5\u1ecd naan\u1ecb","config.3":"olu","config.9.0":"mpaghara","config.reset.confirm.yes":"Malite.","talk.quickload.confirm":"\u1ecach\u1ecdr\u1ecd \u1ecbmaliteghar\u1ecb site na \u1ecdn\u1ecdd\u1ee5 echekwara?","config.tab.sound":"\u1ee4da","talk.quicksave.message":"\u1eca chekwaa egwuregwu ah\u1ee5. \u1eca nwere ike \u1ecbmaliteghachi site na \u1ecdn\u1ecdd\u1ee5 d\u1ecb ugbu a.","config.4":"\u1ecds\u1ecd ngosi agwa","config.reset.confirm":"\u1eca ch\u1ecdr\u1ecd ibido nt\u1ecdala ah\u1ee5?","common.dialog.message.download":"Nbudata.","title.translate.notallowed":"Bido nt\u1ecdala as\u1ee5s\u1ee5 n'ihi na fa\u1ecbl\u1ee5 ach\u1ecdr\u1ecd na-efu.","storage.date.none":"----/------:--","common.dialog.btn.cancel":"nkw\u1ee5s\u1ecb","language.error.2":"Agagh\u1ecb ekwe ka \u1ecb nweta ihe nkesa.","config.7":"ikwu \u1ee5d\u1ecb","language.error.1":"A na-ar\u1ee5zi ihe nkesa ah\u1ee5.","config.9":"Usoro akpaaka na-aga n'ihu ma ah\u1ecdp\u1ee5tara ya","common.dialog.message.title":"\u1eca ch\u1ecdr\u1ecd \u1ecblaghachi na ihuenyo aha?","extra.scene.confirm.yes":"Malite.","common.dialog.message.load":"\u1eca ch\u1ecdr\u1ecd \u1ecbkwanye?","common.dialog.message.title.yes":"Ka aha","config.2":"SE","config.8.1":"bara uru","title.translate.failed":"Bido nt\u1ecdala as\u1ee5s\u1ee5 n'ihi na nbudata ah\u1ee5 dara.","common.dialog.message.exit":"\u1eca ch\u1ecdr\u1ecd \u1ecbkw\u1ee5s\u1ecb egwuregwu ah\u1ee5?","language.error.255":"Ihe nkesa ad\u1ecbgh\u1ecb."},"/ui/common/config/btn_sound.ui":{"rootdata":{"2":"\u1ee5da"}},"/ui/common/ui/btn_title.ui":{"rootdata":{"2":"aha"}},"/ui/720p/storage/storage.ui":{"rootdata":{"1":"Chekwa"}},"/ui/common/storage/datum.ui":{"rootdata":{"3":{"1":"Enwegh\u1ecb data"}}},"/ui/720p/config/config.ui":{"rootdata":{"1":"usoro"}},"/ui/common/title/btn_language.ui":{"rootdata":{"0":"As\u1ee5s\u1ee5"}}}