{"/ui/1080p/talk/log.ui":{"rootdata":{"0":{"1":"BackLog"}}},"/ui/common/config/btn_reset.ui":{"rootdata":{"2":"Bwezerani"}},"/ui/1080p/extra/scenepage.ui":{"rootdata":{"0":{"0":"chochitika"}}},"/img/1080p/bg/ED0003_a.ui":{"rootdata":{"0":{"5":"Kanon Rapipaka","3":"Mekabu Shinonome","4":"Oni MAYUGE","10":"Yui","2":"Tsukimachi Usagi","7":"arp","8":"Minami no Tenjino","6":"Koyo Urami","1":"Remake Staff","9":"Majin Hachimitsu"}}},"/img/720p/bg/ED0000_a.ui":{"rootdata":{"0":{"1":"Lingaliro loyambirira, Black Swan, \"Amane Switch\""}}},"/ui/1080p/config/config.ui":{"rootdata":{"1":"dongosolo"}},"/ui/common/title/btn_continue.ui":{"rootdata":{"0":"Pitirizani"}},"/img/1080p/bg/ED0007_a.ui":{"rootdata":{"0":{"1":"mapeto"}}},"/ui/common/ui/btn_exit.ui":{"rootdata":{"2":"Potulukira"}},"character":{"1st_grade":"wophunzira chaka choyamba","cat":"mphaka","female_student2":"Mkazi wophunzira 2","police_officer":"wapolisi","friend":"bwenzi","doctor":"dokotala","teacher":"mphunzitsi (classroom)","amane":"Amane","female":"mkazi","amane_with_mother":"Amayi. Amane","pe_teacher":"mphunzitsi wamaphunziro a thupi","director":"mkulu wa kalabu (ya sukulu).","theater_tirector":"mkulu wa dipatimenti ya masewero","School_principal":"wamkulu","theater_member":"membala wa gulu la zisudzo","police_officer2":"Wapolisi 2","nurse":"namwino wolembetsa","yukika":"Yukika","teacher1":"Mphunzitsi 1","hospital_officials":"ogwira ntchito m'chipatala","soccer_member":"kalabu ya mpira","store_manager":"shop manager","3rd_grade":"wophunzira wa chaka chachitatu","unknown":"Chani?","wet_woman":"Mkazi wonyowa","police_officer3":"Wapolisi 3.","4heroines":"Yoko & Izumi & Shizuku & Yukika","female_student":"wophunzira wamkazi","Students":"ophunzira","literary_club_Director":"mkulu wa dipatimenti yolemba mabuku","part_time_job":"bati","youko":"Yoko","male":"jenda lachimuna","children":"mwana","youhei":"Yohei","Audiovisual_committee":"membala wa komiti yoletsa kumva","male_student":"mwamuna wophunzira","izumi":"Izumi","child":"ana","male_student2":"Male student 2","hospital_officials2":"Ogwira ntchito m'chipatala 2","police_officer1":"Wapolisi 1","classmate":"mnzanga wa m\u2019kalasi","member2":"Member 2.","athletics_member":"membala wa kalabu ya track and field","male_student1":"Male student 1","resident":"wokhalamo","homeroom_teacher":"mphunzitsi wakunyumba","father":"bambo","police_officer4":"Wapolisi 4.","literary_club_member":"wolemba ntchito","customer":"kasitomala","softball_member":"dipatimenti yamapulogalamu","baseball_member":"kalabu ya baseball (mwachitsanzo, timu ya baseball yaku yunivesite, mabungwe, ndi zina zambiri)","male_student3":"Mwamuna wophunzira 3","news_caster":"caster","teacher4":"Mphunzitsi Wachinayi.","shizuku":"Shizu","vice-president":"wachiwiri kwa purezidenti (wa kalabu kapena bungwe, bungwe)","member1":"Member 1","teacher3":"Mphunzitsi Wachitatu.","shinzi":"Shinji","sales_clerk":"kalaliki","female_student1":"Mkazi wophunzira 1","mother":"amayi","father_in_law":"apongozi amuna","hospital_officials1":"Ogwira ntchito m'chipatala 1","member3":"Member 3.","teacher2":"Mphunzitsi 2"},"/ui/720p/extra/cgpage.ui":{"rootdata":{"0":{"0":"CG"}}},"/ui/1080p/extra/routepage.ui":{"rootdata":{"0":{"0":"chochitika"}}},"scene":{"34":{"hidden":"MAPETO5","name":"ZIMALIRA 'Matenda omwe sangathe kuchiritsidwa'"},"29":{"hidden":"MAPETO3","name":"ZIMALIRA \"kugwanso mvula"},"27":{"hidden":"25","name":"Mlongo wanga wokondedwa."},"8":{"hidden":"08","name":"Moyo watsiku ndi tsiku wopotozedwa"},"6":{"hidden":"06","name":"Ubale ndi Amane"},"15":{"hidden":"15","name":"Ndizoseketsa."},"5":{"hidden":"05","name":"kuitana"},"23":{"hidden":"MAPETO1","name":"MAPETO \"Ame Furi"},"35":{"hidden":"MAPETO6","name":"MAPETO \"Mapeto a Kuthamanga: ......"},"11":{"hidden":"11","name":"Zomwe ndimakhulupirira..."},"26":{"hidden":"MAPETO2","name":"MAPETO \"Misozi ya Mvula"},"36":{"hidden":"Chinsinsi MAPETO","name":"ZIMALIZA \"New Call Rain\"."},"16":{"hidden":"16","name":"Ndiye ndine ndekha amene ndapenga?"},"25":{"hidden":"24","name":"mvula ikugwa panthawi yachisoni"},"4":{"hidden":"04","name":"bwenzi"},"22":{"hidden":"22","name":"kutsetsereka kwa lilime"},"12":{"hidden":"12","name":"mchitidwe wankhanza"},"18":{"hidden":"18","name":"Mwala umene unayamba kugudubuzika."},"21":{"hidden":"21","name":"Amane kusintha"},"1":{"hidden":"01","name":"Wophunzira watsopano..."},"0":{"hidden":"00","name":"Amane"},"7":{"hidden":"07","name":"kukhala wodzaza ndi mabowo"},"17":{"hidden":"17","name":"kusankha"},"32":{"hidden":"28","name":"kuzindikira ufulu wokhala ndi malo (ndi shogunate, mbuye wa feudal, etc.)"},"24":{"hidden":"23","name":"Ine ndimakuganizirani."},"9":{"hidden":"09","name":"gudumu"},"19":{"hidden":"19","name":"Kodi zimenezi zinachitika bwanji?"},"30":{"hidden":"27","name":"ufulu wakudzisankhira"},"10":{"hidden":"10","name":"wakupha"},"14":{"hidden":"14","name":"Mtendere wamaganizo wakanthawi"},"3":{"hidden":"03","name":"Amane ndi mvula"},"31":{"hidden":"MAPETO4","name":"ZIMALIZA \u201cMapeto a Kuukira: ......"},"2":{"hidden":"02","name":"Nthawi yosangalatsa"},"28":{"hidden":"26","name":"Constitution (yakuthupi)"},"13":{"hidden":"13","name":"Tsopano tili limodzi."},"33":{"hidden":"29","name":"wamakhalidwe"},"20":{"hidden":"20","name":"mphindi zakufa"}},"/img/720p/bg/ED0006_a.ui":{"rootdata":{"0":{"1":"kupanga","2":"Malingaliro a kampani Ride On Works, Inc."}}},"/ui/720p/extra/soundpage.ui":{"rootdata":{"0":{"0":"phokoso"}}},"/ui/common/title/btn_start.ui":{"rootdata":{"0":"kuyamba"}},"/img/720p/bg/ED0007_a.ui":{"rootdata":{"0":{"1":"mapeto"}}},"/img/1080p/bg/ED0002_a.ui":{"rootdata":{"0":{"1":"panga","2":"Penina","3":"Ryusei"}}},"/ui/common/ui/btn_back.ui":{"rootdata":{"2":"kumbuyo"}},"/ui/common/title/btn_load.ui":{"rootdata":{"0":"katundu"}},"/ui/720p/language/language.ui":{"rootdata":{"1":"Chiyankhulo"}},"/ui/common/extra/achieve.ui":{"rootdata":{"1":"mlingo wakuchita bwino"}},"/ui/720p/talk/log.ui":{"rootdata":{"0":{"1":"BackLog"}}},"/img/1080p/bg/ED0000_a.ui":{"rootdata":{"0":{"1":"Lingaliro loyambirira, Black Swan, \"Amane Switch\""}}},"/img/720p/bg/ED0004_a.ui":{"rootdata":{"0":{"1":"kupanga mokwanira","2":"Bush"}}},"/ui/720p/extra/scenepage.ui":{"rootdata":{"0":{"0":"chochitika"}}},"/ui/1080p/extra/soundpage.ui":{"rootdata":{"0":{"0":"phokoso"}}},"/img/1080p/bg/ED0004_a.ui":{"rootdata":{"0":{"1":"kupanga mokwanira","2":"Bush"}}},"/ui/common/extra/btn_thumbnail.ui":{"rootdata":{"0":{"1":"NoData"}}},"/ui/common/title/btn_config.ui":{"rootdata":{"0":"Konzani"}},"/img/720p/bg/ED0002_a.ui":{"rootdata":{"0":{"1":"panga","2":"Penina","3":"Ryusei"}}},"/img/1080p/bg/ED0005_a.ui":{"rootdata":{"0":{"1":"kupanga mgwirizano","2":"Malingaliro a kampani Cyber Step Corporation"}}},"/img/720p/bg/ED0005_a.ui":{"rootdata":{"0":{"1":"kupanga mgwirizano","2":"Malingaliro a kampani Cyber Step Corporation"}}},"/ui/common/extra/btn_cg.ui":{"rootdata":{"2":"CG"}},"/ui/1080p/language/language.ui":{"rootdata":{"1":"Chiyankhulo"}},"/ui/common/config/btn_system.ui":{"rootdata":{"2":"dongosolo"}},"/ui/1080p/storage/storage.ui":{"rootdata":{"1":"Sungani"}},"/img/1080p/bg/ED0006_a.ui":{"rootdata":{"0":{"1":"kupanga","2":"Malingaliro a kampani Ride On Works, Inc."}}},"/ui/720p/extra/routepage.ui":{"rootdata":{"0":{"0":"chochitika"}}},"bgm":{"insecurity":{"label":"kukhumudwa"},"eye1":{"label":"kukwera mbali"},"h1":{"label":"ripple"},"rain":{"label":"mphepo yozizira"},"sys":{"label":"Quiet Lake"},"eye2":{"label":"mitambo (nyengo)"},"sir":{"label":"kutaya mtima"},"op":{"label":"Amane"},"ed":{"label":"Sungunulani mu mlengalenga waukulu"},"healing":{"label":"kukhudza (munthu) mtima"},"danger":{"label":"kuyandikira"},"h2":{"label":"misozi"}},"/ui/common/extra/btn_sound.ui":{"rootdata":{"2":"phokoso"}},"/ui/1080p/extra/cgpage.ui":{"rootdata":{"0":{"0":"CG"}}},"/img/1080p/bg/ED0001_a.ui":{"rootdata":{"0":{"5":"Shizuku Kizaki :. Uki Nashiki","6":"Yukika Mizushima :. Mayi Oshiro","3":"Yoko Minegishi :. Ari Sayama","4":"Izumi Kizaki :. Nemea Iori (Stellar Cycle Campus)","1":"kuponya","2":"Amane Satonaka :. Kyoko Kuramochi (Stellar Cycle Campus)"}}},"/ui/common/title/btn_extra.ui":{"rootdata":{"0":"Zowonjezera"}},"/img/720p/bg/ED0003_a.ui":{"rootdata":{"0":{"5":"Kanon Rapipaka","3":"Mekabu Shinonome","4":"Oni MAYUGE","10":"Yui","2":"Tsukimachi Usagi","7":"arp","8":"Minami no Tenjino","6":"Koyo Urami","1":"Remake Staff","9":"Majin Hachimitsu"}}},"/ui/common/extra/btn_scene.ui":{"rootdata":{"2":"chochitika"}},"/img/720p/bg/ED0001_a.ui":{"rootdata":{"0":{"5":"Shizuku Kizaki :. Uki Nashiki","6":"Yukika Mizushima :. Mayi Oshiro","3":"Yoko Minegishi :. Ari Sayama","4":"Izumi Kizaki :. Nemea Iori (Stellar Cycle Campus)","1":"kuponya","2":"Amane Satonaka :. Kyoko Kuramochi (Stellar Cycle Campus)"}}},"dict":{"title.translate.cancaled":"Kutsitsa kwasokonezedwa ndipo zokonda za chilankhulo zakhazikitsidwa.","talk.quickload.confirm.yes":"Tiyambiranso.","title.continue.confirm.yes":"Tiyambiranso.","config.10.0":"kwanuko","storage.title.save":"Sungani","language.restart":"Bwererani ku zenera lamutu.","config.6":"kuwonekera pazenera la uthenga","title.continue.confirm":"Kodi mukufuna kuyambiranso kuchokera patsamba losungidwa?","title.continue.nodata":"Palibe kusunga data.","storage.date":"Tsiku:","config.1":"nyimbo zakumbuyo","config.8.0":"kwanuko","extra.scene.confirm":"Kodi mukufuna kuyamba ndi chochitika ichi?","title.translate.confirm.yes":"download","title.translate.confirm":"Tsitsani mafayilo osinthika ofunikira kuti muyambitse masewerawa %s .","common.dialog.message.exit.yes":"Potulukira.","common.dialog.btn.no":"kuletsa","language.confirm.yes":"Sinthani.","config.10.1":"kukhala wofunika","storage.label.none":"Palibe deta","language.confirm":"Kodi mukufuna kusintha chilankhulo chomwe mumagwiritsa ntchito kukhala %s ?","config.10":"Sinthani mtundu wa ziganizo zomwe zawerengedwa kale","storage.title.load":"katundu","config.5":"Kuthamanga kwa Auto mode","config.7.all":"zonse","config.8":"Dumphani kupitiriza pambuyo posankha","config.9.1":"kukhala wofunika","common.dialog.btn.yes":"Chabwino","config.tab.system":"dongosolo","extra.cg.dialog.page":"%d / %d","common.dialog.message.save.yes":"pulumutsa","common.dialog.message.load.yes":"katundu","common.dialog.message.save":"Kodi mukufuna kuchisunga?","config.7.read":"kuwerenga kokha","config.3":"MAWU","config.9.0":"kwanuko","config.reset.confirm.yes":"Yambitsani.","talk.quickload.confirm":"Kodi mukufuna kuyambiranso kuchokera patsamba losungidwa?","config.tab.sound":"KUPIRIRA","talk.quicksave.message":"Mwasunga masewerawa. Mutha kuyambiranso kuchokera pazomwe zikuchitika.","config.4":"liwiro lowonetsa mawonekedwe","config.reset.confirm":"Kodi mukufuna kuyambitsa zokonda?","common.dialog.message.download":"Kutsitsa.","title.translate.notallowed":"Yambitsani zosintha zachilankhulo chifukwa mafayilo ofunikira akusowa.","storage.date.none":"----/--/-- --:--","common.dialog.btn.cancel":"kusokoneza","language.error.2":"Simukuloledwa kulumikiza seva.","config.7":"kudumpha mode","language.error.1":"Seva ikukonzedwanso.","config.9":"Auto mode kupitiriza pambuyo kusankha","common.dialog.message.title":"Kodi mukufuna kubwereranso ku sikirini yamutu?","extra.scene.confirm.yes":"Yambani.","common.dialog.message.load":"Kodi mukufuna kutsegula?","common.dialog.message.title.yes":"Ku mutu","config.2":"SE","config.8.1":"kukhala wofunika","title.translate.failed":"Yambitsani zochunira chilankhulo chifukwa kutsitsa kwalephera.","common.dialog.message.exit":"Kodi mukufuna kusiya masewerawa?","language.error.255":"Seva palibe."},"/ui/common/config/btn_sound.ui":{"rootdata":{"2":"phokoso"}},"/ui/common/ui/btn_title.ui":{"rootdata":{"2":"mutu"}},"/ui/720p/storage/storage.ui":{"rootdata":{"1":"Sungani"}},"/ui/common/storage/datum.ui":{"rootdata":{"3":{"1":"Palibe Data"}}},"/ui/720p/config/config.ui":{"rootdata":{"1":"dongosolo"}},"/ui/common/title/btn_language.ui":{"rootdata":{"0":"Chiyankhulo"}}}