{"/ui/1080p/talk/log.ui":{"rootdata":{"0":{"1":"Tagasilogi"}}},"/ui/common/config/btn_reset.ui":{"rootdata":{"2":"L\u00e4htesta"}},"/ui/1080p/extra/scenepage.ui":{"rootdata":{"0":{"0":"stseen"}}},"/img/1080p/bg/ED0003_a.ui":{"rootdata":{"0":{"5":"Kanon Rapipaka","3":"Mekabu Shinonome","4":"Oni MAYUGE","10":"Yui","2":"Tsukimachi Usagi","7":"arp","8":"Minami no Tenjino","6":"Koyo Urami","1":"Remake personal","9":"Majin Hachimitsu"}}},"/img/720p/bg/ED0000_a.ui":{"rootdata":{"0":{"1":"Algne idee, Black Swan, \"Amane Switch\""}}},"/ui/1080p/config/config.ui":{"rootdata":{"1":"s\u00fcsteem"}},"/ui/common/title/btn_continue.ui":{"rootdata":{"0":"J\u00e4tka"}},"/img/1080p/bg/ED0007_a.ui":{"rootdata":{"0":{"1":"fin"}}},"/ui/common/ui/btn_exit.ui":{"rootdata":{"2":"v\u00e4ljuda"}},"character":{"1st_grade":"esimese kursuse \u00fcli\u00f5pilane","cat":"kass","female_student2":"Nais\u00f5pilane 2","police_officer":"politseinik","friend":"s\u00f5ber","doctor":"arst","teacher":"\u00f5petaja (klassiruum)","amane":"Amane","female":"naine","amane_with_mother":"Ema. Amane","pe_teacher":"kehalise kasvatuse \u00f5petaja","director":"(kooli)klubi juhataja","theater_tirector":"draamaosakonna juhataja","School_principal":"peadirektor","theater_member":"teatritrupi liige","police_officer2":"Politseinik 2","nurse":"registreeritud \u00f5de","yukika":"Yukika","teacher1":"\u00d5petaja 1","hospital_officials":"haigla personal","soccer_member":"jalgpalliklubi","store_manager":"kaupluse juhataja","3rd_grade":"kolmanda kursuse tudeng","unknown":"Mida?","wet_woman":"L\u00e4bim\u00e4rg naine","police_officer3":"Politseinik 3.","4heroines":"Yoko & Izumi & Shizuku & Yukika","female_student":"nais\u00fcli\u00f5pilane","Students":"\u00f5pilased","literary_club_Director":"kirjandusosakonna juhataja","part_time_job":"bait","youko":"Yoko","male":"mehelik sugu","children":"laps","youhei":"Yohei","Audiovisual_committee":"sensoorse deprivatsiooni komisjoni liige","male_student":"mees\u00f5pilane","izumi":"Izumi","child":"lapsed","male_student2":"Mees\u00f5pilane 2","hospital_officials2":"Haigla personal 2","police_officer1":"Politseinik 1","classmate":"klassivend","member2":"liige 2.","athletics_member":"kergej\u00f5ustikuklubi liige","male_student1":"Mees\u00f5pilane 1","resident":"elanik","homeroom_teacher":"Klassijuhataja","father":"isa","police_officer4":"Politseinik 4.","literary_club_member":"kirjanduslik t\u00f6\u00f6taja","customer":"klient","softball_member":"tarkvara osakond","baseball_member":"pesapalliklubi (st \u00fclikooli, ettev\u00f5tte vms pesapallimeeskond)","male_student3":"Mees\u00f5pilane 3","news_caster":"ratas","teacher4":"\u00d5petaja neli.","shizuku":"Shizuku","vice-president":"asepresident (klubi v\u00f5i organisatsiooni, organisatsiooni)","member1":"liige 1","teacher3":"\u00d5petaja Kolm.","shinzi":"Shinji","sales_clerk":"ametnik","female_student1":"Nais\u00f5pilane 1","mother":"ema","father_in_law":"\u00e4i","hospital_officials1":"Haigla personal 1","member3":"liige 3.","teacher2":"\u00d5petaja 2"},"/ui/720p/extra/cgpage.ui":{"rootdata":{"0":{"0":"CG"}}},"/ui/1080p/extra/routepage.ui":{"rootdata":{"0":{"0":"stseen"}}},"scene":{"34":{"hidden":"L\u00d5PP5","name":"L\u00d5PP \"Haigus, mida ei saa ravida\""},"29":{"hidden":"L\u00d5PP3","name":"L\u00d5PP \"taas vihmane"},"27":{"hidden":"25","name":"Minu lemmik \u00f5de."},"8":{"hidden":"08","name":"Perverssuse igap\u00e4evaelu"},"6":{"hidden":"06","name":"Suhe Amanega"},"15":{"hidden":"15","name":"See on naljakas."},"5":{"hidden":"05","name":"kutse"},"23":{"hidden":"L\u00d5PP1","name":"L\u00d5PP \"Ame Furi"},"35":{"hidden":"L\u00d5PP6","name":"L\u00d5PP \"Jooksu l\u00f5pp: ......"},"11":{"hidden":"11","name":"Millesse ma usun..."},"26":{"hidden":"L\u00d5PP2","name":"L\u00d5PP \"Vihmapisarad"},"36":{"hidden":"Salajane L\u00d5PP","name":"L\u00d5PP \"Uus k\u00f5ne vihm\"."},"16":{"hidden":"16","name":"Nii et ma olen ainuke, kes on hull?"},"25":{"hidden":"24","name":"kurbusel ajal sadas vihma"},"4":{"hidden":"04","name":"s\u00f5ber"},"22":{"hidden":"22","name":"keelev\u00e4\u00e4ratus"},"12":{"hidden":"12","name":"barbaarsuse tegu"},"18":{"hidden":"18","name":"Kivi, mis hakkas veerema."},"21":{"hidden":"21","name":"Amane l\u00fcliti"},"1":{"hidden":"01","name":"Uus \u00f5pilane..."},"0":{"hidden":"00","name":"Amane"},"7":{"hidden":"07","name":"olles auke t\u00e4is"},"17":{"hidden":"17","name":"valik"},"32":{"hidden":"28","name":"maaomandi\u00f5iguse tunnustamine (\u0161ogunaadi, feodaali vms poolt)"},"24":{"hidden":"23","name":"Ma m\u00f5tlesin Sinust."},"9":{"hidden":"09","name":"hammasratas"},"19":{"hidden":"19","name":"Kuidas see juhtus?"},"30":{"hidden":"27","name":"vaba tahe"},"10":{"hidden":"10","name":"palgam\u00f5rvar"},"14":{"hidden":"14","name":"ajutine meelerahu"},"3":{"hidden":"03","name":"Amane ja vihm"},"31":{"hidden":"L\u00d5PP4","name":"L\u00d5PP \"R\u00fcnnaku l\u00f5pp: ......"},"2":{"hidden":"02","name":"\u00d5nnelik aeg"},"28":{"hidden":"26","name":"p\u00f5hiseadus (f\u00fc\u00fcsiline)"},"13":{"hidden":"13","name":"N\u00fc\u00fcd oleme koos."},"33":{"hidden":"29","name":"korralik"},"20":{"hidden":"20","name":"surevad hetked"}},"/img/720p/bg/ED0006_a.ui":{"rootdata":{"0":{"1":"tootmine","2":"Ride On Works, Inc."}}},"/ui/720p/extra/soundpage.ui":{"rootdata":{"0":{"0":"heli"}}},"/ui/common/title/btn_start.ui":{"rootdata":{"0":"alustada"}},"/img/720p/bg/ED0007_a.ui":{"rootdata":{"0":{"1":"fin"}}},"/img/1080p/bg/ED0002_a.ui":{"rootdata":{"0":{"1":"toota","2":"Pengin","3":"Ryusei"}}},"/ui/common/ui/btn_back.ui":{"rootdata":{"2":"tagasi"}},"/ui/common/title/btn_load.ui":{"rootdata":{"0":"koormus"}},"/ui/720p/language/language.ui":{"rootdata":{"1":"Keel"}},"/ui/common/extra/achieve.ui":{"rootdata":{"1":"saavutusm\u00e4\u00e4r"}},"/ui/720p/talk/log.ui":{"rootdata":{"0":{"1":"Tagasilogi"}}},"/img/1080p/bg/ED0000_a.ui":{"rootdata":{"0":{"1":"Algne idee, Black Swan, \"Amane Switch\""}}},"/img/720p/bg/ED0004_a.ui":{"rootdata":{"0":{"1":"terviklik tootmine","2":"Bushi"}}},"/ui/720p/extra/scenepage.ui":{"rootdata":{"0":{"0":"stseen"}}},"/ui/1080p/extra/soundpage.ui":{"rootdata":{"0":{"0":"heli"}}},"/img/1080p/bg/ED0004_a.ui":{"rootdata":{"0":{"1":"terviklik tootmine","2":"Bushi"}}},"/ui/common/extra/btn_thumbnail.ui":{"rootdata":{"0":{"1":"NoData"}}},"/ui/common/title/btn_config.ui":{"rootdata":{"0":"Konfig"}},"/img/720p/bg/ED0002_a.ui":{"rootdata":{"0":{"1":"toota","2":"Pengin","3":"Ryusei"}}},"/img/1080p/bg/ED0005_a.ui":{"rootdata":{"0":{"1":"tootmiskoost\u00f6\u00f6","2":"Cyber Step Corporation"}}},"/img/720p/bg/ED0005_a.ui":{"rootdata":{"0":{"1":"tootmiskoost\u00f6\u00f6","2":"Cyber Step Corporation"}}},"/ui/common/extra/btn_cg.ui":{"rootdata":{"2":"CG"}},"/ui/1080p/language/language.ui":{"rootdata":{"1":"Keel"}},"/ui/common/config/btn_system.ui":{"rootdata":{"2":"s\u00fcsteem"}},"/ui/1080p/storage/storage.ui":{"rootdata":{"1":"Salvesta"}},"/img/1080p/bg/ED0006_a.ui":{"rootdata":{"0":{"1":"tootmine","2":"Ride On Works, Inc."}}},"/ui/720p/extra/routepage.ui":{"rootdata":{"0":{"0":"stseen"}}},"bgm":{"insecurity":{"label":"melanhoolia"},"eye1":{"label":"lompi minema"},"h1":{"label":"lainetus"},"rain":{"label":"k\u00fclm tuul"},"sys":{"label":"Vaikne j\u00e4rv"},"eye2":{"label":"pilvine taevas (ilm)"},"sir":{"label":"meeleheide"},"op":{"label":"Amane"},"ed":{"label":"Sulata avarasse taevasse"},"healing":{"label":"puudutama (inimese) s\u00fcdant"},"danger":{"label":"l\u00e4henema"},"h2":{"label":"pisarad"}},"/ui/common/extra/btn_sound.ui":{"rootdata":{"2":"heli"}},"/ui/1080p/extra/cgpage.ui":{"rootdata":{"0":{"0":"CG"}}},"/img/1080p/bg/ED0001_a.ui":{"rootdata":{"0":{"5":"Shizuku Kizaki :. Uki Nashiki","6":"Yukika Mizushima :. Mei Oshiro","3":"Yoko Minegishi:. Ari Sayama","4":"Izumi Kizaki :. Nemea Iori (T\u00e4herattalinnak)","1":"valatud","2":"Amane Satonaka :. Kyoko Kuramochi (t\u00e4herattalinnak)"}}},"/ui/common/title/btn_extra.ui":{"rootdata":{"0":"Lisa"}},"/img/720p/bg/ED0003_a.ui":{"rootdata":{"0":{"5":"Kanon Rapipaka","3":"Mekabu Shinonome","4":"Oni MAYUGE","10":"Yui","2":"Tsukimachi Usagi","7":"arp","8":"Minami no Tenjino","6":"Koyo Urami","1":"Remake personal","9":"Majin Hachimitsu"}}},"/ui/common/extra/btn_scene.ui":{"rootdata":{"2":"stseen"}},"/img/720p/bg/ED0001_a.ui":{"rootdata":{"0":{"5":"Shizuku Kizaki :. Uki Nashiki","6":"Yukika Mizushima :. Mei Oshiro","3":"Yoko Minegishi:. Ari Sayama","4":"Izumi Kizaki :. Nemea Iori (T\u00e4herattalinnak)","1":"valatud","2":"Amane Satonaka :. Kyoko Kuramochi (t\u00e4herattalinnak)"}}},"dict":{"title.translate.cancaled":"Allalaadimine on katkestatud ja keeleseaded on l\u00e4htestatud.","talk.quickload.confirm.yes":"Me j\u00e4tkame.","title.continue.confirm.yes":"Me j\u00e4tkame.","config.10.0":"kohalik","storage.title.save":"Salvesta","language.restart":"Naaske tiitlikuvale.","config.6":"s\u00f5numiakna l\u00e4bipaistvus","title.continue.confirm":"Kas soovite taask\u00e4ivitada salvestatud stseenist?","title.continue.nodata":"Salvestusandmeid pole.","storage.date":"Kuup\u00e4ev:","config.1":"taustamuusika","config.8.0":"kohalik","extra.scene.confirm":"Kas soovite selle stseeniga alustada?","title.translate.confirm.yes":"lae alla","title.translate.confirm":"Laadige alla m\u00e4ngu alustamiseks vajalikud v\u00e4rskendusfailid %s .","common.dialog.message.exit.yes":"V\u00e4lju.","common.dialog.btn.no":"t\u00fchistada","language.confirm.yes":"Muuda.","config.10.1":"v\u00e4\u00e4rt olema","storage.label.none":"Andmed puuduvad","language.confirm":"Kas soovite muuta kasutatavaks keeleks %s ?","config.10":"Muutke juba loetud lausete v\u00e4rvi","storage.title.load":"koormus","config.5":"Automaatre\u017eiimi kiirus","config.7.all":"k\u00f5ik","config.8":"P\u00e4rast valikut j\u00e4tke j\u00e4tkamine vahele","config.9.1":"v\u00e4\u00e4rt olema","common.dialog.btn.yes":"Okei","config.tab.system":"s\u00fcsteem","extra.cg.dialog.page":"%d / %d","common.dialog.message.save.yes":"salvestada","common.dialog.message.load.yes":"koormus","common.dialog.message.save":"Kas soovite seda salvestada?","config.7.read":"Loe ainult","config.3":"H\u00c4\u00c4L","config.9.0":"kohalik","config.reset.confirm.yes":"Initsialiseeri.","talk.quickload.confirm":"Kas soovite taask\u00e4ivitada salvestatud stseenist?","config.tab.sound":"HELI","talk.quicksave.message":"Olete m\u00e4ngu salvestanud. Saate j\u00e4tkata praegusest stseenist.","config.4":"t\u00e4hem\u00e4rkide kuvamise kiirus","config.reset.confirm":"Kas soovite s\u00e4tted l\u00e4htestada?","common.dialog.message.download":"Allalaadimine.","title.translate.notallowed":"L\u00e4htestage keeleseaded, kuna puuduvad vajalikud failid.","storage.date.none":"----/--/-- --:--","common.dialog.btn.cancel":"katkestus","language.error.2":"Teil ei ole lubatud serverile juurde p\u00e4\u00e4seda.","config.7":"vahelej\u00e4tmise re\u017eiim","language.error.1":"Server on hoolduses.","config.9":"Automaatre\u017eiimi j\u00e4tkamine p\u00e4rast valimist","common.dialog.message.title":"Kas soovite naasta tiitlikuvale?","extra.scene.confirm.yes":"Algatada.","common.dialog.message.load":"Kas soovite laadida?","common.dialog.message.title.yes":"Pealkirja juurde","config.2":"SE","config.8.1":"v\u00e4\u00e4rt olema","title.translate.failed":"Initsialiseerige keeleseaded, kuna allalaadimine eba\u00f5nnestus.","common.dialog.message.exit":"Kas soovite m\u00e4ngust lahkuda?","language.error.255":"Server pole saadaval."},"/ui/common/config/btn_sound.ui":{"rootdata":{"2":"heli"}},"/ui/common/ui/btn_title.ui":{"rootdata":{"2":"pealkiri"}},"/ui/720p/storage/storage.ui":{"rootdata":{"1":"Salvesta"}},"/ui/common/storage/datum.ui":{"rootdata":{"3":{"1":"Andmeid pole"}}},"/ui/720p/config/config.ui":{"rootdata":{"1":"s\u00fcsteem"}},"/ui/common/title/btn_language.ui":{"rootdata":{"0":"Keel"}}}