{"/ui/1080p/talk/log.ui":{"rootdata":{"0":{"1":"BackLog"}}},"/ui/common/config/btn_reset.ui":{"rootdata":{"2":"Sake saitin"}},"/ui/1080p/extra/scenepage.ui":{"rootdata":{"0":{"0":"yanayi"}}},"/img/1080p/bg/ED0003_a.ui":{"rootdata":{"0":{"5":"Kanon Rapipaka","3":"Mekabu Shinonome","4":"Oni MAYUGE","10":"Yau","2":"Tsukimachi Usagi","7":"arp","8":"Minami no Tenjino","6":"Koyo Urami","1":"Sake Ma'aikata","9":"Majin Hachimitsu"}}},"/img/720p/bg/ED0000_a.ui":{"rootdata":{"0":{"1":"Tunanin asali, Black Swan, \"Amane Switch\""}}},"/ui/1080p/config/config.ui":{"rootdata":{"1":"tsarin"}},"/ui/common/title/btn_continue.ui":{"rootdata":{"0":"Ci gaba"}},"/img/1080p/bg/ED0007_a.ui":{"rootdata":{"0":{"1":"fin"}}},"/ui/common/ui/btn_exit.ui":{"rootdata":{"2":"fita"}},"character":{"1st_grade":"dalibi na shekarar farko","cat":"cat","female_student2":"Dalibar mace 2","police_officer":"dan sanda","friend":"aboki","doctor":"likita","teacher":"malami (classroom)","amane":"Amane","female":"mace","amane_with_mother":"Uwa Amane","pe_teacher":"malamin ilimin motsa jiki","director":"shugaban kulob (makaranta).","theater_tirector":"shugaban sashen wasan kwaikwayo","School_principal":"babba","theater_member":"memba na kungiyar wasan kwaikwayo","police_officer2":"Dansanda 2","nurse":"ma'aikacin jinya mai rijista","yukika":"Yukika","teacher1":"Malami 1","hospital_officials":"ma'aikatan asibiti","soccer_member":"kulob din \u0199wallon \u0199afa","store_manager":"manajan kantin","3rd_grade":"dalibi na shekara uku","unknown":"Menene?","wet_woman":"Jiki mace","police_officer3":"Dansanda 3.","4heroines":"Yoko & Izumi & Shizuku & Yukika","female_student":"dalibar mace","Students":"dalibai","literary_club_Director":"shugaban sashen adabi","part_time_job":"byte","youko":"Yoko","male":"jinsin namiji","children":"yaro","youhei":"Yohei","Audiovisual_committee":"memba kwamitin rashi hankali","male_student":"dalibi namiji","izumi":"Izumi","child":"yara","male_student2":"dalibi namiji 2","hospital_officials2":"Ma'aikatan asibiti 2","police_officer1":"Jami'in Yan Sanda 1","classmate":"abokin karatunsu","member2":"Memba 2.","athletics_member":"memba kulob na wa\u0199a da filin wasa","male_student1":"dalibi namiji 1","resident":"mazauni","homeroom_teacher":"malamar gida","father":"uba","police_officer4":"Dansanda 4.","literary_club_member":"memba na adabi na ma'aikata","customer":"abokin ciniki","softball_member":"sashen software","baseball_member":"kulob na baseball (watau \u0199ungiyar \u0199wallon kwando ta jami'a, kamfani, da sauransu)","male_student3":"Nami dalibi 3","news_caster":"simintin","teacher4":"Malami Hudu.","shizuku":"Shizuku","vice-president":"mataimakin shugaban kasa (kulob ko kungiya, kungiya)","member1":"Memba 1","teacher3":"Malami Uku.","shinzi":"Shinji","sales_clerk":"magatakarda","female_student1":"Dalibar mace 1","mother":"uwa","father_in_law":"suruki","hospital_officials1":"Ma'aikatan Asibiti 1","member3":"Memba 3.","teacher2":"Malami 2"},"/ui/720p/extra/cgpage.ui":{"rootdata":{"0":{"0":"CG"}}},"/ui/1080p/extra/routepage.ui":{"rootdata":{"0":{"0":"yanayi"}}},"scene":{"34":{"hidden":"KARSHEN 5","name":"KARSHEN 'Cutar da ba za a iya warkewa ba'"},"29":{"hidden":"KARSHEN 3","name":"KARSHEN \"ruwa kuma"},"27":{"hidden":"25","name":"'Yar uwata ta fi so."},"8":{"hidden":"08","name":"Rayuwa ta yau da kullun"},"6":{"hidden":"06","name":"Dangantaka da Amane"},"15":{"hidden":"15","name":"Yana da ban dariya."},"5":{"hidden":"05","name":"gayyata"},"23":{"hidden":"KARSHE 1","name":"KARSHE \"Ame Furi"},"35":{"hidden":"KARSHE 6","name":"KARSHEN \"Karshen Gudu:......"},"11":{"hidden":"11","name":"Abin da na yi imani da shi ..."},"26":{"hidden":"KARSHE2","name":"KARSHEN \"Hawaye na Ruwa"},"36":{"hidden":"Sirrin KARSHE","name":"KARSHEN \"Sabon Kiran Ruwa\"."},"16":{"hidden":"16","name":"To ni kadai ke da hauka?"},"25":{"hidden":"24","name":"ruwan sama yana sauka a lokacin bakin ciki"},"4":{"hidden":"04","name":"aboki"},"22":{"hidden":"22","name":"zamewar harshe"},"12":{"hidden":"12","name":"aikin dabbanci"},"18":{"hidden":"18","name":"Dutsen da ya fara birgima."},"21":{"hidden":"21","name":"Amane canza"},"1":{"hidden":"01","name":"Sabon dalibin..."},"0":{"hidden":"00","name":"Amane"},"7":{"hidden":"07","name":"cike da ramuka"},"17":{"hidden":"17","name":"zabi"},"32":{"hidden":"28","name":"amincewa da ha\u0199\u0199in mallaka na \u0199asa (ta shogunate, ubangijin feudal, da dai sauransu)"},"24":{"hidden":"23","name":"Ina tunanin ku."},"9":{"hidden":"09","name":"cog-dabaran"},"19":{"hidden":"19","name":"Ta yaya hakan ya faru?"},"30":{"hidden":"27","name":"son rai"},"10":{"hidden":"10","name":"kisa"},"14":{"hidden":"14","name":"kwanciyar hankali na \u0257an lokaci"},"3":{"hidden":"03","name":"Amane da ruwan sama"},"31":{"hidden":"KARSHE 4","name":"KARSHEN \"Karshen Hari: ......"},"2":{"hidden":"02","name":"Lokacin farin ciki"},"28":{"hidden":"26","name":"tsarin mulki (na jiki)"},"13":{"hidden":"13","name":"Yanzu muna tare."},"33":{"hidden":"29","name":"m"},"20":{"hidden":"20","name":"lokacin mutuwa"}},"/img/720p/bg/ED0006_a.ui":{"rootdata":{"0":{"1":"samarwa","2":"Ride On Works, Inc."}}},"/ui/720p/extra/soundpage.ui":{"rootdata":{"0":{"0":"sauti"}}},"/ui/common/title/btn_start.ui":{"rootdata":{"0":"fara"}},"/img/720p/bg/ED0007_a.ui":{"rootdata":{"0":{"1":"fin"}}},"/img/1080p/bg/ED0002_a.ui":{"rootdata":{"0":{"1":"kera","2":"Pengin","3":"Ryusei"}}},"/ui/common/ui/btn_back.ui":{"rootdata":{"2":"baya"}},"/ui/common/title/btn_load.ui":{"rootdata":{"0":"kaya"}},"/ui/720p/language/language.ui":{"rootdata":{"1":"Harshe"}},"/ui/common/extra/achieve.ui":{"rootdata":{"1":"adadin nasara"}},"/ui/720p/talk/log.ui":{"rootdata":{"0":{"1":"BackLog"}}},"/img/1080p/bg/ED0000_a.ui":{"rootdata":{"0":{"1":"Tunanin asali, Black Swan, \"Amane Switch\""}}},"/img/720p/bg/ED0004_a.ui":{"rootdata":{"0":{"1":"m samarwa","2":"Bushi"}}},"/ui/720p/extra/scenepage.ui":{"rootdata":{"0":{"0":"yanayi"}}},"/ui/1080p/extra/soundpage.ui":{"rootdata":{"0":{"0":"sauti"}}},"/img/1080p/bg/ED0004_a.ui":{"rootdata":{"0":{"1":"m samarwa","2":"Bushi"}}},"/ui/common/extra/btn_thumbnail.ui":{"rootdata":{"0":{"1":"NoData"}}},"/ui/common/title/btn_config.ui":{"rootdata":{"0":"Saita"}},"/img/720p/bg/ED0002_a.ui":{"rootdata":{"0":{"1":"kera","2":"Pengin","3":"Ryusei"}}},"/img/1080p/bg/ED0005_a.ui":{"rootdata":{"0":{"1":"samar da hadin gwiwa","2":"Cyber Step Corporation girma"}}},"/img/720p/bg/ED0005_a.ui":{"rootdata":{"0":{"1":"samar da hadin gwiwa","2":"Cyber Step Corporation girma"}}},"/ui/common/extra/btn_cg.ui":{"rootdata":{"2":"CG"}},"/ui/1080p/language/language.ui":{"rootdata":{"1":"Harshe"}},"/ui/common/config/btn_system.ui":{"rootdata":{"2":"tsarin"}},"/ui/1080p/storage/storage.ui":{"rootdata":{"1":"Ajiye"}},"/img/1080p/bg/ED0006_a.ui":{"rootdata":{"0":{"1":"samarwa","2":"Ride On Works, Inc."}}},"/ui/720p/extra/routepage.ui":{"rootdata":{"0":{"0":"yanayi"}}},"bgm":{"insecurity":{"label":"melancholy"},"eye1":{"label":"puddling tafi"},"h1":{"label":"ripple"},"rain":{"label":"iska mai sanyi"},"sys":{"label":"Tafkin shiru"},"eye2":{"label":"sararin sama (yanayi)"},"sir":{"label":"yanke kauna"},"op":{"label":"Amane"},"ed":{"label":"Narke cikin sararin sama"},"healing":{"label":"taba (mutum) zuciyarsa"},"danger":{"label":"a gabatowa"},"h2":{"label":"hawaye"}},"/ui/common/extra/btn_sound.ui":{"rootdata":{"2":"sauti"}},"/ui/1080p/extra/cgpage.ui":{"rootdata":{"0":{"0":"CG"}}},"/img/1080p/bg/ED0001_a.ui":{"rootdata":{"0":{"5":"Shizuku Kizaki :. Uki Nashiki","6":"Yukika Mizushima :. Mei Oshiro","3":"Yoko Minegishi :. Ari Sayama","4":"Izumi Kizaki:. Nemea Iori (Stellar Cycle Campus)","1":"jefa","2":"Amane Satonaka :. Kyoko Kuramochi (Stellar Cycle Campus)"}}},"/ui/common/title/btn_extra.ui":{"rootdata":{"0":"\u0198ari"}},"/img/720p/bg/ED0003_a.ui":{"rootdata":{"0":{"5":"Kanon Rapipaka","3":"Mekabu Shinonome","4":"Oni MAYUGE","10":"Yau","2":"Tsukimachi Usagi","7":"arp","8":"Minami no Tenjino","6":"Koyo Urami","1":"Sake Ma'aikata","9":"Majin Hachimitsu"}}},"/ui/common/extra/btn_scene.ui":{"rootdata":{"2":"yanayi"}},"/img/720p/bg/ED0001_a.ui":{"rootdata":{"0":{"5":"Shizuku Kizaki :. Uki Nashiki","6":"Yukika Mizushima :. Mei Oshiro","3":"Yoko Minegishi :. Ari Sayama","4":"Izumi Kizaki:. Nemea Iori (Stellar Cycle Campus)","1":"jefa","2":"Amane Satonaka :. Kyoko Kuramochi (Stellar Cycle Campus)"}}},"dict":{"title.translate.cancaled":"An katse zazzagewar kuma an fara saitunan harshe.","talk.quickload.confirm.yes":"Za mu ci gaba.","title.continue.confirm.yes":"Za mu ci gaba.","config.10.0":"na gida","storage.title.save":"Ajiye","language.restart":"Koma kan allon take.","config.6":"sa\u0199on taga bayyananne","title.continue.confirm":"Kuna so a sake farawa daga wurin da aka ajiye?","title.continue.nodata":"Babu bayanan adanawa.","storage.date":"Kwanan wata:","config.1":"ki\u0257an baya","config.8.0":"na gida","extra.scene.confirm":"Kuna so ku fara da wannan yanayin?","title.translate.confirm.yes":"zazzagewa","title.translate.confirm":"Zazzage fayilolin sabuntawa da ake bu\u0199ata don fara wasan a %s .","common.dialog.message.exit.yes":"Fita","common.dialog.btn.no":"soke","language.confirm.yes":"Canza","config.10.1":"zama daraja","storage.label.none":"Babu bayanai","language.confirm":"Kuna son canza yaren da kuke amfani da shi zuwa %s ?","config.10":"Canja launin jimlolin da aka riga aka karanta","storage.title.load":"kaya","config.5":"Gudun yanayin atomatik","config.7.all":"duka","config.8":"Tsallake ci gaba bayan za\u0253i","config.9.1":"zama daraja","common.dialog.btn.yes":"KO","config.tab.system":"tsarin","extra.cg.dialog.page":"%d %d","common.dialog.message.save.yes":"ajiye","common.dialog.message.load.yes":"kaya","common.dialog.message.save":"Kuna so ku ajiye shi?","config.7.read":"karanta kawai","config.3":"MURYA","config.9.0":"na gida","config.reset.confirm.yes":"Fara.","talk.quickload.confirm":"Kuna so a sake farawa daga wurin da aka ajiye?","config.tab.sound":"SAUTI","talk.quicksave.message":"Kun ajiye wasan. Kuna iya ci gaba daga yanayin yanzu.","config.4":"gudun nunin hali","config.reset.confirm":"Kuna son fara saitunan?","common.dialog.message.download":"Ana saukewa.","title.translate.notallowed":"Fara saitunan harshe saboda fayilolin da ake bu\u0199ata sun \u0253ace.","storage.date.none":"----/------:--","common.dialog.btn.cancel":"katsewa","language.error.2":"Ba a ba ku damar shiga uwar garken ba.","config.7":"yanayin tsallakewa","language.error.1":"Sabar tana \u0199ar\u0199ashin kulawa.","config.9":"Ci gaba da yanayin atomatik bayan za\u0253i","common.dialog.message.title":"Kuna son komawa kan allon take?","extra.scene.confirm.yes":"\u0198addamarwa.","common.dialog.message.load":"Kuna so ku yi lodi?","common.dialog.message.title.yes":"Zuwa take","config.2":"SE","config.8.1":"zama daraja","title.translate.failed":"Fara saitunan harshe saboda abin da aka sauke ya kasa.","common.dialog.message.exit":"Kuna son barin wasan?","language.error.255":"Babu uwar garken."},"/ui/common/config/btn_sound.ui":{"rootdata":{"2":"sauti"}},"/ui/common/ui/btn_title.ui":{"rootdata":{"2":"take"}},"/ui/720p/storage/storage.ui":{"rootdata":{"1":"Ajiye"}},"/ui/common/storage/datum.ui":{"rootdata":{"3":{"1":"Babu Data"}}},"/ui/720p/config/config.ui":{"rootdata":{"1":"tsarin"}},"/ui/common/title/btn_language.ui":{"rootdata":{"0":"Harshe"}}}