{"/ui/1080p/talk/log.ui":{"rootdata":{"0":{"1":"BackLog"}}},"/ui/common/config/btn_reset.ui":{"rootdata":{"2":"Nollaa"}},"/ui/1080p/extra/scenepage.ui":{"rootdata":{"0":{"0":"n\u00e4kym\u00e4"}}},"/img/1080p/bg/ED0003_a.ui":{"rootdata":{"0":{"5":"Kanon Rapipaka","3":"Mekabu Shinonome","4":"Oni MAYUGE","10":"Yui","2":"Tsukimachi Usagi","7":"arp","8":"Minami no Tenjino","6":"Koyo Urami","1":"Uudista henkil\u00f6kunta","9":"Majin Hachimitsu"}}},"/img/720p/bg/ED0000_a.ui":{"rootdata":{"0":{"1":"Alkuper\u00e4inen idea, Black Swan, \"Amane Switch\""}}},"/ui/1080p/config/config.ui":{"rootdata":{"1":"j\u00e4rjestelm\u00e4"}},"/ui/common/title/btn_continue.ui":{"rootdata":{"0":"Jatkaa"}},"/img/1080p/bg/ED0007_a.ui":{"rootdata":{"0":{"1":"fin"}}},"/ui/common/ui/btn_exit.ui":{"rootdata":{"2":"poistua"}},"character":{"1st_grade":"ensimm\u00e4isen vuoden opiskelija","cat":"kissa","female_student2":"Naisopiskelija 2","police_officer":"poliisi","friend":"yst\u00e4v\u00e4","doctor":"l\u00e4\u00e4k\u00e4ri","teacher":"opettaja (luokkahuone)","amane":"Amane","female":"nainen","amane_with_mother":"\u00c4iti. Amane","pe_teacher":"liikunnanopettaja","director":"(koulun) seuran johtaja","theater_tirector":"draaman osaston johtaja","School_principal":"rehtori","theater_member":"teatteriryhm\u00e4n j\u00e4sen","police_officer2":"Poliisi 2","nurse":"laillistettu sairaanhoitaja","yukika":"Yukika","teacher1":"Opettaja 1","hospital_officials":"sairaalan henkil\u00f6kunta","soccer_member":"jalkapalloseura","store_manager":"myym\u00e4l\u00e4p\u00e4\u00e4llikk\u00f6","3rd_grade":"kolmannen vuoden opiskelija","unknown":"Mit\u00e4?","wet_woman":"Liotun m\u00e4rk\u00e4 nainen","police_officer3":"Poliisi 3.","4heroines":"Yoko & Izumi & Shizuku & Yukika","female_student":"naispuolinen oppilas","Students":"opiskelijat","literary_club_Director":"kirjallisuuden osaston johtaja","part_time_job":"tavu","youko":"Yoko","male":"maskuliininen sukupuoli","children":"lapsi","youhei":"Joo","Audiovisual_committee":"aistien puutteesta vastaavan komitean j\u00e4sen","male_student":"miesopiskelija","izumi":"Izumi","child":"lapset","male_student2":"Miesopiskelija 2","hospital_officials2":"Sairaalan henkil\u00f6kunta 2","police_officer1":"Poliisi 1","classmate":"luokkatoveri","member2":"J\u00e4sen 2.","athletics_member":"yleisurheiluseuran j\u00e4sen","male_student1":"Miesopiskelija 1","resident":"asukas","homeroom_teacher":"kotiopettaja","father":"is\u00e4","police_officer4":"Poliisi 4.","literary_club_member":"henkil\u00f6st\u00f6n kirjallinen j\u00e4sen","customer":"asiakas","softball_member":"ohjelmisto -osasto","baseball_member":"baseball -klubi (eli yliopiston, yrityksen jne. baseball -joukkue)","male_student3":"Miesopiskelija 3","news_caster":"py\u00f6r\u00e4","teacher4":"Opettaja nelj\u00e4.","shizuku":"Shizuku","vice-president":"varapresidentti (klubista tai organisaatiosta, j\u00e4rjest\u00f6st\u00e4)","member1":"J\u00e4sen 1","teacher3":"Opettaja kolme.","shinzi":"Shinji","sales_clerk":"virkailija","female_student1":"Naisopiskelija 1","mother":"\u00e4iti","father_in_law":"appiukko","hospital_officials1":"Sairaalan henkil\u00f6kunta 1","member3":"J\u00e4sen 3.","teacher2":"Opettaja 2"},"/ui/720p/extra/cgpage.ui":{"rootdata":{"0":{"0":"CG"}}},"/ui/1080p/extra/routepage.ui":{"rootdata":{"0":{"0":"n\u00e4kym\u00e4"}}},"scene":{"34":{"hidden":"LOPPU 5","name":"END \"Sairaus, jota ei voida parantaa\""},"29":{"hidden":"LOPPU 3","name":"END \"taas sataa"},"27":{"hidden":"25","name":"Suosikki sisareni."},"8":{"hidden":"08","name":"Perversion arki"},"6":{"hidden":"06","name":"Suhde Amaneen"},"15":{"hidden":"15","name":"Se on hauskaa."},"5":{"hidden":"05","name":"kutsu"},"23":{"hidden":"LOPPU 1","name":"END \"Ame Furi"},"35":{"hidden":"LOPPU 6","name":"LOPPU \"Ajon loppu: ......"},"11":{"hidden":"11","name":"Mihin min\u00e4 uskon ..."},"26":{"hidden":"LOPPU 2","name":"LOPPU \"Sateen kyyneleet"},"36":{"hidden":"Salainen LOPPU","name":"LOPPU \"New Call Rain\"."},"16":{"hidden":"16","name":"Olenko siis ainoa hullu?"},"25":{"hidden":"24","name":"sade sattuu surun aikaan"},"4":{"hidden":"04","name":"yst\u00e4v\u00e4"},"22":{"hidden":"22","name":"kielen liukuminen"},"12":{"hidden":"12","name":"barbaarinen teko"},"18":{"hidden":"18","name":"Kivi, joka alkoi rullata."},"21":{"hidden":"21","name":"Amane -kytkin"},"1":{"hidden":"01","name":"Uusi opiskelija ..."},"0":{"hidden":"00","name":"Amane"},"7":{"hidden":"07","name":"on t\u00e4ynn\u00e4 reiki\u00e4"},"17":{"hidden":"17","name":"valinta"},"32":{"hidden":"28","name":"maanomistusoikeuden tunnustaminen (shogunaatin, feodaalin jne.)"},"24":{"hidden":"23","name":"Ajattelin sinua."},"9":{"hidden":"09","name":"ratas"},"19":{"hidden":"19","name":"Kuinka t\u00e4m\u00e4 tapahtui?"},"30":{"hidden":"27","name":"vapaa tahto"},"10":{"hidden":"10","name":"salamurhaaja"},"14":{"hidden":"14","name":"v\u00e4liaikainen mielenrauha"},"3":{"hidden":"03","name":"Amane ja sade"},"31":{"hidden":"LOPPU 4","name":"END \"Hy\u00f6kk\u00e4yksen loppu: ......"},"2":{"hidden":"02","name":"Onnellista aikaa"},"28":{"hidden":"26","name":"perustuslaki (fyysinen)"},"13":{"hidden":"13","name":"Nyt olemme yhdess\u00e4."},"33":{"hidden":"29","name":"kunnollinen"},"20":{"hidden":"20","name":"kuolevia hetki\u00e4"}},"/img/720p/bg/ED0006_a.ui":{"rootdata":{"0":{"1":"tuotantoa","2":"Ride On Works, Inc."}}},"/ui/720p/extra/soundpage.ui":{"rootdata":{"0":{"0":"\u00e4\u00e4ni"}}},"/ui/common/title/btn_start.ui":{"rootdata":{"0":"alkaa"}},"/img/720p/bg/ED0007_a.ui":{"rootdata":{"0":{"1":"fin"}}},"/img/1080p/bg/ED0002_a.ui":{"rootdata":{"0":{"1":"tuottaa","2":"Pengin","3":"Ryusei"}}},"/ui/common/ui/btn_back.ui":{"rootdata":{"2":"takaisin"}},"/ui/common/title/btn_load.ui":{"rootdata":{"0":"ladata"}},"/ui/720p/language/language.ui":{"rootdata":{"1":"Kieli"}},"/ui/common/extra/achieve.ui":{"rootdata":{"1":"saavutusaste"}},"/ui/720p/talk/log.ui":{"rootdata":{"0":{"1":"BackLog"}}},"/img/1080p/bg/ED0000_a.ui":{"rootdata":{"0":{"1":"Alkuper\u00e4inen idea, Black Swan, \"Amane Switch\""}}},"/img/720p/bg/ED0004_a.ui":{"rootdata":{"0":{"1":"kattava tuotanto","2":"Bushi"}}},"/ui/720p/extra/scenepage.ui":{"rootdata":{"0":{"0":"n\u00e4kym\u00e4"}}},"/ui/1080p/extra/soundpage.ui":{"rootdata":{"0":{"0":"\u00e4\u00e4ni"}}},"/img/1080p/bg/ED0004_a.ui":{"rootdata":{"0":{"1":"kattava tuotanto","2":"Bushi"}}},"/ui/common/extra/btn_thumbnail.ui":{"rootdata":{"0":{"1":"Ei dataa"}}},"/ui/common/title/btn_config.ui":{"rootdata":{"0":"Config"}},"/img/720p/bg/ED0002_a.ui":{"rootdata":{"0":{"1":"tuottaa","2":"Pengin","3":"Ryusei"}}},"/img/1080p/bg/ED0005_a.ui":{"rootdata":{"0":{"1":"tuotantoyhteisty\u00f6","2":"Cyber Step Corporation"}}},"/img/720p/bg/ED0005_a.ui":{"rootdata":{"0":{"1":"tuotantoyhteisty\u00f6","2":"Cyber Step Corporation"}}},"/ui/common/extra/btn_cg.ui":{"rootdata":{"2":"CG"}},"/ui/1080p/language/language.ui":{"rootdata":{"1":"Kieli"}},"/ui/common/config/btn_system.ui":{"rootdata":{"2":"j\u00e4rjestelm\u00e4"}},"/ui/1080p/storage/storage.ui":{"rootdata":{"1":"Tallentaa"}},"/img/1080p/bg/ED0006_a.ui":{"rootdata":{"0":{"1":"tuotantoa","2":"Ride On Works, Inc."}}},"/ui/720p/extra/routepage.ui":{"rootdata":{"0":{"0":"n\u00e4kym\u00e4"}}},"bgm":{"insecurity":{"label":"melankoliaa"},"eye1":{"label":"puddling pois"},"h1":{"label":"aaltoilu"},"rain":{"label":"kylm\u00e4 tuuli"},"sys":{"label":"Hiljainen j\u00e4rvi"},"eye2":{"label":"pilvinen taivas (s\u00e4\u00e4)"},"sir":{"label":"ep\u00e4toivo"},"op":{"label":"Amane"},"ed":{"label":"Sulata laajalle taivaalle"},"healing":{"label":"kosketa (henkil\u00f6n) syd\u00e4nt\u00e4"},"danger":{"label":"l\u00e4hesty\u00e4"},"h2":{"label":"kyyneleet"}},"/ui/common/extra/btn_sound.ui":{"rootdata":{"2":"\u00e4\u00e4ni"}},"/ui/1080p/extra/cgpage.ui":{"rootdata":{"0":{"0":"CG"}}},"/img/1080p/bg/ED0001_a.ui":{"rootdata":{"0":{"5":"Shizuku Kizaki:. Uki Nashiki","6":"Yukika Mizushima:. Mei Oshiro","3":"Yoko Minegishi:. Ari Sayama","4":"Izumi Kizaki:. Nemea Iori (t\u00e4htien kiertokampus)","1":"heitt\u00e4\u00e4","2":"Amane Satonaka:. Kyoko Kuramochi (Stellar Cycle Campus)"}}},"/ui/common/title/btn_extra.ui":{"rootdata":{"0":"Extra"}},"/img/720p/bg/ED0003_a.ui":{"rootdata":{"0":{"5":"Kanon Rapipaka","3":"Mekabu Shinonome","4":"Oni MAYUGE","10":"Yui","2":"Tsukimachi Usagi","7":"arp","8":"Minami no Tenjino","6":"Koyo Urami","1":"Uudista henkil\u00f6kunta","9":"Majin Hachimitsu"}}},"/ui/common/extra/btn_scene.ui":{"rootdata":{"2":"n\u00e4kym\u00e4"}},"/img/720p/bg/ED0001_a.ui":{"rootdata":{"0":{"5":"Shizuku Kizaki:. Uki Nashiki","6":"Yukika Mizushima:. Mei Oshiro","3":"Yoko Minegishi:. Ari Sayama","4":"Izumi Kizaki:. Nemea Iori (t\u00e4htien kiertokampus)","1":"heitt\u00e4\u00e4","2":"Amane Satonaka:. Kyoko Kuramochi (Stellar Cycle Campus)"}}},"dict":{"title.translate.cancaled":"Lataus on keskeytetty ja kieliasetukset alustetaan.","talk.quickload.confirm.yes":"Jatkamme.","title.continue.confirm.yes":"Jatkamme.","config.10.0":"paikallinen","storage.title.save":"Tallentaa","language.restart":"Palaa otsikkoruutuun.","config.6":"viesti -ikkunan l\u00e4pin\u00e4kyvyys","title.continue.confirm":"Haluatko aloittaa uudelleen tallennetusta kohtauksesta?","title.continue.nodata":"Tallennustietoja ei ole.","storage.date":"P\u00e4iv\u00e4m\u00e4\u00e4r\u00e4 :","config.1":"taustamusiikki","config.8.0":"paikallinen","extra.scene.confirm":"Haluatko aloittaa t\u00e4ll\u00e4 kohtauksella?","title.translate.confirm.yes":"ladata","title.translate.confirm":"Lataa pelin aloittamiseen tarvittavat p\u00e4ivitystiedostot osoitteesta %s .","common.dialog.message.exit.yes":"Lopeta.","common.dialog.btn.no":"peruuttaa","language.confirm.yes":"Muuttaa.","config.10.1":"olla jonkin arvoinen","storage.label.none":"Ei dataa","language.confirm":"Haluatko vaihtaa k\u00e4ytt\u00e4m\u00e4si kielen muotoon %s ?","config.10":"Vaihda jo luettujen lauseiden v\u00e4ri","storage.title.load":"ladata","config.5":"Automaattitilan nopeus","config.7.all":"kaikki","config.8":"Ohita jatko valinnan j\u00e4lkeen","config.9.1":"olla jonkin arvoinen","common.dialog.btn.yes":"OK","config.tab.system":"j\u00e4rjestelm\u00e4","extra.cg.dialog.page":"%d / %d","common.dialog.message.save.yes":"Tallentaa","common.dialog.message.load.yes":"ladata","common.dialog.message.save":"Haluatko tallentaa sen?","config.7.read":"Lue ainoastaan","config.3":"\u00c4\u00c4NI","config.9.0":"paikallinen","config.reset.confirm.yes":"Alustaa.","talk.quickload.confirm":"Haluatko aloittaa uudelleen tallennetusta kohtauksesta?","config.tab.sound":"\u00c4\u00c4NI","talk.quicksave.message":"Olet tallentanut pelin. Voit jatkaa nykyisest\u00e4 kohtauksesta.","config.4":"merkkin\u00e4yt\u00f6n nopeus","config.reset.confirm":"Haluatko alustaa asetukset?","common.dialog.message.download":"Ladataan.","title.translate.notallowed":"Alusta kieliasetukset, koska vaaditut tiedostot puuttuvat.","storage.date.none":"----/-/--:-","common.dialog.btn.cancel":"keskeytys","language.error.2":"Et saa k\u00e4ytt\u00e4\u00e4 palvelinta.","config.7":"ohitustila","language.error.1":"Palvelin on huollossa.","config.9":"Automaattitilan jatkaminen valinnan j\u00e4lkeen","common.dialog.message.title":"Haluatko palata otsikkoruutuun?","extra.scene.confirm.yes":"Aloittaa.","common.dialog.message.load":"Haluatko ladata?","common.dialog.message.title.yes":"Otsikkoon","config.2":"SE","config.8.1":"olla jonkin arvoinen","title.translate.failed":"Alusta kieliasetukset, koska lataus ep\u00e4onnistui.","common.dialog.message.exit":"Haluatko lopettaa pelin?","language.error.255":"Palvelin ei ole k\u00e4ytett\u00e4viss\u00e4."},"/ui/common/config/btn_sound.ui":{"rootdata":{"2":"\u00e4\u00e4ni"}},"/ui/common/ui/btn_title.ui":{"rootdata":{"2":"otsikko"}},"/ui/720p/storage/storage.ui":{"rootdata":{"1":"Tallentaa"}},"/ui/common/storage/datum.ui":{"rootdata":{"3":{"1":"Ei dataa"}}},"/ui/720p/config/config.ui":{"rootdata":{"1":"j\u00e4rjestelm\u00e4"}},"/ui/common/title/btn_language.ui":{"rootdata":{"0":"Kieli"}}}