{"/ui/1080p/talk/log.ui":{"rootdata":{"0":{"1":"Ilog engasemva"}}},"/ui/common/config/btn_reset.ui":{"rootdata":{"2":"Lungisa kwakhona"}},"/ui/1080p/extra/scenepage.ui":{"rootdata":{"0":{"0":"indawo"}}},"/img/1080p/bg/ED0003_a.ui":{"rootdata":{"0":{"5":"Kanon Rapipika","3":"Mekabu Shinonome","4":"Oni MAYUGE","10":"Yui","2":"Tsukimachi Usagi","7":"arp","8":"Minami hayi Tenjino","6":"Koyo Urami","1":"Yenza kwakhona abasebenzi","9":"Majin Hachimitsu"}}},"/img/720p/bg/ED0000_a.ui":{"rootdata":{"0":{"1":"Umbono wokuqala, i-Black Swan, \"Amane Switch\""}}},"/ui/1080p/config/config.ui":{"rootdata":{"1":"inkqubo"}},"/ui/common/title/btn_continue.ui":{"rootdata":{"0":"Qhubeka"}},"/img/1080p/bg/ED0007_a.ui":{"rootdata":{"0":{"1":"isiphelo"}}},"/ui/common/ui/btn_exit.ui":{"rootdata":{"2":"Phuma"}},"character":{"1st_grade":"umfundi kunyaka wokuqala","cat":"ikati","female_student2":"Umfundi obhinqileyo 2","police_officer":"ipolisa","friend":"umhlobo","doctor":"ugqirha","teacher":"utitshala (igumbi lokufundela)","amane":"Amane","female":"umfazi","amane_with_mother":"Umama. Amane","pe_teacher":"utitshala wemfundo yomzimba","director":"intloko yeklabhu (yesikolo).","theater_tirector":"intloko yesebe ledrama","School_principal":"inqununu","theater_member":"ilungu leqela lemidlalo yeqonga","police_officer2":"Ipolisa 2","nurse":"umongikazi obhalisiweyo","yukika":"Yukika","teacher1":"Utitshala 1","hospital_officials":"abasebenzi basesibhedlele","soccer_member":"iklabhu yesoka","store_manager":"umphathi wevenkile","3rd_grade":"umfundi kunyaka wesithathu","unknown":"Intoni?","wet_woman":"Ebemanzi tyhini","police_officer3":"Ipolisa 3.","4heroines":"Yoko & Izumi & Shizuku & Yukika","female_student":"umfundi obhinqileyo","Students":"abafundi","literary_club_Director":"intloko yesebe loncwadi","part_time_job":"byte","youko":"Yoko","male":"isini sobudoda","children":"umntwana","youhei":"Yohei","Audiovisual_committee":"ilungu lekomiti yokuvinjwa kweemvakalelo","male_student":"umfundi oyindoda","izumi":"Izumi","child":"abantwana","male_student2":"Umfundi oyindoda 2","hospital_officials2":"Abasebenzi basesibhedlele 2","police_officer1":"Ipolisa 1","classmate":"umfundi ofunda naye","member2":"Ilungu 2.","athletics_member":"Umkhondo kunye nelungu leklabhu yasebaleni","male_student1":"Umfundi oyindoda 1","resident":"umhlali","homeroom_teacher":"umfundisi wendlu","father":"utata","police_officer4":"Ipolisa 4.","literary_club_member":"ilungu loncwadi kubasebenzi","customer":"umthengi","softball_member":"isebe lesoftware","baseball_member":"iklabhu yebaseball (okt iqela lebaseball yedyunivesithi, iqumrhu, njl.njl.)","male_student3":"Umfundi oyindoda 3","news_caster":"caster","teacher4":"Utitshala weSine.","shizuku":"Shizuku","vice-president":"usekela mongameli (weklabhu okanye umbutho, umbutho)","member1":"Ilungu 1","teacher3":"Utitshala wesithathu.","shinzi":"Shinji","sales_clerk":"unobhala","female_student1":"Umfundi obhinqileyo 1","mother":"umama","father_in_law":"utatazala","hospital_officials1":"Abasebenzi basesibhedlele 1","member3":"Ilungu 3.","teacher2":"Utitshala 2"},"/ui/720p/extra/cgpage.ui":{"rootdata":{"0":{"0":"CG"}}},"/ui/1080p/extra/routepage.ui":{"rootdata":{"0":{"0":"indawo"}}},"scene":{"34":{"hidden":"ISIPHELO5","name":"PHELA 'Isifo esinganyangekiyo'"},"29":{"hidden":"ISIPHELO3","name":"PHELA \"imvula kwakhona"},"27":{"hidden":"25","name":"Usisi wam endimthandayo."},"8":{"hidden":"08","name":"Ubomi bemihla ngemihla bokugqwetheka"},"6":{"hidden":"06","name":"Ubudlelwane no-Amane"},"15":{"hidden":"15","name":"Iyahlakesi."},"5":{"hidden":"05","name":"isimemo"},"23":{"hidden":"ISIPHELO1","name":"PHELA \"Ame Furi"},"35":{"hidden":"ISIPHELO6","name":"PHELA \"Isiphelo Sokubaleka: ......"},"11":{"hidden":"11","name":"Into endikholelwa kuyo..."},"26":{"hidden":"ISIPHELO2","name":"PHELA \"Iinyembezi zemvula"},"36":{"hidden":"IMPENDULO eyimfihlo","name":"PHELA \"Imvula yomnxeba entsha\"."},"16":{"hidden":"16","name":"So ndim ndedwa lo uphambeneyo?"},"25":{"hidden":"24","name":"imvula enetha ngexesha losizi"},"4":{"hidden":"04","name":"umhlobo"},"22":{"hidden":"22","name":"Ukutyibilika kolwimi"},"12":{"hidden":"12","name":"isenzo soburhalarhume"},"18":{"hidden":"18","name":"Ilitye elaqala ukuqengqeleka."},"21":{"hidden":"21","name":"Ukutshintsha Amane"},"1":{"hidden":"01","name":"Umfundi omtsha ..."},"0":{"hidden":"00","name":"Amane"},"7":{"hidden":"07","name":"ezele yimingxuma"},"17":{"hidden":"17","name":"ukhetho"},"32":{"hidden":"28","name":"ukuqondwa kwelungelo lobunini bomhlaba (ngu-shogunate, inkosi ye-feudal, njl.)"},"24":{"hidden":"23","name":"Bendicinga ngawe."},"9":{"hidden":"09","name":"ivili lecog"},"19":{"hidden":"19","name":"Yenzeka njani le nto?"},"30":{"hidden":"27","name":"okufunwa nguwe"},"10":{"hidden":"10","name":"umbulali"},"14":{"hidden":"14","name":"uxolo lwengqondo lwexeshana"},"3":{"hidden":"03","name":"Amane kunye nemvula"},"31":{"hidden":"ISIPHELO4","name":"PHELA \"Ukuphela Kohlaselo: ......"},"2":{"hidden":"02","name":"Ixesha elimnandi"},"28":{"hidden":"26","name":"umgaqo-siseko (ngokomzimba)"},"13":{"hidden":"13","name":"Ngoku sikunye."},"33":{"hidden":"29","name":"endilisekileyo"},"20":{"hidden":"20","name":"ixesha lokufa"}},"/img/720p/bg/ED0006_a.ui":{"rootdata":{"0":{"1":"imveliso","2":"Ride On Works, Inc."}}},"/ui/720p/extra/soundpage.ui":{"rootdata":{"0":{"0":"isandi"}}},"/ui/common/title/btn_start.ui":{"rootdata":{"0":"qala"}},"/img/720p/bg/ED0007_a.ui":{"rootdata":{"0":{"1":"isiphelo"}}},"/img/1080p/bg/ED0002_a.ui":{"rootdata":{"0":{"1":"velisa","2":"IPingin","3":"Ryusei"}}},"/ui/common/ui/btn_back.ui":{"rootdata":{"2":"ngasemva"}},"/ui/common/title/btn_load.ui":{"rootdata":{"0":"umthwalo"}},"/ui/720p/language/language.ui":{"rootdata":{"1":"Ulwimi"}},"/ui/common/extra/achieve.ui":{"rootdata":{"1":"izinga lempumelelo"}},"/ui/720p/talk/log.ui":{"rootdata":{"0":{"1":"Ilog engasemva"}}},"/img/1080p/bg/ED0000_a.ui":{"rootdata":{"0":{"1":"Umbono wokuqala, i-Black Swan, \"Amane Switch\""}}},"/img/720p/bg/ED0004_a.ui":{"rootdata":{"0":{"1":"imveliso ebanzi","2":"Bushi"}}},"/ui/720p/extra/scenepage.ui":{"rootdata":{"0":{"0":"indawo"}}},"/ui/1080p/extra/soundpage.ui":{"rootdata":{"0":{"0":"isandi"}}},"/img/1080p/bg/ED0004_a.ui":{"rootdata":{"0":{"1":"imveliso ebanzi","2":"Bushi"}}},"/ui/common/extra/btn_thumbnail.ui":{"rootdata":{"0":{"1":"AkukhoData"}}},"/ui/common/title/btn_config.ui":{"rootdata":{"0":"Qwalasela"}},"/img/720p/bg/ED0002_a.ui":{"rootdata":{"0":{"1":"velisa","2":"IPingin","3":"Ryusei"}}},"/img/1080p/bg/ED0005_a.ui":{"rootdata":{"0":{"1":"intsebenziswano yemveliso","2":"Cyber Step Corporation"}}},"/img/720p/bg/ED0005_a.ui":{"rootdata":{"0":{"1":"intsebenziswano yemveliso","2":"Cyber Step Corporation"}}},"/ui/common/extra/btn_cg.ui":{"rootdata":{"2":"CG"}},"/ui/1080p/language/language.ui":{"rootdata":{"1":"Ulwimi"}},"/ui/common/config/btn_system.ui":{"rootdata":{"2":"inkqubo"}},"/ui/1080p/storage/storage.ui":{"rootdata":{"1":"Gcina"}},"/img/1080p/bg/ED0006_a.ui":{"rootdata":{"0":{"1":"imveliso","2":"Ride On Works, Inc."}}},"/ui/720p/extra/routepage.ui":{"rootdata":{"0":{"0":"indawo"}}},"bgm":{"insecurity":{"label":"ukucaphuka"},"eye1":{"label":"ukurhuqa kude"},"h1":{"label":"isandi"},"rain":{"label":"umoya obandayo"},"sys":{"label":"Ichibi elizolileyo"},"eye2":{"label":"Isibhakabhaka esinamafu (imozulu)"},"sir":{"label":"ukuphelelwa lithemba"},"op":{"label":"Amane"},"ed":{"label":"Zinyibilike kwisibhakabhaka esibanzi"},"healing":{"label":"bamba intliziyo (yomntu)."},"danger":{"label":"sondela"},"h2":{"label":"iinyembezi"}},"/ui/common/extra/btn_sound.ui":{"rootdata":{"2":"isandi"}},"/ui/1080p/extra/cgpage.ui":{"rootdata":{"0":{"0":"CG"}}},"/img/1080p/bg/ED0001_a.ui":{"rootdata":{"0":{"5":"Shizuku Kizaki :. Uki Nashiki","6":"Yukika Mizushima :. Mei Oshiro","3":"Yoko Minegishi :. Ari Sayama","4":"Izumi Kizaki :. I-Nemea Iori (Ikhampasi ye-Stellar Cycle)","1":"phosa","2":"Amane Satonaka :. I-Kyoko Kuramochi (Ikhampasi ye-Stellar Cycle)"}}},"/ui/common/title/btn_extra.ui":{"rootdata":{"0":"Okongeziweyo"}},"/img/720p/bg/ED0003_a.ui":{"rootdata":{"0":{"5":"Kanon Rapipika","3":"Mekabu Shinonome","4":"Oni MAYUGE","10":"Yui","2":"Tsukimachi Usagi","7":"arp","8":"Minami hayi Tenjino","6":"Koyo Urami","1":"Yenza kwakhona abasebenzi","9":"Majin Hachimitsu"}}},"/ui/common/extra/btn_scene.ui":{"rootdata":{"2":"indawo"}},"/img/720p/bg/ED0001_a.ui":{"rootdata":{"0":{"5":"Shizuku Kizaki :. Uki Nashiki","6":"Yukika Mizushima :. Mei Oshiro","3":"Yoko Minegishi :. Ari Sayama","4":"Izumi Kizaki :. I-Nemea Iori (Ikhampasi ye-Stellar Cycle)","1":"phosa","2":"Amane Satonaka :. I-Kyoko Kuramochi (Ikhampasi ye-Stellar Cycle)"}}},"dict":{"title.translate.cancaled":"Ukhuphelo luphazamisekile kwaye izicwangciso zolwimi ziqalisiwe.","talk.quickload.confirm.yes":"Siza kuqhuba kwakhona.","title.continue.confirm.yes":"Siza kuqhuba kwakhona.","config.10.0":"yendawo","storage.title.save":"Gcina","language.restart":"Buyela kwisikrini sesihloko.","config.6":"ifestile yomyalezo obala","title.continue.confirm":"Ngaba ufuna ukuqalisa kumboniso ogciniweyo?","title.continue.nodata":"Akukho datha yokugcina.","storage.date":"Umhla :","config.1":"umculo ongasemva","config.8.0":"yendawo","extra.scene.confirm":"Ngaba uyafuna ukuqala ngalo mboniso?","title.translate.confirm.yes":"Khuphela","title.translate.confirm":"Khuphela uhlaziyo lweefayile ezifunekayo ukuqalisa umdlalo %s .","common.dialog.message.exit.yes":"Phuma.","common.dialog.btn.no":"rhoxisa","language.confirm.yes":"Guqula.","config.10.1":"inexabiso eli","storage.label.none":"Akukho datha","language.confirm":"Ngaba uyafuna ukutshintsha ulwimi olusebenzisayo ukuya ku %s ?","config.10":"Guqula umbala wezivakalisi esele zifundiwe","storage.title.load":"umthwalo","config.5":"Isantya semowudi ezenzekelayo","config.7.all":"zonke","config.8":"Tsiba ukuqhubeka emva kokhetho","config.9.1":"inexabiso eli","common.dialog.btn.yes":"Kulungile","config.tab.system":"inkqubo","extra.cg.dialog.page":"%d / %d","common.dialog.message.save.yes":"gcina","common.dialog.message.load.yes":"umthwalo","common.dialog.message.save":"Uyafuna ukuyigcina?","config.7.read":"Funda uqhubeleke","config.3":"ILIZWI","config.9.0":"yendawo","config.reset.confirm.yes":"Qalisa.","talk.quickload.confirm":"Ngaba ufuna ukuqalisa kumboniso ogciniweyo?","config.tab.sound":"ISANDI","talk.quicksave.message":"Uwugcinile umdlalo. Ungaqalisa kwakhona kumboniso wangoku.","config.4":"isantya sokubonisa umlinganiswa","config.reset.confirm":"Ngaba uyafuna ukuqalisa iisetingi?","common.dialog.message.download":"Iyakhuphela.","title.translate.notallowed":"Qalisa useto lolwimi kuba iifayile ezifunekayo azikho.","storage.date.none":"----/--/-- --:--","common.dialog.btn.cancel":"ukuphazamiseka","language.error.2":"Awuvumelekanga ukuba ufikelele kwiseva.","config.7":"imowudi yokutsiba","language.error.1":"Umncedisi uphantsi kogcino.","config.9":"Ukuqhubekeka kwemodi ezenzekelayo emva kokhetho","common.dialog.message.title":"Ngaba uyafuna ukubuyela kwisikrini sesihloko?","extra.scene.confirm.yes":"Qalisa.","common.dialog.message.load":"Uyafuna ukulayisha?","common.dialog.message.title.yes":"Kwisihloko","config.2":"SE","config.8.1":"inexabiso eli","title.translate.failed":"Qalisa useto lolwimi kuba ukhuphelo aluphumelelanga.","common.dialog.message.exit":"Ngaba uyafuna ukuyeka umdlalo?","language.error.255":"Umncedisi akafumaneki."},"/ui/common/config/btn_sound.ui":{"rootdata":{"2":"isandi"}},"/ui/common/ui/btn_title.ui":{"rootdata":{"2":"isihloko"}},"/ui/720p/storage/storage.ui":{"rootdata":{"1":"Gcina"}},"/ui/common/storage/datum.ui":{"rootdata":{"3":{"1":"Akukho Data"}}},"/ui/720p/config/config.ui":{"rootdata":{"1":"inkqubo"}},"/ui/common/title/btn_language.ui":{"rootdata":{"0":"Ulwimi"}}}