<?xml version="1.0" encoding="utf-8"?>
<BackupSaveData>
  <SaveDataType>Cache</SaveDataType>
  <SaveDataUserIdH>0000000000000000</SaveDataUserIdH>
  <SaveDataUserIdL>0000000000000000</SaveDataUserIdL>
  <ApplicationId>010018900dd00000</ApplicationId>
  <SaveDataSize>00000000006ACFC0</SaveDataSize>
  <OwnerId>010018900dd00000</OwnerId>
  <Flags>00000000</Flags>
  <AvailableSize>00000000006ACFC0</AvailableSize>
  <JournalSize>00000000006ACFC0</JournalSize>
  <SaveDataSpaceId>00000004</SaveDataSpaceId>
  <CacheIndex>00000003</CacheIndex>
</BackupSaveData>
