{"/ui/1080p/talk/log.ui":{"rootdata":{"0":{"1":"Atzera Egunkaria"}}},"/ui/common/config/btn_reset.ui":{"rootdata":{"2":"Berrezarri"}},"/ui/1080p/extra/scenepage.ui":{"rootdata":{"0":{"0":"eszena"}}},"/img/1080p/bg/ED0003_a.ui":{"rootdata":{"0":{"5":"Kanon Rapipaka","3":"Mekabu Shinonome","4":"Oni MAYUGE","10":"Yui","2":"Tsukimachi Usagi","7":"arp","8":"Minami no Tenjino","6":"Koyo Urami","1":"Berregin Langileak","9":"Majin Hachimitsu"}}},"/img/720p/bg/ED0000_a.ui":{"rootdata":{"0":{"1":"Jatorrizko ideia, Beltxarga Beltza, \"Amane Switch\""}}},"/ui/1080p/config/config.ui":{"rootdata":{"1":"sistema"}},"/ui/common/title/btn_continue.ui":{"rootdata":{"0":"Jarraitu"}},"/img/1080p/bg/ED0007_a.ui":{"rootdata":{"0":{"1":"fin"}}},"/ui/common/ui/btn_exit.ui":{"rootdata":{"2":"irten"}},"character":{"1st_grade":"lehen mailako ikaslea","cat":"katua","female_student2":"Emakumezko ikaslea 2","police_officer":"polizia","friend":"laguna","doctor":"sendagilea","teacher":"irakaslea (ikasgela)","amane":"Amane","female":"emakumea","amane_with_mother":"Ama. Amane","pe_teacher":"gorputz hezkuntzako irakaslea","director":"(eskola) klub bateko burua","theater_tirector":"drama saileko burua","School_principal":"nagusia","theater_member":"antzerki talde bateko kidea","police_officer2":"2. polizia","nurse":"erregistratutako erizaina","yukika":"Yukika","teacher1":"1. irakaslea","hospital_officials":"ospitaleko langileak","soccer_member":"futbol kluba","store_manager":"dendako arduraduna","3rd_grade":"hirugarren urteko ikaslea","unknown":"Zer?","wet_woman":"Emakume bustia blai","police_officer3":"3. polizia.","4heroines":"Yoko & Izumi & Shizuku & Yukika","female_student":"emakumezko ikaslea","Students":"ikasleak","literary_club_Director":"literatura saileko burua","part_time_job":"byte","youko":"Yoko","male":"genero maskulinoa","children":"ume","youhei":"Yohei","Audiovisual_committee":"gabezia sentsorialeko batzordekidea","male_student":"gizonezko ikaslea","izumi":"Izumi","child":"haurrak","male_student2":"2 gizonezko ikaslea","hospital_officials2":"Ospitaleko langileak 2","police_officer1":"Polizia 1","classmate":"ikaskidea","member2":"2. kidea.","athletics_member":"pistako klubeko kidea","male_student1":"1 ikasle gizonezkoa","resident":"egoiliarra","homeroom_teacher":"geletako irakaslea","father":"aita","police_officer4":"4. polizia.","literary_club_member":"langileen literatur kidea","customer":"bezeroa","softball_member":"software saila","baseball_member":"beisbol kluba (hau da, unibertsitateko, korporazioko, etab. beisbol taldea)","male_student3":"3 gizonezko ikaslea","news_caster":"errodatzailea","teacher4":"Lau irakaslea.","shizuku":"Shizuku","vice-president":"presidenteordea (klub edo erakunde, erakunde)","member1":"1. kidea","teacher3":"Hiru irakaslea.","shinzi":"Shinji","sales_clerk":"idazkaria","female_student1":"Emakumezko ikasle 1","mother":"ama","father_in_law":"aitaginarreba","hospital_officials1":"Ospitaleko langileak 1","member3":"3. kidea.","teacher2":"2. irakaslea"},"/ui/720p/extra/cgpage.ui":{"rootdata":{"0":{"0":"CG"}}},"/ui/1080p/extra/routepage.ui":{"rootdata":{"0":{"0":"eszena"}}},"scene":{"34":{"hidden":"AMAIERA5","name":"AMAIERA 'Sendatu ezin den gaixotasuna'"},"29":{"hidden":"AMAIERA3","name":"BUKATU \"euritsua berriro"},"27":{"hidden":"25","name":"Nire ahizpa gogokoena."},"8":{"hidden":"08","name":"Perbertsio eguneroko bizitza"},"6":{"hidden":"06","name":"Amanerekin harremana"},"15":{"hidden":"15","name":"Barregarria da."},"5":{"hidden":"05","name":"gonbidapena"},"23":{"hidden":"AMAIERA1","name":"AMAIERA \"Ame Furi"},"35":{"hidden":"AMAIERA6","name":"AMAIERA \"Korrikaren amaiera: ......"},"11":{"hidden":"11","name":"Zertan sinesten dudan ..."},"26":{"hidden":"AMAIERA2","name":"AMAIERA \"Euriaren malkoak"},"36":{"hidden":"AMAIERA sekretua","name":"AMAIERA \"New Call Rain\"."},"16":{"hidden":"16","name":"Zoratuta nagoen bakarra naiz, beraz?"},"25":{"hidden":"24","name":"euria tristura garaian erortzen"},"4":{"hidden":"04","name":"laguna"},"22":{"hidden":"22","name":"mihiaren irristaketa"},"12":{"hidden":"12","name":"basakeria ekintza"},"18":{"hidden":"18","name":"Errodatzen hasi zen harria."},"21":{"hidden":"21","name":"Amane etengailua"},"1":{"hidden":"01","name":"Ikasle berria ..."},"0":{"hidden":"00","name":"Amane"},"7":{"hidden":"07","name":"zuloz beteta egotea"},"17":{"hidden":"17","name":"aukera"},"32":{"hidden":"28","name":"lur jabetza izateko eskubidea aitortzea (shogunatuak, feudal jaun batek eta abarrek)"},"24":{"hidden":"23","name":"Zugan pentsatzen nuen."},"9":{"hidden":"09","name":"gurdi dentatua"},"19":{"hidden":"19","name":"Nola gertatu zen hori?"},"30":{"hidden":"27","name":"borondate librea"},"10":{"hidden":"10","name":"hiltzailea"},"14":{"hidden":"14","name":"aldi baterako lasaitasuna"},"3":{"hidden":"03","name":"Amane eta euria"},"31":{"hidden":"AMAIERA4","name":"AMAIERA \"Erasoaren amaiera: ......"},"2":{"hidden":"02","name":"Une zoriontsua"},"28":{"hidden":"26","name":"konstituzioa (fisikoa)"},"13":{"hidden":"13","name":"Orain elkarrekin gaude."},"33":{"hidden":"29","name":"duina"},"20":{"hidden":"20","name":"hilzorian dauden uneak"}},"/img/720p/bg/ED0006_a.ui":{"rootdata":{"0":{"1":"produkzioa","2":"Ride On Works, Inc."}}},"/ui/720p/extra/soundpage.ui":{"rootdata":{"0":{"0":"soinua"}}},"/ui/common/title/btn_start.ui":{"rootdata":{"0":"hasi"}},"/img/720p/bg/ED0007_a.ui":{"rootdata":{"0":{"1":"fin"}}},"/img/1080p/bg/ED0002_a.ui":{"rootdata":{"0":{"1":"ekoiztu","2":"Pengin","3":"Ryusei"}}},"/ui/common/ui/btn_back.ui":{"rootdata":{"2":"atzera"}},"/ui/common/title/btn_load.ui":{"rootdata":{"0":"karga"}},"/ui/720p/language/language.ui":{"rootdata":{"1":"Hizkuntza"}},"/ui/common/extra/achieve.ui":{"rootdata":{"1":"lorpen tasa"}},"/ui/720p/talk/log.ui":{"rootdata":{"0":{"1":"Atzera Egunkaria"}}},"/img/1080p/bg/ED0000_a.ui":{"rootdata":{"0":{"1":"Jatorrizko ideia, Beltxarga Beltza, \"Amane Switch\""}}},"/img/720p/bg/ED0004_a.ui":{"rootdata":{"0":{"1":"ekoizpen integrala","2":"Bushi"}}},"/ui/720p/extra/scenepage.ui":{"rootdata":{"0":{"0":"eszena"}}},"/ui/1080p/extra/soundpage.ui":{"rootdata":{"0":{"0":"soinua"}}},"/img/1080p/bg/ED0004_a.ui":{"rootdata":{"0":{"1":"ekoizpen integrala","2":"Bushi"}}},"/ui/common/extra/btn_thumbnail.ui":{"rootdata":{"0":{"1":"NoData"}}},"/ui/common/title/btn_config.ui":{"rootdata":{"0":"Konfigurazioa"}},"/img/720p/bg/ED0002_a.ui":{"rootdata":{"0":{"1":"ekoiztu","2":"Pengin","3":"Ryusei"}}},"/img/1080p/bg/ED0005_a.ui":{"rootdata":{"0":{"1":"ekoizpen lankidetza","2":"Cyber Step Corporation"}}},"/img/720p/bg/ED0005_a.ui":{"rootdata":{"0":{"1":"ekoizpen lankidetza","2":"Cyber Step Corporation"}}},"/ui/common/extra/btn_cg.ui":{"rootdata":{"2":"CG"}},"/ui/1080p/language/language.ui":{"rootdata":{"1":"Hizkuntza"}},"/ui/common/config/btn_system.ui":{"rootdata":{"2":"sistema"}},"/ui/1080p/storage/storage.ui":{"rootdata":{"1":"Gorde"}},"/img/1080p/bg/ED0006_a.ui":{"rootdata":{"0":{"1":"produkzioa","2":"Ride On Works, Inc."}}},"/ui/720p/extra/routepage.ui":{"rootdata":{"0":{"0":"eszena"}}},"bgm":{"insecurity":{"label":"malenkonia"},"eye1":{"label":"putz egiten"},"h1":{"label":"ripple"},"rain":{"label":"haize hotza"},"sys":{"label":"Lasai lakua"},"eye2":{"label":"zeru lainotua (eguraldia)"},"sir":{"label":"etsipena"},"op":{"label":"Amane"},"ed":{"label":"Urtu zeru zabalean"},"healing":{"label":"ukitu (pertsona baten) bihotza"},"danger":{"label":"hurbildu"},"h2":{"label":"malkoak"}},"/ui/common/extra/btn_sound.ui":{"rootdata":{"2":"soinua"}},"/ui/1080p/extra/cgpage.ui":{"rootdata":{"0":{"0":"CG"}}},"/img/1080p/bg/ED0001_a.ui":{"rootdata":{"0":{"5":"Shizuku Kizaki:. Uki Nashiki","6":"Yukika Mizushima:. Mei Oshiro","3":"Yoko Minegishi:. Ari Sayama","4":"Izumi Kizaki:. Nemea Iori (Stellar Cycle Campus)","1":"aktore","2":"Amane Satonaka:. Kyoko Kuramochi (Stellar Cycle Campus)"}}},"/ui/common/title/btn_extra.ui":{"rootdata":{"0":"Gehigarria"}},"/img/720p/bg/ED0003_a.ui":{"rootdata":{"0":{"5":"Kanon Rapipaka","3":"Mekabu Shinonome","4":"Oni MAYUGE","10":"Yui","2":"Tsukimachi Usagi","7":"arp","8":"Minami no Tenjino","6":"Koyo Urami","1":"Berregin Langileak","9":"Majin Hachimitsu"}}},"/ui/common/extra/btn_scene.ui":{"rootdata":{"2":"eszena"}},"/img/720p/bg/ED0001_a.ui":{"rootdata":{"0":{"5":"Shizuku Kizaki:. Uki Nashiki","6":"Yukika Mizushima:. Mei Oshiro","3":"Yoko Minegishi:. Ari Sayama","4":"Izumi Kizaki:. Nemea Iori (Stellar Cycle Campus)","1":"aktore","2":"Amane Satonaka:. Kyoko Kuramochi (Stellar Cycle Campus)"}}},"dict":{"title.translate.cancaled":"Deskarga eten egin da eta hizkuntza ezarpenak hasieratu dira.","talk.quickload.confirm.yes":"Berriz hasiko gara.","title.continue.confirm.yes":"Berriz hasiko gara.","config.10.0":"bertakoa","storage.title.save":"Gorde","language.restart":"Itzuli izenburuko pantailara.","config.6":"mezu leihoaren gardentasuna","title.continue.confirm":"Gordetako eszenatik berrabiarazi nahi duzu?","title.continue.nodata":"Ez dago gordetzeko daturik.","storage.date":"Eguna:","config.1":"atzeko musika","config.8.0":"bertakoa","extra.scene.confirm":"Eszena honekin hasi nahi duzu?","title.translate.confirm.yes":"deskargatu","title.translate.confirm":"Deskargatu jokoa hasteko beharrezko eguneratze fitxategiak %s .","common.dialog.message.exit.yes":"Irten.","common.dialog.btn.no":"bertan behera utzi","language.confirm.yes":"Aldaketa.","config.10.1":"merezi izan","storage.label.none":"Ez dago daturik","language.confirm":"Erabiltzen duzun hizkuntza %s aldatu nahi duzu?","config.10":"Aldatu dagoeneko irakurritako esaldien kolorea","storage.title.load":"karga","config.5":"Modu automatikoaren abiadura","config.7.all":"guztiak","config.8":"Aukeratu ondoren, jarraitu jarraipena","config.9.1":"merezi izan","common.dialog.btn.yes":"Ados","config.tab.system":"sistema","extra.cg.dialog.page":"%d / %d","common.dialog.message.save.yes":"gorde","common.dialog.message.load.yes":"karga","common.dialog.message.save":"Gorde nahi al duzu?","config.7.read":"irakurtzeko soilik","config.3":"AHOTSA","config.9.0":"bertakoa","config.reset.confirm.yes":"Hasieratu.","talk.quickload.confirm":"Gordetako eszenatik berrabiarazi nahi duzu?","config.tab.sound":"SOINUA","talk.quicksave.message":"Jokoa gorde duzu. Uneko eszenatik berrekin dezakezu.","config.4":"karaktere bistaratzeko abiadura","config.reset.confirm":"Ezarpenak hasieratu nahi dituzu?","common.dialog.message.download":"Deskargatzen.","title.translate.notallowed":"Hasi hizkuntza ezarpenak beharrezko fitxategiak falta direlako.","storage.date.none":"---- / - / - -: -","common.dialog.btn.cancel":"etenaldia","language.error.2":"Ez duzu zerbitzarian sartzeko baimenik.","config.7":"saltatzeko modua","language.error.1":"Zerbitzaria mantentze lanetan dago.","config.9":"Aukera egin ondoren modu automatikoaren jarraipena","common.dialog.message.title":"Izenburuko pantailara itzuli nahi duzu?","extra.scene.confirm.yes":"Hasi.","common.dialog.message.load":"Kargatu nahi al duzu?","common.dialog.message.title.yes":"Izenburura","config.2":"SE","config.8.1":"merezi izan","title.translate.failed":"Hasi hizkuntza ezarpenak deskargak huts egin duelako.","common.dialog.message.exit":"Jokoa utzi nahi al duzu?","language.error.255":"Zerbitzaria ez dago erabilgarri."},"/ui/common/config/btn_sound.ui":{"rootdata":{"2":"soinua"}},"/ui/common/ui/btn_title.ui":{"rootdata":{"2":"Izenburua"}},"/ui/720p/storage/storage.ui":{"rootdata":{"1":"Gorde"}},"/ui/common/storage/datum.ui":{"rootdata":{"3":{"1":"Daturik ez"}}},"/ui/720p/config/config.ui":{"rootdata":{"1":"sistema"}},"/ui/common/title/btn_language.ui":{"rootdata":{"0":"Hizkuntza"}}}