{"/ui/1080p/talk/log.ui":{"rootdata":{"0":{"1":"BackLog"}}},"/ui/common/config/btn_reset.ui":{"rootdata":{"2":"Reset"}},"/ui/1080p/extra/scenepage.ui":{"rootdata":{"0":{"0":"chiitiko"}}},"/img/1080p/bg/ED0003_a.ui":{"rootdata":{"0":{"5":"Kanon Rapika","3":"Mekabu Shinonome","4":"Oni MAYUGE","10":"Yui","2":"Tsukimachi Usagi","7":"arp","8":"Minami no Tenjino","6":"Koyo Urami","1":"Remake Staff","9":"Majin Hachimitsu"}}},"/img/720p/bg/ED0000_a.ui":{"rootdata":{"0":{"1":"Pfungwa yekutanga, Black Swan, \"Amane Switch\""}}},"/ui/1080p/config/config.ui":{"rootdata":{"1":"system"}},"/ui/common/title/btn_continue.ui":{"rootdata":{"0":"Enderera mberi"}},"/img/1080p/bg/ED0007_a.ui":{"rootdata":{"0":{"1":"fin"}}},"/ui/common/ui/btn_exit.ui":{"rootdata":{"2":"kubuda"}},"character":{"1st_grade":"mudzidzi wekutanga","cat":"katsi","female_student2":"Mudzidzi wechikadzi 2","police_officer":"mupurisa","friend":"shamwari","doctor":"chiremba","teacher":"mudzidzisi (mukirasi)","amane":"Amane","female":"mukadzi","amane_with_mother":"Amai. Amane","pe_teacher":"mudzidzisi wezvidzidzo zvemuviri","director":"mukuru wekirabhu (yechikoro).","theater_tirector":"mukuru wedhipatimendi remadrama","School_principal":"mukuru wechikoro","theater_member":"nhengo yeboka remitambo","police_officer2":"Mupurisa 2","nurse":"mukoti akanyoreswa","yukika":"Yukika","teacher1":"Mudzidzisi 1","hospital_officials":"vashandi vepachipatara","soccer_member":"kirabhu yenhabvu","store_manager":"shop manager","3rd_grade":"mudzidzi wechitatu","unknown":"Chii?","wet_woman":"Kutota mukadzi","police_officer3":"Mupurisa 3.","4heroines":"Yoko & Izumi & Shizuku & Yukika","female_student":"mudzidzi wechikadzi","Students":"vadzidzi","literary_club_Director":"mukuru wedhipatimendi remabhuku","part_time_job":"byte","youko":"Yoko","male":"murume murume","children":"mwana","youhei":"Yohei","Audiovisual_committee":"Sensory deprivation committee member","male_student":"murume mudzidzi","izumi":"Izumi","child":"vana","male_student2":"Mudzidzi wechirume 2","hospital_officials2":"Vashandi vepachipatara 2","police_officer1":"Mupurisa 1","classmate":"waunodzidza naye","member2":"Nhengo 2.","athletics_member":"track uye field club nhengo","male_student1":"Mudzidzi wechirume 1","resident":"mugari","homeroom_teacher":"mudzidzisi wepamba","father":"baba","police_officer4":"Mupurisa 4.","literary_club_member":"nhengo yekunyora yevashandi","customer":"mutengi","softball_member":"software department","baseball_member":"baseball kirabhu (kureva baseball timu yeyunivhesiti, mubatanidzwa, nezvimwewo)","male_student3":"Mudzidzi wechirume 3","news_caster":"caster","teacher4":"Mudzidzisi wechina.","shizuku":"Shizuku","vice-president":"mutevedzeri wemutungamiri (wechikwata kana sangano, sangano)","member1":"Nhengo 1","teacher3":"Mudzidzisi Wetatu.","shinzi":"Shinji","sales_clerk":"mabharani","female_student1":"Mudzidzi wechikadzi 1","mother":"Amai","father_in_law":"tezvara","hospital_officials1":"Vashandi vepachipatara 1","member3":"Nhengo 3.","teacher2":"Mudzidzisi 2"},"/ui/720p/extra/cgpage.ui":{"rootdata":{"0":{"0":"CG"}}},"/ui/1080p/extra/routepage.ui":{"rootdata":{"0":{"0":"chiitiko"}}},"scene":{"34":{"hidden":"END5","name":"END 'Chirwere chisingarapike'"},"29":{"hidden":"END3","name":"END \"mvura zvakare"},"27":{"hidden":"25","name":"Hanzvadzi yangu yandinoda."},"8":{"hidden":"08","name":"Hupenyu hwezuva nezuva hwekutsveyama"},"6":{"hidden":"06","name":"Hukama naAmane"},"15":{"hidden":"15","name":"Zvinosekesa."},"5":{"hidden":"05","name":"kukokwa"},"23":{"hidden":"END1","name":"END \"Ame Furi"},"35":{"hidden":"END6","name":"KUPERA \"Kupera Kwekumhanya: ......"},"11":{"hidden":"11","name":"Zvandinotenda mazviri..."},"26":{"hidden":"END2","name":"END \"Misodzi Yemvura"},"36":{"hidden":"Secret END","name":"PENDA \"New Call Rain\"."},"16":{"hidden":"16","name":"Saka ndini ndega ndinopenga here?"},"25":{"hidden":"24","name":"mvura ichinaya panguva yekusuwa"},"4":{"hidden":"04","name":"shamwari"},"22":{"hidden":"22","name":"kutsvedza kwerurimi"},"12":{"hidden":"12","name":"chiito chehutsinye"},"18":{"hidden":"18","name":"Dombo rakatanga kukunguruka."},"21":{"hidden":"21","name":"Amane switch"},"1":{"hidden":"01","name":"Mudzidzi mutsva ..."},"0":{"hidden":"00","name":"Amane"},"7":{"hidden":"07","name":"kuzara nemakomba"},"17":{"hidden":"17","name":"sarudzo"},"32":{"hidden":"28","name":"kucherechedzwa kwekodzero yekuva muridzi wevhu (ne shogunate, feudal ishe, nezvimwewo)"},"24":{"hidden":"23","name":"Ndanga ndichikufunga."},"9":{"hidden":"09","name":"cog-vhiri"},"19":{"hidden":"19","name":"Izvi zvakaitika sei?"},"30":{"hidden":"27","name":"mazvokuda"},"10":{"hidden":"10","name":"mhondi"},"14":{"hidden":"14","name":"rugare rwepfungwa rwechinguvana"},"3":{"hidden":"03","name":"Amane nemvura"},"31":{"hidden":"END4","name":"KUPERA \"Kupera Kwekurwisa: ......"},"2":{"hidden":"02","name":"Nguva yekufara"},"28":{"hidden":"26","name":"bumbiro remutemo (pamuviri)"},"13":{"hidden":"13","name":"Iye zvino tiri pamwe chete."},"33":{"hidden":"29","name":"decent"},"20":{"hidden":"20","name":"nguva dzekufa"}},"/img/720p/bg/ED0006_a.ui":{"rootdata":{"0":{"1":"production","2":"Nhoroondo ye Ride On Works, Inc."}}},"/ui/720p/extra/soundpage.ui":{"rootdata":{"0":{"0":"inzwi"}}},"/ui/common/title/btn_start.ui":{"rootdata":{"0":"kutanga"}},"/img/720p/bg/ED0007_a.ui":{"rootdata":{"0":{"1":"fin"}}},"/img/1080p/bg/ED0002_a.ui":{"rootdata":{"0":{"1":"gadzira","2":"Pengin","3":"Ryusei"}}},"/ui/common/ui/btn_back.ui":{"rootdata":{"2":"shure"}},"/ui/common/title/btn_load.ui":{"rootdata":{"0":"load"}},"/ui/720p/language/language.ui":{"rootdata":{"1":"Mutauro"}},"/ui/common/extra/achieve.ui":{"rootdata":{"1":"mwero wekubudirira"}},"/ui/720p/talk/log.ui":{"rootdata":{"0":{"1":"BackLog"}}},"/img/1080p/bg/ED0000_a.ui":{"rootdata":{"0":{"1":"Pfungwa yekutanga, Black Swan, \"Amane Switch\""}}},"/img/720p/bg/ED0004_a.ui":{"rootdata":{"0":{"1":"kugadzirwa kwakakwana","2":"Bush"}}},"/ui/720p/extra/scenepage.ui":{"rootdata":{"0":{"0":"chiitiko"}}},"/ui/1080p/extra/soundpage.ui":{"rootdata":{"0":{"0":"inzwi"}}},"/img/1080p/bg/ED0004_a.ui":{"rootdata":{"0":{"1":"kugadzirwa kwakakwana","2":"Bush"}}},"/ui/common/extra/btn_thumbnail.ui":{"rootdata":{"0":{"1":"NoData"}}},"/ui/common/title/btn_config.ui":{"rootdata":{"0":"Config"}},"/img/720p/bg/ED0002_a.ui":{"rootdata":{"0":{"1":"gadzira","2":"Pengin","3":"Ryusei"}}},"/img/1080p/bg/ED0005_a.ui":{"rootdata":{"0":{"1":"kudyidzana kwekugadzira","2":"Iyo kambani Cyber Step Corporation"}}},"/img/720p/bg/ED0005_a.ui":{"rootdata":{"0":{"1":"kudyidzana kwekugadzira","2":"Iyo kambani Cyber Step Corporation"}}},"/ui/common/extra/btn_cg.ui":{"rootdata":{"2":"CG"}},"/ui/1080p/language/language.ui":{"rootdata":{"1":"Mutauro"}},"/ui/common/config/btn_system.ui":{"rootdata":{"2":"system"}},"/ui/1080p/storage/storage.ui":{"rootdata":{"1":"Sevha"}},"/img/1080p/bg/ED0006_a.ui":{"rootdata":{"0":{"1":"production","2":"Nhoroondo ye Ride On Works, Inc."}}},"/ui/720p/extra/routepage.ui":{"rootdata":{"0":{"0":"chiitiko"}}},"bgm":{"insecurity":{"label":"melancholy"},"eye1":{"label":"puddling away"},"h1":{"label":"ripple"},"rain":{"label":"mhepo inotonhora"},"sys":{"label":"Quiet Lake"},"eye2":{"label":"denga rine makore (mamiriro okunze)"},"sir":{"label":"kupererwa"},"op":{"label":"Amane"},"ed":{"label":"Nyunguduka mudenga rakafara"},"healing":{"label":"kubata (munhu) mwoyo"},"danger":{"label":"swedera"},"h2":{"label":"misodzi"}},"/ui/common/extra/btn_sound.ui":{"rootdata":{"2":"inzwi"}},"/ui/1080p/extra/cgpage.ui":{"rootdata":{"0":{"0":"CG"}}},"/img/1080p/bg/ED0001_a.ui":{"rootdata":{"0":{"5":"Shizuku Kizaki :. Uki Nashiki","6":"Yukika Mizushima :. Mei Oshiro","3":"Yoko Minegishi :. Ari Sayama","4":"Izumi Kizaki :. Nemea Iori (Stellar Cycle Campus)","1":"cast","2":"Amane Satonaka :. Kyoko Kuramochi (Stellar Cycle Campus)"}}},"/ui/common/title/btn_extra.ui":{"rootdata":{"0":"Extra"}},"/img/720p/bg/ED0003_a.ui":{"rootdata":{"0":{"5":"Kanon Rapika","3":"Mekabu Shinonome","4":"Oni MAYUGE","10":"Yui","2":"Tsukimachi Usagi","7":"arp","8":"Minami no Tenjino","6":"Koyo Urami","1":"Remake Staff","9":"Majin Hachimitsu"}}},"/ui/common/extra/btn_scene.ui":{"rootdata":{"2":"chiitiko"}},"/img/720p/bg/ED0001_a.ui":{"rootdata":{"0":{"5":"Shizuku Kizaki :. Uki Nashiki","6":"Yukika Mizushima :. Mei Oshiro","3":"Yoko Minegishi :. Ari Sayama","4":"Izumi Kizaki :. Nemea Iori (Stellar Cycle Campus)","1":"cast","2":"Amane Satonaka :. Kyoko Kuramochi (Stellar Cycle Campus)"}}},"dict":{"title.translate.cancaled":"Kudhaunirodha kwambovhiringidzwa uye marongero emutauro atanga.","talk.quickload.confirm.yes":"Tichaenderera mberi.","title.continue.confirm.yes":"Tichaenderera mberi.","config.10.0":"local","storage.title.save":"Sevha","language.restart":"Dzokera kune chinyorwa chemusoro.","config.6":"hwindo remeseji kujeka","title.continue.confirm":"Unoda kutangazve kubva pane yakachengetwa chiitiko?","title.continue.nodata":"Iko hakuna kuchengetedza data.","storage.date":"Date :","config.1":"background music","config.8.0":"local","extra.scene.confirm":"Unoda kutanga nechiitiko ichi?","title.translate.confirm.yes":"download","title.translate.confirm":"Dhawunirodha mafaera ekuvandudza anodiwa kutanga mutambo %s .","common.dialog.message.exit.yes":"Exit.","common.dialog.btn.no":"kanzura","language.confirm.yes":"Change.","config.10.1":"kuva akakodzera","storage.label.none":"Hapana data","language.confirm":"Unoda here kushandura mutauro waunoshandisa kuti uve %s ?","config.10":"Shandura ruvara rwemitsara yatoverengwa","storage.title.load":"load","config.5":"Auto mode kumhanya","config.7.all":"zvose","config.8":"Svetuka kuenderera mushure mesarudzo","config.9.1":"kuva akakodzera","common.dialog.btn.yes":"OK","config.tab.system":"system","extra.cg.dialog.page":"%d / %d","common.dialog.message.save.yes":"save","common.dialog.message.load.yes":"load","common.dialog.message.save":"Unoda kuichengeta here?","config.7.read":"verenga chete","config.3":"VOICE","config.9.0":"local","config.reset.confirm.yes":"Tanga.","talk.quickload.confirm":"Unoda kutangazve kubva pane yakachengetwa chiitiko?","config.tab.sound":"KUSVIRA","talk.quicksave.message":"Wachengeta mutambo. Iwe unogona kutangazve kubva pane ikozvino chiitiko.","config.4":"kukurumidza kuratidza hunhu","config.reset.confirm":"Unoda kutanga zvirongwa here?","common.dialog.message.download":"Downloading.","title.translate.notallowed":"Tanga zvirongwa zvemutauro nokuti mafaira anodiwa haasipo.","storage.date.none":"----/--/-- --:--","common.dialog.btn.cancel":"kukanganisa","language.error.2":"Iwe haubvumidzwe kuwana sevha.","config.7":"skip mode","language.error.1":"Sevha iri pasi pekugadzirisa.","config.9":"Auto mode kuenderera mberi mushure mekusarudza","common.dialog.message.title":"Unoda kudzokera kuchiratidziro chemusoro?","extra.scene.confirm.yes":"Tanga.","common.dialog.message.load":"Unoda kurodha?","common.dialog.message.title.yes":"Kumusoro","config.2":"SE","config.8.1":"kuva akakodzera","title.translate.failed":"Tanga magadzirirwo emutauro nekuti kudhaunirodha kwatadza.","common.dialog.message.exit":"Unoda kusiya mutambo here?","language.error.255":"Sevha haisipo."},"/ui/common/config/btn_sound.ui":{"rootdata":{"2":"inzwi"}},"/ui/common/ui/btn_title.ui":{"rootdata":{"2":"title"}},"/ui/720p/storage/storage.ui":{"rootdata":{"1":"Sevha"}},"/ui/common/storage/datum.ui":{"rootdata":{"3":{"1":"Hapana Data"}}},"/ui/720p/config/config.ui":{"rootdata":{"1":"system"}},"/ui/common/title/btn_language.ui":{"rootdata":{"0":"Mutauro"}}}