{"/ui/1080p/talk/log.ui":{"rootdata":{"0":{"1":"I-BackLog"}}},"/ui/common/config/btn_reset.ui":{"rootdata":{"2":"Setha kabusha"}},"/ui/1080p/extra/scenepage.ui":{"rootdata":{"0":{"0":"isigcawu"}}},"/img/1080p/bg/ED0003_a.ui":{"rootdata":{"0":{"5":"IKanon Rapipaka","3":"UMekabu Shinonome","4":"Oni MAYUGE","10":"Yui","2":"Tsukimachi Usagi","7":"i-arp","8":"UMinami noTenjino","6":"UKoyo Urami","1":"Abasebenzi be-Remake","9":"Majin Hachimitsu"}}},"/img/720p/bg/ED0000_a.ui":{"rootdata":{"0":{"1":"Umbono woqobo, iBlack Swan, \"Amane switch\""}}},"/ui/1080p/config/config.ui":{"rootdata":{"1":"uhlelo"}},"/ui/common/title/btn_continue.ui":{"rootdata":{"0":"Qhubeka"}},"/img/1080p/bg/ED0007_a.ui":{"rootdata":{"0":{"1":"isiphetho"}}},"/ui/common/ui/btn_exit.ui":{"rootdata":{"2":"Phuma"}},"character":{"1st_grade":"unyaka wokuqala wesitshudeni","cat":"ikati","female_student2":"Umfundi wesifazane 2","police_officer":"iphoyisa","friend":"umngane","doctor":"udokotela","teacher":"uthisha (ikilasi)","amane":"Amane","female":"owesifazane","amane_with_mother":"Umama. Amane","pe_teacher":"uthisha wezemvelo","director":"inhloko yeklabhu (yesikole)","theater_tirector":"inhloko yomnyango wedrama","School_principal":"uthishanhloko","theater_member":"ilungu leqembu lezeshashalazi","police_officer2":"Iphoyisa 2","nurse":"umhlengikazi obhalisiwe","yukika":"Yukika","teacher1":"Uthisha 1","hospital_officials":"abasebenzi basesibhedlela","soccer_member":"ikilabhu lebhola","store_manager":"umphathi wesitolo","3rd_grade":"umfundi wesithathu","unknown":"Ini?","wet_woman":"Ujuluke umanzi te umfazi","police_officer3":"Iphoyisa 3.","4heroines":"Yoko & Izumi & Shizuku & Yukika","female_student":"umfundi wesifazane","Students":"abafundi","literary_club_Director":"inhloko yomnyango wezemibhalo","part_time_job":"Byte","youko":"Yoko","male":"ubulili besilisa","children":"ingane","youhei":"Yohei","Audiovisual_committee":"ilungu lekomidi lokuncishwa kwemizwa","male_student":"umfundi wesilisa","izumi":"Izumi","child":"izingane","male_student2":"Umfundi wesilisa 2","hospital_officials2":"Abasebenzi besibhedlela 2","police_officer1":"Iphoyisa 1","classmate":"ofunda naye","member2":"Ilungu 2.","athletics_member":"ithrekhi nenkundla yekilabhu yasensimini","male_student1":"Umfundi wesilisa 1","resident":"umhlali","homeroom_teacher":"uthisha we-homeroom","father":"ubaba","police_officer4":"Iphoyisa 4.","literary_club_member":"ilungu lezisebenzi","customer":"ikhasimende","softball_member":"umnyango wesoftware","baseball_member":"i-baseball club (ie iqembu le-baseball leyunivesithi, inkampani, njll.)","male_student3":"Umfundi wesilisa 3","news_caster":"caster","teacher4":"Uthisha Wesine.","shizuku":"UShizuku","vice-president":"usekela mongameli (weklabhu noma inhlangano, inhlangano)","member1":"Ilungu 1","teacher3":"Uthisha Wesithathu.","shinzi":"Shinji","sales_clerk":"umabhalane","female_student1":"Umfundi wesifazane 1","mother":"umama","father_in_law":"Ubabezala","hospital_officials1":"Abasebenzi besibhedlela 1","member3":"Ilungu 3.","teacher2":"Uthisha 2"},"/ui/720p/extra/cgpage.ui":{"rootdata":{"0":{"0":"CG"}}},"/ui/1080p/extra/routepage.ui":{"rootdata":{"0":{"0":"isigcawu"}}},"scene":{"34":{"hidden":"END5","name":"QEDELA 'Isifo esingelapheki'"},"29":{"hidden":"END3","name":"END \"liyana futhi"},"27":{"hidden":"25","name":"Udadewethu engimthandayo."},"8":{"hidden":"08","name":"Impilo yansuku zonke yokuhlanekezelwa"},"6":{"hidden":"06","name":"Ubudlelwano no-Amane"},"15":{"hidden":"15","name":"Kuyahlekisa."},"5":{"hidden":"05","name":"isimemo"},"23":{"hidden":"END1","name":"QEDA \"Ame Furi"},"35":{"hidden":"UKUPHELA6","name":"END \"Ukuphela Kokugijima: ......"},"11":{"hidden":"11","name":"Engikholelwa kukho ..."},"26":{"hidden":"END2","name":"END \"Izinyembezi Zemvula"},"36":{"hidden":"UKUPHELA OKUYIMFIHLO","name":"QEDA \"Imvula Yekholi Entsha\"."},"16":{"hidden":"16","name":"Manje yimina ngedwa osile?"},"25":{"hidden":"24","name":"imvula enayo ngesikhathi sosizi"},"4":{"hidden":"04","name":"umngane"},"22":{"hidden":"22","name":"ukushelela kolimi"},"12":{"hidden":"12","name":"isenzo sobulwane"},"18":{"hidden":"18","name":"Itshe eliqale ukugingqika."},"21":{"hidden":"21","name":"Amane switch"},"1":{"hidden":"01","name":"Isitshudeni esisha ..."},"0":{"hidden":"00","name":"Amane"},"7":{"hidden":"07","name":"ugcwele izimbobo"},"17":{"hidden":"17","name":"ukukhetha"},"32":{"hidden":"28","name":"ukuqashelwa kwelungelo lobunikazi bomhlaba (yi-shogunate, inkosi yamakhosi, njll.)"},"24":{"hidden":"23","name":"Bengicabanga ngawe."},"9":{"hidden":"09","name":"isondo lesondo"},"19":{"hidden":"19","name":"Kwenzeke kanjani lokhu?"},"30":{"hidden":"27","name":"inkululeko yokuzikhethela"},"10":{"hidden":"10","name":"umbulali"},"14":{"hidden":"14","name":"ukuthula kwengqondo kwesikhashana"},"3":{"hidden":"03","name":"Amane nemvula"},"31":{"hidden":"Qeda4","name":"END \"Ukuphela kokuhlaselwa: ......"},"2":{"hidden":"02","name":"Isikhathi esimnandi"},"28":{"hidden":"26","name":"umthethosisekelo (ngokomzimba)"},"13":{"hidden":"13","name":"Manje sesihlangene."},"33":{"hidden":"29","name":"ehloniphekile"},"20":{"hidden":"20","name":"izikhathi zokufa"}},"/img/720p/bg/ED0006_a.ui":{"rootdata":{"0":{"1":"ukukhiqizwa","2":"I-Ride On Works, Inc."}}},"/ui/720p/extra/soundpage.ui":{"rootdata":{"0":{"0":"umsindo"}}},"/ui/common/title/btn_start.ui":{"rootdata":{"0":"qala"}},"/img/720p/bg/ED0007_a.ui":{"rootdata":{"0":{"1":"isiphetho"}}},"/img/1080p/bg/ED0002_a.ui":{"rootdata":{"0":{"1":"khiqiza","2":"UPengin","3":"URyusei"}}},"/ui/common/ui/btn_back.ui":{"rootdata":{"2":"emuva"}},"/ui/common/title/btn_load.ui":{"rootdata":{"0":"umthwalo"}},"/ui/720p/language/language.ui":{"rootdata":{"1":"Ulimi"}},"/ui/common/extra/achieve.ui":{"rootdata":{"1":"isilinganiso sempumelelo"}},"/ui/720p/talk/log.ui":{"rootdata":{"0":{"1":"I-BackLog"}}},"/img/1080p/bg/ED0000_a.ui":{"rootdata":{"0":{"1":"Umbono woqobo, iBlack Swan, \"Amane switch\""}}},"/img/720p/bg/ED0004_a.ui":{"rootdata":{"0":{"1":"ukukhiqizwa okuphelele","2":"UBushi"}}},"/ui/720p/extra/scenepage.ui":{"rootdata":{"0":{"0":"isigcawu"}}},"/ui/1080p/extra/soundpage.ui":{"rootdata":{"0":{"0":"umsindo"}}},"/img/1080p/bg/ED0004_a.ui":{"rootdata":{"0":{"1":"ukukhiqizwa okuphelele","2":"UBushi"}}},"/ui/common/extra/btn_thumbnail.ui":{"rootdata":{"0":{"1":"I-NoData"}}},"/ui/common/title/btn_config.ui":{"rootdata":{"0":"Lungiselela"}},"/img/720p/bg/ED0002_a.ui":{"rootdata":{"0":{"1":"khiqiza","2":"UPengin","3":"URyusei"}}},"/img/1080p/bg/ED0005_a.ui":{"rootdata":{"0":{"1":"ukubambisana kokukhiqiza","2":"ICyber Step Corporation"}}},"/img/720p/bg/ED0005_a.ui":{"rootdata":{"0":{"1":"ukubambisana kokukhiqiza","2":"ICyber Step Corporation"}}},"/ui/common/extra/btn_cg.ui":{"rootdata":{"2":"CG"}},"/ui/1080p/language/language.ui":{"rootdata":{"1":"Ulimi"}},"/ui/common/config/btn_system.ui":{"rootdata":{"2":"uhlelo"}},"/ui/1080p/storage/storage.ui":{"rootdata":{"1":"Gcina"}},"/img/1080p/bg/ED0006_a.ui":{"rootdata":{"0":{"1":"ukukhiqizwa","2":"I-Ride On Works, Inc."}}},"/ui/720p/extra/routepage.ui":{"rootdata":{"0":{"0":"isigcawu"}}},"bgm":{"insecurity":{"label":"ukudabuka"},"eye1":{"label":"ukuqhuma kude"},"h1":{"label":"ukuqhuma"},"rain":{"label":"umoya obandayo"},"sys":{"label":"Ichibi Elithulile"},"eye2":{"label":"isibhakabhaka esinamafu (isimo sezulu)"},"sir":{"label":"ukulahla ithemba"},"op":{"label":"Amane"},"ed":{"label":"Ncibilika esibhakabhakeni esibanzi"},"healing":{"label":"thinta inhliziyo (yomuntu)"},"danger":{"label":"ube usondela"},"h2":{"label":"izinyembezi"}},"/ui/common/extra/btn_sound.ui":{"rootdata":{"2":"umsindo"}},"/ui/1080p/extra/cgpage.ui":{"rootdata":{"0":{"0":"CG"}}},"/img/1080p/bg/ED0001_a.ui":{"rootdata":{"0":{"5":"Shizuku Kizaki :. Uki Nashiki","6":"Yukika Mizushima :. UMei Oshiro","3":"Yoko Minegishi:. Ari Sayama","4":"Izumi Kizaki:. I-Nemea Iori (Ikhampasi Yomjikelezo WaseStellar)","1":"sakaza","2":"Amane Satonaka :. UKyoko Kuramochi (Ikhampasi Yomjikelezo WaseStellar)"}}},"/ui/common/title/btn_extra.ui":{"rootdata":{"0":"Okungeziwe"}},"/img/720p/bg/ED0003_a.ui":{"rootdata":{"0":{"5":"IKanon Rapipaka","3":"UMekabu Shinonome","4":"Oni MAYUGE","10":"Yui","2":"Tsukimachi Usagi","7":"i-arp","8":"UMinami noTenjino","6":"UKoyo Urami","1":"Abasebenzi be-Remake","9":"Majin Hachimitsu"}}},"/ui/common/extra/btn_scene.ui":{"rootdata":{"2":"isigcawu"}},"/img/720p/bg/ED0001_a.ui":{"rootdata":{"0":{"5":"Shizuku Kizaki :. Uki Nashiki","6":"Yukika Mizushima :. UMei Oshiro","3":"Yoko Minegishi:. Ari Sayama","4":"Izumi Kizaki:. I-Nemea Iori (Ikhampasi Yomjikelezo WaseStellar)","1":"sakaza","2":"Amane Satonaka :. UKyoko Kuramochi (Ikhampasi Yomjikelezo WaseStellar)"}}},"dict":{"title.translate.cancaled":"Ukulanda kuphazamisekile futhi izilungiselelo zolimi ziyaqalwa.","talk.quickload.confirm.yes":"Sizophinda siqhubeke.","title.continue.confirm.yes":"Sizophinda siqhubeke.","config.10.0":"yendawo","storage.title.save":"Gcina","language.restart":"Buyela esikrinini sesihloko.","config.6":"ukubonakala kwewindi lomlayezo","title.continue.confirm":"Ngabe ufuna ukuqala kabusha kusuka kusigcawu esigciniwe?","title.continue.nodata":"Ayikho idatha yokulondoloza.","storage.date":"Usuku:","config.1":"umculo wangemuva","config.8.0":"yendawo","extra.scene.confirm":"Ngabe ufuna ukuqala ngalesi sehlakalo?","title.translate.confirm.yes":"download","title.translate.confirm":"Landa amafayela wokuvuselela adingekayo ukuqala umdlalo ku- %s .","common.dialog.message.exit.yes":"Phuma.","common.dialog.btn.no":"khansela","language.confirm.yes":"Shintsha.","config.10.1":"kufanelekile","storage.label.none":"Ayikho idatha","language.confirm":"Ngabe ufuna ukushintsha ulimi olusebenzisa ku- %s ?","config.10":"Shintsha umbala wemisho esevele ifundiwe","storage.title.load":"umthwalo","config.5":"Ijubane lemodi ezenzakalelayo","config.7.all":"konke","config.8":"Yeqa ukuqhubeka ngemuva kokukhetha","config.9.1":"kufanelekile","common.dialog.btn.yes":"KULUNGILE","config.tab.system":"uhlelo","extra.cg.dialog.page":"%d / %d","common.dialog.message.save.yes":"londoloza","common.dialog.message.load.yes":"umthwalo","common.dialog.message.save":"Ingabe ufuna ukuyilondoloza?","config.7.read":"Funda kuphela","config.3":"IZWI","config.9.0":"yendawo","config.reset.confirm.yes":"Qalisa.","talk.quickload.confirm":"Ngabe ufuna ukuqala kabusha kusuka kusigcawu esigciniwe?","config.tab.sound":"UMSINDO","talk.quicksave.message":"Ulondoloze umdlalo. Ungaqhubeka kusuka endaweni yamanje.","config.4":"isivinini sokubonisa uhlamvu","config.reset.confirm":"Ingabe ufuna ukuqalisa izilungiselelo?","common.dialog.message.download":"Iyalanda.","title.translate.notallowed":"Qalisa izilungiselelo zolimi ngoba amafayela adingekayo awekho.","storage.date.none":"---- / - / - -: -","common.dialog.btn.cancel":"ukuphazamiseka","language.error.2":"Awuvunyelwe ukufinyelela kuseva.","config.7":"yeqa imodi","language.error.1":"Iseva iyalungiswa.","config.9":"Ukuqhubeka kwemodi ezenzakalelayo ngemuva kokukhetha","common.dialog.message.title":"Ngabe ufuna ukubuyela esikrinini sesihloko?","extra.scene.confirm.yes":"Qalisa.","common.dialog.message.load":"Ingabe ufuna ukulayisha?","common.dialog.message.title.yes":"Esihlokweni","config.2":"SE","config.8.1":"kufanelekile","title.translate.failed":"Qalisa izilungiselelo zolimi ngoba ukulanda kuhlulekile.","common.dialog.message.exit":"Ngabe ufuna ukuyeka umdlalo?","language.error.255":"Iseva ayitholakali."},"/ui/common/config/btn_sound.ui":{"rootdata":{"2":"umsindo"}},"/ui/common/ui/btn_title.ui":{"rootdata":{"2":"isihloko"}},"/ui/720p/storage/storage.ui":{"rootdata":{"1":"Gcina"}},"/ui/common/storage/datum.ui":{"rootdata":{"3":{"1":"Ayikho Idatha"}}},"/ui/720p/config/config.ui":{"rootdata":{"1":"uhlelo"}},"/ui/common/title/btn_language.ui":{"rootdata":{"0":"Ulimi"}}}