{"/ui/1080p/talk/log.ui":{"rootdata":{"0":{"1":"Eftersl\u00e6b"}}},"/ui/common/config/btn_reset.ui":{"rootdata":{"2":"Nulstil"}},"/ui/1080p/extra/scenepage.ui":{"rootdata":{"0":{"0":"scene"}}},"/img/1080p/bg/ED0003_a.ui":{"rootdata":{"0":{"5":"Kanon Rapipaka","3":"Mekabu Shinonome","4":"Oni MAYUGE","10":"Yui","2":"Tsukimachi Usagi","7":"arp","8":"Minami no Tenjino","6":"Koyo Urami","1":"Genindspilning","9":"Majin Hachimitsu"}}},"/img/720p/bg/ED0000_a.ui":{"rootdata":{"0":{"1":"Original id\u00e9, Black Swan, \"Amane Switch\""}}},"/ui/1080p/config/config.ui":{"rootdata":{"1":"system"}},"/ui/common/title/btn_continue.ui":{"rootdata":{"0":"Blive ved"}},"/img/1080p/bg/ED0007_a.ui":{"rootdata":{"0":{"1":"fin"}}},"/ui/common/ui/btn_exit.ui":{"rootdata":{"2":"Afslut"}},"character":{"1st_grade":"f\u00f8rste\u00e5rs studerende","cat":"kat","female_student2":"Kvindelig studerende 2","police_officer":"politibetjent","friend":"ven","doctor":"l\u00e6ge","teacher":"l\u00e6rer (klassev\u00e6relse)","amane":"Amane","female":"kvinde","amane_with_mother":"Mor. Amane","pe_teacher":"idr\u00e6tsl\u00e6rer","director":"leder af en (skole) klub","theater_tirector":"leder af dramaafdelingen","School_principal":"rektor","theater_member":"medlem af en teatergruppe","police_officer2":"Politibetjent 2","nurse":"registreret sygeplejerske","yukika":"Yukika","teacher1":"L\u00e6rer 1","hospital_officials":"hospitalspersonale","soccer_member":"fodboldklub","store_manager":"butikschef","3rd_grade":"tredje \u00e5rs studerende","unknown":"Hvad?","wet_woman":"V\u00e5d kvinde","police_officer3":"Politibetjent 3.","4heroines":"Yoko & Izumi & Shizuku & Yukika","female_student":"kvindelig studerende","Students":"studerende","literary_club_Director":"leder af den litter\u00e6re afdeling","part_time_job":"byte","youko":"Yoko","male":"maskulint k\u00f8n","children":"barn","youhei":"Yohei","Audiovisual_committee":"sensorisk deprivationsudvalgsmedlem","male_student":"mandlig studerende","izumi":"Izumi","child":"b\u00f8rn","male_student2":"Mandlig studerende 2","hospital_officials2":"Hospitalspersonale 2","police_officer1":"Politibetjent 1","classmate":"klassekammerat","member2":"Medlem 2.","athletics_member":"friidr\u00e6tsklubmedlem","male_student1":"Mandlig studerende 1","resident":"beboer","homeroom_teacher":"hjemmel\u00e6rer","father":"far","police_officer4":"Politibetjent 4.","literary_club_member":"en litter\u00e6r medarbejder","customer":"kunde","softball_member":"software afdeling","baseball_member":"baseballklub (dvs. et baseballhold p\u00e5 et universitet, et selskab osv.)","male_student3":"Mandlig studerende 3","news_caster":"hjul","teacher4":"L\u00e6rer fire.","shizuku":"Shizuku","vice-president":"vicepr\u00e6sident (i en klub eller organisation, organisation)","member1":"Medlem 1","teacher3":"L\u00e6rer tre.","shinzi":"Shinji","sales_clerk":"ekspedient","female_student1":"Kvindelig studerende 1","mother":"mor","father_in_law":"svigerfar","hospital_officials1":"Hospitalspersonale 1","member3":"Medlem 3.","teacher2":"L\u00e6rer 2"},"/ui/720p/extra/cgpage.ui":{"rootdata":{"0":{"0":"CG"}}},"/ui/1080p/extra/routepage.ui":{"rootdata":{"0":{"0":"scene"}}},"scene":{"34":{"hidden":"SLUT5","name":"SLUT 'Sygdommen, der ikke kan helbredes'"},"29":{"hidden":"SLUT3","name":"END \"regnfuld igen"},"27":{"hidden":"25","name":"Min yndlings s\u00f8ster."},"8":{"hidden":"08","name":"Perversionens daglige liv"},"6":{"hidden":"06","name":"Forholdet til Amane"},"15":{"hidden":"15","name":"Det er sjovt."},"5":{"hidden":"05","name":"invitation"},"23":{"hidden":"SLUT1","name":"SLUT \"Ame Furi"},"35":{"hidden":"SLUT6","name":"END \"Slutningen af l\u00f8bet: ......"},"11":{"hidden":"11","name":"Hvad jeg tror p\u00e5 ..."},"26":{"hidden":"SLUT2","name":"END \"T\u00e5rer af regn"},"36":{"hidden":"Hemmelig SLUT","name":"SLUT \"Nyt opkaldsregn\"."},"16":{"hidden":"16","name":"S\u00e5 jeg er den eneste, der er gal?"},"25":{"hidden":"24","name":"regn falder p\u00e5 et tidspunkt med sorg"},"4":{"hidden":"04","name":"ven"},"22":{"hidden":"22","name":"slip af tungen"},"12":{"hidden":"12","name":"barbaritetshandling"},"18":{"hidden":"18","name":"Stenen der begyndte at rulle."},"21":{"hidden":"21","name":"Amane switch"},"1":{"hidden":"01","name":"Den nye elev ..."},"0":{"hidden":"00","name":"Amane"},"7":{"hidden":"07","name":"v\u00e6re fuld af huller"},"17":{"hidden":"17","name":"valg"},"32":{"hidden":"28","name":"anerkendelse af retten til jordbesiddelse (af shogunatet, en feudalherre osv.)"},"24":{"hidden":"23","name":"Jeg t\u00e6nkte p\u00e5 dig."},"9":{"hidden":"09","name":"tandhjul"},"19":{"hidden":"19","name":"Hvordan skete dette?"},"30":{"hidden":"27","name":"fri vilje"},"10":{"hidden":"10","name":"snigmorder"},"14":{"hidden":"14","name":"midlertidig ro i sindet"},"3":{"hidden":"03","name":"Amane og regn"},"31":{"hidden":"SLUT4","name":"SLUT \"Slutningen af overfald: ..."},"2":{"hidden":"02","name":"Lykkelig tid"},"28":{"hidden":"26","name":"forfatning (fysisk)"},"13":{"hidden":"13","name":"Nu er vi sammen."},"33":{"hidden":"29","name":"anst\u00e6ndig"},"20":{"hidden":"20","name":"d\u00f8ende \u00f8jeblikke"}},"/img/720p/bg/ED0006_a.ui":{"rootdata":{"0":{"1":"produktion","2":"Ride On Works, Inc."}}},"/ui/720p/extra/soundpage.ui":{"rootdata":{"0":{"0":"lyd"}}},"/ui/common/title/btn_start.ui":{"rootdata":{"0":"Start"}},"/img/720p/bg/ED0007_a.ui":{"rootdata":{"0":{"1":"fin"}}},"/img/1080p/bg/ED0002_a.ui":{"rootdata":{"0":{"1":"fremstille","2":"Pingvin","3":"Ryusei"}}},"/ui/common/ui/btn_back.ui":{"rootdata":{"2":"tilbage"}},"/ui/common/title/btn_load.ui":{"rootdata":{"0":"belastning"}},"/ui/720p/language/language.ui":{"rootdata":{"1":"Sprog"}},"/ui/common/extra/achieve.ui":{"rootdata":{"1":"pr\u00e6stationsrate"}},"/ui/720p/talk/log.ui":{"rootdata":{"0":{"1":"Eftersl\u00e6b"}}},"/img/1080p/bg/ED0000_a.ui":{"rootdata":{"0":{"1":"Original id\u00e9, Black Swan, \"Amane Switch\""}}},"/img/720p/bg/ED0004_a.ui":{"rootdata":{"0":{"1":"omfattende produktion","2":"Bushi"}}},"/ui/720p/extra/scenepage.ui":{"rootdata":{"0":{"0":"scene"}}},"/ui/1080p/extra/soundpage.ui":{"rootdata":{"0":{"0":"lyd"}}},"/img/1080p/bg/ED0004_a.ui":{"rootdata":{"0":{"1":"omfattende produktion","2":"Bushi"}}},"/ui/common/extra/btn_thumbnail.ui":{"rootdata":{"0":{"1":"Ingen data"}}},"/ui/common/title/btn_config.ui":{"rootdata":{"0":"Konfig"}},"/img/720p/bg/ED0002_a.ui":{"rootdata":{"0":{"1":"fremstille","2":"Pingvin","3":"Ryusei"}}},"/img/1080p/bg/ED0005_a.ui":{"rootdata":{"0":{"1":"produktionssamarbejde","2":"Cyber Step Corporation"}}},"/img/720p/bg/ED0005_a.ui":{"rootdata":{"0":{"1":"produktionssamarbejde","2":"Cyber Step Corporation"}}},"/ui/common/extra/btn_cg.ui":{"rootdata":{"2":"CG"}},"/ui/1080p/language/language.ui":{"rootdata":{"1":"Sprog"}},"/ui/common/config/btn_system.ui":{"rootdata":{"2":"system"}},"/ui/1080p/storage/storage.ui":{"rootdata":{"1":"Gemme"}},"/img/1080p/bg/ED0006_a.ui":{"rootdata":{"0":{"1":"produktion","2":"Ride On Works, Inc."}}},"/ui/720p/extra/routepage.ui":{"rootdata":{"0":{"0":"scene"}}},"bgm":{"insecurity":{"label":"melankoli"},"eye1":{"label":"pytter v\u00e6k"},"h1":{"label":"krusning"},"rain":{"label":"kold vind"},"sys":{"label":"Stille s\u00f8"},"eye2":{"label":"overskyet himmel (vejr)"},"sir":{"label":"fortvivlelse"},"op":{"label":"Amane"},"ed":{"label":"Smelt ind i den brede himmel"},"healing":{"label":"r\u00f8re ved (en persons) hjerte"},"danger":{"label":"v\u00e6re n\u00e6rmer sig"},"h2":{"label":"t\u00e5rer"}},"/ui/common/extra/btn_sound.ui":{"rootdata":{"2":"lyd"}},"/ui/1080p/extra/cgpage.ui":{"rootdata":{"0":{"0":"CG"}}},"/img/1080p/bg/ED0001_a.ui":{"rootdata":{"0":{"5":"Shizuku Kizaki:. Uki Nashiki","6":"Yukika Mizushima:. Mei Oshiro","3":"Yoko Minegishi:. Ari Sayama","4":"Izumi Kizaki:. Nemea Iori (Stellar Cycle Campus)","1":"st\u00f8bt","2":"Amane Satonaka:. Kyoko Kuramochi (Stellar Cycle Campus)"}}},"/ui/common/title/btn_extra.ui":{"rootdata":{"0":"Ekstra"}},"/img/720p/bg/ED0003_a.ui":{"rootdata":{"0":{"5":"Kanon Rapipaka","3":"Mekabu Shinonome","4":"Oni MAYUGE","10":"Yui","2":"Tsukimachi Usagi","7":"arp","8":"Minami no Tenjino","6":"Koyo Urami","1":"Genindspilning","9":"Majin Hachimitsu"}}},"/ui/common/extra/btn_scene.ui":{"rootdata":{"2":"scene"}},"/img/720p/bg/ED0001_a.ui":{"rootdata":{"0":{"5":"Shizuku Kizaki:. Uki Nashiki","6":"Yukika Mizushima:. Mei Oshiro","3":"Yoko Minegishi:. Ari Sayama","4":"Izumi Kizaki:. Nemea Iori (Stellar Cycle Campus)","1":"st\u00f8bt","2":"Amane Satonaka:. Kyoko Kuramochi (Stellar Cycle Campus)"}}},"dict":{"title.translate.cancaled":"Downloaden er blevet afbrudt, og sprogindstillingerne initialiseres.","talk.quickload.confirm.yes":"Vi genoptager.","title.continue.confirm.yes":"Vi genoptager.","config.10.0":"lokal","storage.title.save":"Gemme","language.restart":"Vend tilbage til titelsk\u00e6rmen.","config.6":"meddelelsesvindues gennemsigtighed","title.continue.confirm":"Vil du genstarte fra en gemt scene?","title.continue.nodata":"Der er ingen gemme data.","storage.date":"Dato:","config.1":"baggrunds musik","config.8.0":"lokal","extra.scene.confirm":"Vil du starte med denne scene?","title.translate.confirm.yes":"Hent","title.translate.confirm":"Download de opdateringsfiler, der er n\u00f8dvendige for at starte spillet p\u00e5 %s .","common.dialog.message.exit.yes":"Afslut.","common.dialog.btn.no":"afbestille","language.confirm.yes":"Lave om.","config.10.1":"v\u00e6re v\u00e6rd","storage.label.none":"Ingen data","language.confirm":"Vil du \u00e6ndre det sprog, du bruger, til %s ?","config.10":"Skift farve p\u00e5 allerede l\u00e6ste s\u00e6tninger","storage.title.load":"belastning","config.5":"Auto mode hastighed","config.7.all":"alle","config.8":"Spring forts\u00e6ttelsen over efter valg","config.9.1":"v\u00e6re v\u00e6rd","common.dialog.btn.yes":"Okay","config.tab.system":"system","extra.cg.dialog.page":"%d / %d","common.dialog.message.save.yes":"Gemme","common.dialog.message.load.yes":"belastning","common.dialog.message.save":"Vil du gemme det?","config.7.read":"L\u00e6s kun","config.3":"STEMME","config.9.0":"lokal","config.reset.confirm.yes":"Initialiser.","talk.quickload.confirm":"Vil du genstarte fra en gemt scene?","config.tab.sound":"LYD","talk.quicksave.message":"Du har gemt spillet. Du kan genoptage fra den aktuelle scene.","config.4":"tegnvisningshastighed","config.reset.confirm":"Vil du initialisere indstillingerne?","common.dialog.message.download":"Downloades.","title.translate.notallowed":"Initialiser sprogindstillingerne, fordi de n\u00f8dvendige filer mangler.","storage.date.none":"----/-/--:-","common.dialog.btn.cancel":"afbrydelse","language.error.2":"Du har ikke adgang til serveren.","config.7":"spring -tilstand","language.error.1":"Serveren er under vedligeholdelse.","config.9":"Auto mode forts\u00e6ttelse efter valg","common.dialog.message.title":"Vil du vende tilbage til titelsk\u00e6rmen?","extra.scene.confirm.yes":"Igangs\u00e6tte.","common.dialog.message.load":"Vil du indl\u00e6se?","common.dialog.message.title.yes":"Til titlen","config.2":"SE","config.8.1":"v\u00e6re v\u00e6rd","title.translate.failed":"Initialiser sprogindstillingerne, fordi overf\u00f8rslen mislykkedes.","common.dialog.message.exit":"Vil du afslutte spillet?","language.error.255":"Serveren er ikke tilg\u00e6ngelig."},"/ui/common/config/btn_sound.ui":{"rootdata":{"2":"lyd"}},"/ui/common/ui/btn_title.ui":{"rootdata":{"2":"titel"}},"/ui/720p/storage/storage.ui":{"rootdata":{"1":"Gemme"}},"/ui/common/storage/datum.ui":{"rootdata":{"3":{"1":"Ingen data"}}},"/ui/720p/config/config.ui":{"rootdata":{"1":"system"}},"/ui/common/title/btn_language.ui":{"rootdata":{"0":"Sprog"}}}