{"/ui/1080p/talk/log.ui":{"rootdata":{"0":{"1":"BackLog"}}},"/ui/common/config/btn_reset.ui":{"rootdata":{"2":"C\u00e0i l\u1ea1i"}},"/ui/1080p/extra/scenepage.ui":{"rootdata":{"0":{"0":"b\u1ed1i c\u1ea3nh"}}},"/img/1080p/bg/ED0003_a.ui":{"rootdata":{"0":{"5":"Kanon Rapipaka","3":"Mekabu Shinonome","4":"Oni MAYUGE","10":"Yui","2":"Tsukimachi Usagi","7":"arp","8":"Minami no Tenjino","6":"Koyo Urami","1":"L\u00e0m l\u1ea1i nh\u00e2n vi\u00ean","9":"Majin Hachimitsu"}}},"/img/720p/bg/ED0000_a.ui":{"rootdata":{"0":{"1":"\u00dd t\u01b0\u1edfng ban \u0111\u1ea7u, Black Swan, \"Amane Switch\""}}},"/ui/1080p/config/config.ui":{"rootdata":{"1":"h\u1ec7 th\u1ed1ng"}},"/ui/common/title/btn_continue.ui":{"rootdata":{"0":"Ti\u1ebfp t\u1ee5c"}},"/img/1080p/bg/ED0007_a.ui":{"rootdata":{"0":{"1":"v\u00e2y"}}},"/ui/common/ui/btn_exit.ui":{"rootdata":{"2":"l\u1ed1i ra"}},"character":{"1st_grade":"h\u1ecdc sinh n\u0103m nh\u1ea5t","cat":"con m\u00e8o","female_student2":"N\u1eef sinh 2","police_officer":"c\u1ea3nh s\u00e1t","friend":"b\u1ea1n b\u00e8","doctor":"b\u00e1c s\u0129","teacher":"gi\u00e1o vi\u00ean (l\u1edbp h\u1ecdc)","amane":"Amane","female":"\u0111\u00e0n b\u00e0","amane_with_mother":"M\u1eb9. Amane","pe_teacher":"gi\u00e1o vi\u00ean th\u1ec3 d\u1ee5c","director":"tr\u01b0\u1edfng c\u00e2u l\u1ea1c b\u1ed9 (tr\u01b0\u1eddng h\u1ecdc)","theater_tirector":"tr\u01b0\u1edfng khoa k\u1ecbch","School_principal":"hi\u1ec7u tr\u01b0\u1edfng","theater_member":"th\u00e0nh vi\u00ean c\u1ee7a m\u1ed9t \u0111o\u00e0n k\u1ecbch","police_officer2":"C\u1ea3nh s\u00e1t 2","nurse":"y t\u00e1 \u0111\u00e3 \u0111\u0103ng k\u00fd","yukika":"Yukika","teacher1":"Gi\u00e1o vi\u00ean 1","hospital_officials":"nh\u00e2n vi\u00ean b\u1ec7nh vi\u1ec7n","soccer_member":"c\u00e2u l\u1ea1c b\u1ed9 b\u00f3ng \u0111\u00e1","store_manager":"Ng\u01b0\u1eddi qu\u1ea3n l\u00fd c\u1eeda h\u00e0ng","3rd_grade":"Sinh vi\u00ean n\u0103m th\u1ee9 ba","unknown":"G\u00ec?","wet_woman":"Ng\u00e2m ng\u01b0\u1eddi ph\u1ee5 n\u1eef \u01b0\u1edbt","police_officer3":"C\u1ea3nh s\u00e1t vi\u00ean 3.","4heroines":"Yoko & Izumi & Shizuku & Yukika","female_student":"n\u1eef sinh","Students":"sinh vi\u00ean","literary_club_Director":"tr\u01b0\u1edfng khoa v\u0103n h\u1ecdc","part_time_job":"byte","youko":"Yoko","male":"gi\u1edbi t\u00ednh nam","children":"tr\u1ebb em","youhei":"Yohei","Audiovisual_committee":"th\u00e0nh vi\u00ean \u1ee7y ban t\u01b0\u1edbc c\u1ea3m gi\u00e1c","male_student":"h\u1ecdc sinh nam","izumi":"Izumi","child":"b\u1ecdn tr\u1ebb","male_student2":"Nam sinh 2","hospital_officials2":"Nh\u00e2n vi\u00ean b\u1ec7nh vi\u1ec7n 2","police_officer1":"C\u1ea3nh s\u00e1t vi\u00ean 1","classmate":"b\u1ea1n c\u00f9ng l\u1edbp","member2":"Th\u00e0nh vi\u00ean 2.","athletics_member":"th\u00e0nh vi\u00ean c\u00e2u l\u1ea1c b\u1ed9 \u0111i\u1ec1n kinh","male_student1":"Nam sinh 1","resident":"c\u01b0 d\u00e2n","homeroom_teacher":"gi\u00e1o vi\u00ean ch\u1ee7 nhi\u1ec7m","father":"cha","police_officer4":"C\u1ea3nh s\u00e1t vi\u00ean 4.","literary_club_member":"m\u1ed9t th\u00e0nh vi\u00ean v\u0103n h\u1ecdc c\u1ee7a nh\u00e2n vi\u00ean","customer":"kh\u00e1ch h\u00e0ng","softball_member":"b\u1ed9 ph\u1eadn ph\u1ea7n m\u1ec1m","baseball_member":"c\u00e2u l\u1ea1c b\u1ed9 b\u00f3ng ch\u00e0y (t\u1ee9c l\u00e0 \u0111\u1ed9i b\u00f3ng ch\u00e0y c\u1ee7a m\u1ed9t tr\u01b0\u1eddng \u0111\u1ea1i h\u1ecdc, t\u1eadp \u0111o\u00e0n, v.v.)","male_student3":"Nam sinh 3","news_caster":"b\u00ecnh lu\u1eadn vi\u00ean","teacher4":"Gi\u00e1o vi\u00ean B\u1ed1n.","shizuku":"Shizuku","vice-president":"ph\u00f3 ch\u1ee7 t\u1ecbch (c\u1ee7a c\u00e2u l\u1ea1c b\u1ed9 ho\u1eb7c t\u1ed5 ch\u1ee9c, \u0111o\u00e0n th\u1ec3)","member1":"Th\u00e0nh vi\u00ean 1","teacher3":"Th\u1ea7y Ba.","shinzi":"Shinji","sales_clerk":"nh\u00e2n vi\u00ean b\u00e1n h\u00e0ng","female_student1":"N\u1eef sinh 1","mother":"m\u1eb9","father_in_law":"b\u1ed1 ch\u1ed3ng ho\u1eb7c b\u1ed1 v\u1ee3","hospital_officials1":"Nh\u00e2n vi\u00ean b\u1ec7nh vi\u1ec7n 1","member3":"Th\u00e0nh vi\u00ean 3.","teacher2":"Gi\u00e1o vi\u00ean 2"},"/ui/720p/extra/cgpage.ui":{"rootdata":{"0":{"0":"CG"}}},"/ui/1080p/extra/routepage.ui":{"rootdata":{"0":{"0":"b\u1ed1i c\u1ea3nh"}}},"scene":{"34":{"hidden":"H\u1ebeT5","name":"H\u1ebeT 'C\u0103n b\u1ec7nh v\u00f4 ph\u01b0\u01a1ng c\u1ee9u ch\u1eefa'"},"29":{"hidden":"H\u1ebeT 3","name":"END \"l\u1ea1i m\u01b0a n\u1eefa"},"27":{"hidden":"25","name":"Em g\u00e1i y\u00eau th\u00edch c\u1ee7a t\u00f4i."},"8":{"hidden":"08","name":"Cu\u1ed9c s\u1ed1ng tr\u1ee5y l\u1ea1c h\u00e0ng ng\u00e0y"},"6":{"hidden":"06","name":"M\u1ed1i quan h\u1ec7 v\u1edbi Amane"},"15":{"hidden":"15","name":"Th\u1eadt l\u00e0 bu\u1ed3n c\u01b0\u1eddi."},"5":{"hidden":"05","name":"Th\u01b0 m\u1eddi"},"23":{"hidden":"H\u1ebeT1","name":"H\u1ebeT \"Ame Furi"},"35":{"hidden":"H\u1ebeT 6","name":"K\u1ebeT TH\u00daC \"Ph\u1ea7n cu\u1ed1i c\u1ee7a cu\u1ed9c ch\u1ea1y: ......"},"11":{"hidden":"11","name":"\u0110i\u1ec1u t\u00f4i tin t\u01b0\u1edfng v\u00e0o ..."},"26":{"hidden":"H\u1ebeT2","name":"K\u1ebeT TH\u00daC \"M\u01b0a N\u01b0\u1edbc M\u1eaft"},"36":{"hidden":"B\u00ed m\u1eadt K\u1ebeT TH\u00daC","name":"K\u1ebeT TH\u00daC \"M\u01b0a G\u1ecdi M\u1edbi\"."},"16":{"hidden":"16","name":"V\u1eady t\u00f4i l\u00e0 ng\u01b0\u1eddi duy nh\u1ea5t b\u1ecb \u0111i\u00ean?"},"25":{"hidden":"24","name":"m\u01b0a r\u01a1i l\u00fac bu\u1ed3n"},"4":{"hidden":"04","name":"b\u1ea1n b\u00e8"},"22":{"hidden":"22","name":"l\u01b0\u1ee1i tr\u01b0\u1ee3t"},"12":{"hidden":"12","name":"h\u00e0nh \u0111\u1ed9ng man r\u1ee3"},"18":{"hidden":"18","name":"Vi\u00ean \u0111\u00e1 b\u1eaft \u0111\u1ea7u l\u0103n."},"21":{"hidden":"21","name":"C\u00f4ng t\u1eafc amane"},"1":{"hidden":"01","name":"H\u1ecdc sinh m\u1edbi..."},"0":{"hidden":"00","name":"Amane"},"7":{"hidden":"07","name":"\u0111\u1ea7y l\u1ed7"},"17":{"hidden":"17","name":"s\u1ef1 l\u1ef1a ch\u1ecdn"},"32":{"hidden":"28","name":"c\u00f4ng nh\u1eadn quy\u1ec1n s\u1edf h\u1eefu ru\u1ed9ng \u0111\u1ea5t (c\u1ee7a M\u1ea1c ph\u1ee7, l\u00e3nh ch\u00faa phong ki\u1ebfn, v.v.)"},"24":{"hidden":"23","name":"T\u00f4i \u0111\u00e3 ngh\u0129 v\u1ec1 b\u1ea1n."},"9":{"hidden":"09","name":"b\u00e1nh r\u0103ng c\u01b0a"},"19":{"hidden":"19","name":"L\u00e0m sao chuy\u1ec7n n\u00e0y l\u1ea1i x\u1ea3y ra?"},"30":{"hidden":"27","name":"\u00fd ch\u00ed t\u1ef1 do"},"10":{"hidden":"10","name":"k\u1ebb \u00e1m s\u00e1t"},"14":{"hidden":"14","name":"t\u1ea1m th\u1eddi y\u00ean t\u00e2m"},"3":{"hidden":"03","name":"Amane v\u00e0 m\u01b0a"},"31":{"hidden":"H\u1ebeT 4","name":"H\u1ebeT \"The End of Assault: ......"},"2":{"hidden":"02","name":"Th\u1eddi gian h\u1ea1nh ph\u00fac"},"28":{"hidden":"26","name":"hi\u1ebfn ph\u00e1p (v\u1eadt l\u00fd)"},"13":{"hidden":"13","name":"B\u00e2y gi\u1edd ch\u00fang ta \u0111ang \u1edf b\u00ean nhau."},"33":{"hidden":"29","name":"t\u1eed t\u1ebf"},"20":{"hidden":"20","name":"nh\u1eefng kho\u1ea3nh kh\u1eafc ch\u1ebft ch\u00f3c"}},"/img/720p/bg/ED0006_a.ui":{"rootdata":{"0":{"1":"s\u1ea3n xu\u1ea5t","2":"Ride On Works, Inc."}}},"/ui/720p/extra/soundpage.ui":{"rootdata":{"0":{"0":"\u00e2m thanh"}}},"/ui/common/title/btn_start.ui":{"rootdata":{"0":"b\u1eaft \u0111\u1ea7u"}},"/img/720p/bg/ED0007_a.ui":{"rootdata":{"0":{"1":"v\u00e2y"}}},"/img/1080p/bg/ED0002_a.ui":{"rootdata":{"0":{"1":"s\u1ea3n xu\u1ea5t","2":"Chim c\u00e1nh c\u1ee5t","3":"Ryusei"}}},"/ui/common/ui/btn_back.ui":{"rootdata":{"2":"m\u1eb7t sau"}},"/ui/common/title/btn_load.ui":{"rootdata":{"0":"tr\u1ecdng t\u1ea3i"}},"/ui/720p/language/language.ui":{"rootdata":{"1":"Ng\u00f4n ng\u1eef"}},"/ui/common/extra/achieve.ui":{"rootdata":{"1":"t\u1ef7 l\u1ec7 th\u00e0nh t\u00edch"}},"/ui/720p/talk/log.ui":{"rootdata":{"0":{"1":"BackLog"}}},"/img/1080p/bg/ED0000_a.ui":{"rootdata":{"0":{"1":"\u00dd t\u01b0\u1edfng ban \u0111\u1ea7u, Black Swan, \"Amane Switch\""}}},"/img/720p/bg/ED0004_a.ui":{"rootdata":{"0":{"1":"s\u1ea3n xu\u1ea5t to\u00e0n di\u1ec7n","2":"Bushi"}}},"/ui/720p/extra/scenepage.ui":{"rootdata":{"0":{"0":"b\u1ed1i c\u1ea3nh"}}},"/ui/1080p/extra/soundpage.ui":{"rootdata":{"0":{"0":"\u00e2m thanh"}}},"/img/1080p/bg/ED0004_a.ui":{"rootdata":{"0":{"1":"s\u1ea3n xu\u1ea5t to\u00e0n di\u1ec7n","2":"Bushi"}}},"/ui/common/extra/btn_thumbnail.ui":{"rootdata":{"0":{"1":"Kh\u00f4ng c\u00f3 d\u1eef li\u1ec7u"}}},"/ui/common/title/btn_config.ui":{"rootdata":{"0":"C\u1ea5u h\u00ecnh"}},"/img/720p/bg/ED0002_a.ui":{"rootdata":{"0":{"1":"s\u1ea3n xu\u1ea5t","2":"Chim c\u00e1nh c\u1ee5t","3":"Ryusei"}}},"/img/1080p/bg/ED0005_a.ui":{"rootdata":{"0":{"1":"h\u1ee3p t\u00e1c s\u1ea3n xu\u1ea5t","2":"Cyber Step Corporation"}}},"/img/720p/bg/ED0005_a.ui":{"rootdata":{"0":{"1":"h\u1ee3p t\u00e1c s\u1ea3n xu\u1ea5t","2":"Cyber Step Corporation"}}},"/ui/common/extra/btn_cg.ui":{"rootdata":{"2":"CG"}},"/ui/1080p/language/language.ui":{"rootdata":{"1":"Ng\u00f4n ng\u1eef"}},"/ui/common/config/btn_system.ui":{"rootdata":{"2":"h\u1ec7 th\u1ed1ng"}},"/ui/1080p/storage/storage.ui":{"rootdata":{"1":"C\u1ee9u"}},"/img/1080p/bg/ED0006_a.ui":{"rootdata":{"0":{"1":"s\u1ea3n xu\u1ea5t","2":"Ride On Works, Inc."}}},"/ui/720p/extra/routepage.ui":{"rootdata":{"0":{"0":"b\u1ed1i c\u1ea3nh"}}},"bgm":{"insecurity":{"label":"s\u1ea7u mu\u1ed9n"},"eye1":{"label":"v\u0169ng n\u01b0\u1edbc"},"h1":{"label":"g\u1ee3n s\u00f3ng"},"rain":{"label":"gi\u00f3 l\u1ea1nh"},"sys":{"label":"H\u1ed3 y\u00ean t\u0129nh"},"eye2":{"label":"b\u1ea7u tr\u1eddi nhi\u1ec1u m\u00e2y (th\u1eddi ti\u1ebft)"},"sir":{"label":"tuy\u1ec7t v\u1ecdng"},"op":{"label":"Amane"},"ed":{"label":"Tan v\u00e0o b\u1ea7u tr\u1eddi r\u1ed9ng l\u1edbn"},"healing":{"label":"ch\u1ea1m v\u00e0o tr\u00e1i tim (c\u1ee7a m\u1ed9t ng\u01b0\u1eddi)"},"danger":{"label":"\u0111ang \u0111\u1ebfn g\u1ea7n"},"h2":{"label":"nh\u1eefng gi\u1ecdt n\u01b0\u1edbc m\u1eaft"}},"/ui/common/extra/btn_sound.ui":{"rootdata":{"2":"\u00e2m thanh"}},"/ui/1080p/extra/cgpage.ui":{"rootdata":{"0":{"0":"CG"}}},"/img/1080p/bg/ED0001_a.ui":{"rootdata":{"0":{"5":"Shizuku Kizaki:. Uki Nashiki","6":"Yukika Mizushima:. Mei Oshiro","3":"Yoko Minegishi:. Ari Sayama","4":"Izumi Kizaki:. Nemea Iori (Khu\u00f4n vi\u00ean Chu k\u1ef3 Sao)","1":"d\u00e0n di\u1ec5n vi\u00ean","2":"Amane Satonaka:. Kyoko Kuramochi (Khu\u00f4n vi\u00ean Chu k\u1ef3 Sao)"}}},"/ui/common/title/btn_extra.ui":{"rootdata":{"0":"Ph\u1ee5"}},"/img/720p/bg/ED0003_a.ui":{"rootdata":{"0":{"5":"Kanon Rapipaka","3":"Mekabu Shinonome","4":"Oni MAYUGE","10":"Yui","2":"Tsukimachi Usagi","7":"arp","8":"Minami no Tenjino","6":"Koyo Urami","1":"L\u00e0m l\u1ea1i nh\u00e2n vi\u00ean","9":"Majin Hachimitsu"}}},"/ui/common/extra/btn_scene.ui":{"rootdata":{"2":"b\u1ed1i c\u1ea3nh"}},"/img/720p/bg/ED0001_a.ui":{"rootdata":{"0":{"5":"Shizuku Kizaki:. Uki Nashiki","6":"Yukika Mizushima:. Mei Oshiro","3":"Yoko Minegishi:. Ari Sayama","4":"Izumi Kizaki:. Nemea Iori (Khu\u00f4n vi\u00ean Chu k\u1ef3 Sao)","1":"d\u00e0n di\u1ec5n vi\u00ean","2":"Amane Satonaka:. Kyoko Kuramochi (Khu\u00f4n vi\u00ean Chu k\u1ef3 Sao)"}}},"dict":{"title.translate.cancaled":"Qu\u00e1 tr\u00ecnh t\u1ea3i xu\u1ed1ng \u0111\u00e3 b\u1ecb gi\u00e1n \u0111o\u1ea1n v\u00e0 c\u00e0i \u0111\u1eb7t ng\u00f4n ng\u1eef \u0111\u01b0\u1ee3c kh\u1edfi ch\u1ea1y.","talk.quickload.confirm.yes":"Ch\u00fang t\u00f4i s\u1ebd ti\u1ebfp t\u1ee5c.","title.continue.confirm.yes":"Ch\u00fang t\u00f4i s\u1ebd ti\u1ebfp t\u1ee5c.","config.10.0":"\u0111\u1ecba ph\u01b0\u01a1ng","storage.title.save":"C\u1ee9u","language.restart":"Quay l\u1ea1i m\u00e0n h\u00ecnh ti\u00eau \u0111\u1ec1.","config.6":"c\u1eeda s\u1ed5 tin nh\u1eafn minh b\u1ea1ch","title.continue.confirm":"B\u1ea1n c\u00f3 mu\u1ed1n kh\u1edfi \u0111\u1ed9ng l\u1ea1i t\u1eeb m\u1ed9t c\u1ea3nh \u0111\u00e3 l\u01b0u kh\u00f4ng?","title.continue.nodata":"Kh\u00f4ng c\u00f3 d\u1eef li\u1ec7u l\u01b0u.","storage.date":"Ng\u00e0y th\u00e1ng :","config.1":"nh\u1ea1c n\u1ec1n","config.8.0":"\u0111\u1ecba ph\u01b0\u01a1ng","extra.scene.confirm":"B\u1ea1n c\u00f3 mu\u1ed1n b\u1eaft \u0111\u1ea7u v\u1edbi c\u1ea3nh n\u00e0y kh\u00f4ng?","title.translate.confirm.yes":"T\u1ea3i xu\u1ed1ng","title.translate.confirm":"T\u1ea3i xu\u1ed1ng c\u00e1c t\u1ec7p c\u1eadp nh\u1eadt c\u1ea7n thi\u1ebft \u0111\u1ec3 b\u1eaft \u0111\u1ea7u tr\u00f2 ch\u01a1i t\u1ea1i %s .","common.dialog.message.exit.yes":"L\u1ed1i ra.","common.dialog.btn.no":"s\u1ef1 h\u1ee7y b\u1ecf","language.confirm.yes":"Bi\u1ebfn \u0111\u1ed5i.","config.10.1":"Hay tr\u01a1\u0309 n\u00ean co ich","storage.label.none":"Kh\u00f4ng c\u00f3 d\u1eef li\u1ec7u","language.confirm":"B\u1ea1n c\u00f3 mu\u1ed1n thay \u0111\u1ed5i ng\u00f4n ng\u1eef b\u1ea1n s\u1eed d\u1ee5ng th\u00e0nh %s kh\u00f4ng?","config.10":"Thay \u0111\u1ed5i m\u00e0u c\u1ee7a c\u00e1c c\u00e2u \u0111\u00e3 \u0111\u1ecdc","storage.title.load":"tr\u1ecdng t\u1ea3i","config.5":"T\u1ed1c \u0111\u1ed9 ch\u1ebf \u0111\u1ed9 t\u1ef1 \u0111\u1ed9ng","config.7.all":"t\u1ea5t c\u1ea3 c\u00e1c","config.8":"B\u1ecf qua ti\u1ebfp t\u1ee5c sau khi l\u1ef1a ch\u1ecdn","config.9.1":"Hay tr\u01a1\u0309 n\u00ean co ich","common.dialog.btn.yes":"V\u00c2NG","config.tab.system":"h\u1ec7 th\u1ed1ng","extra.cg.dialog.page":"%d / %d","common.dialog.message.save.yes":"c\u1ee9u","common.dialog.message.load.yes":"tr\u1ecdng t\u1ea3i","common.dialog.message.save":"B\u1ea1n c\u00f3 mu\u1ed1n l\u01b0u n\u00f3 kh\u00f4ng?","config.7.read":"ch\u1ec9 \u0111\u1ecdc","config.3":"TI\u1ebeNG N\u00d3I","config.9.0":"\u0111\u1ecba ph\u01b0\u01a1ng","config.reset.confirm.yes":"Kh\u1edfi t\u1ea1o.","talk.quickload.confirm":"B\u1ea1n c\u00f3 mu\u1ed1n kh\u1edfi \u0111\u1ed9ng l\u1ea1i t\u1eeb m\u1ed9t c\u1ea3nh \u0111\u00e3 l\u01b0u kh\u00f4ng?","config.tab.sound":"\u00c2M THANH","talk.quicksave.message":"B\u1ea1n \u0111\u00e3 l\u01b0u tr\u00f2 ch\u01a1i. B\u1ea1n c\u00f3 th\u1ec3 ti\u1ebfp t\u1ee5c t\u1eeb c\u1ea3nh hi\u1ec7n t\u1ea1i.","config.4":"t\u1ed1c \u0111\u1ed9 hi\u1ec3n th\u1ecb k\u00fd t\u1ef1","config.reset.confirm":"B\u1ea1n c\u00f3 mu\u1ed1n kh\u1edfi t\u1ea1o c\u00e0i \u0111\u1eb7t kh\u00f4ng?","common.dialog.message.download":"\u0110ang t\u1ea3i xu\u1ed1ng.","title.translate.notallowed":"Kh\u1edfi t\u1ea1o c\u00e0i \u0111\u1eb7t ng\u00f4n ng\u1eef v\u00ec thi\u1ebfu c\u00e1c t\u1ec7p b\u1eaft bu\u1ed9c.","storage.date.none":"---- / - / - -: -","common.dialog.btn.cancel":"s\u1ef1 gi\u00e1n \u0111o\u1ea1n","language.error.2":"B\u1ea1n kh\u00f4ng \u0111\u01b0\u1ee3c ph\u00e9p truy c\u1eadp v\u00e0o m\u00e1y ch\u1ee7.","config.7":"b\u1ecf qua ch\u1ebf \u0111\u1ed9","language.error.1":"M\u00e1y ch\u1ee7 \u0111ang \u0111\u01b0\u1ee3c b\u1ea3o tr\u00ec.","config.9":"Ti\u1ebfp t\u1ee5c ch\u1ebf \u0111\u1ed9 t\u1ef1 \u0111\u1ed9ng sau khi ch\u1ecdn","common.dialog.message.title":"B\u1ea1n c\u00f3 mu\u1ed1n quay l\u1ea1i m\u00e0n h\u00ecnh ti\u00eau \u0111\u1ec1 kh\u00f4ng?","extra.scene.confirm.yes":"Kh\u1edfi x\u01b0\u1edbng.","common.dialog.message.load":"B\u1ea1n c\u00f3 mu\u1ed1n t\u1ea3i kh\u00f4ng?","common.dialog.message.title.yes":"\u0110\u1ebfn ti\u00eau \u0111\u1ec1","config.2":"SE","config.8.1":"Hay tr\u01a1\u0309 n\u00ean co ich","title.translate.failed":"Kh\u1edfi t\u1ea1o c\u00e0i \u0111\u1eb7t ng\u00f4n ng\u1eef v\u00ec t\u1ea3i xu\u1ed1ng kh\u00f4ng th\u00e0nh c\u00f4ng.","common.dialog.message.exit":"B\u1ea1n c\u00f3 mu\u1ed1n tho\u00e1t kh\u1ecfi tr\u00f2 ch\u01a1i?","language.error.255":"M\u00e1y ch\u1ee7 kh\u00f4ng kh\u1ea3 d\u1ee5ng."},"/ui/common/config/btn_sound.ui":{"rootdata":{"2":"\u00e2m thanh"}},"/ui/common/ui/btn_title.ui":{"rootdata":{"2":"ch\u1ee9c v\u1ee5"}},"/ui/720p/storage/storage.ui":{"rootdata":{"1":"C\u1ee9u"}},"/ui/common/storage/datum.ui":{"rootdata":{"3":{"1":"Kh\u00f4ng c\u00f3 d\u1eef li\u1ec7u"}}},"/ui/720p/config/config.ui":{"rootdata":{"1":"h\u1ec7 th\u1ed1ng"}},"/ui/common/title/btn_language.ui":{"rootdata":{"0":"Ng\u00f4n ng\u1eef"}}}