{"/ui/1080p/talk/log.ui":{"rootdata":{"0":{"1":"BackLog"}}},"/ui/common/config/btn_reset.ui":{"rootdata":{"2":"Reinicializa\u00e7\u00e3o"}},"/ui/1080p/extra/scenepage.ui":{"rootdata":{"0":{"0":"cena"}}},"/img/1080p/bg/ED0003_a.ui":{"rootdata":{"0":{"5":"Kanon Rapipaka","3":"Mekabu Shinonome","4":"Oni MAYUGE","10":"Yui","2":"Tsukimachi Usagi","7":"arp","8":"Minami no Tenjino","6":"Koyo Urami","1":"Remake Staff","9":"Majin Hachimitsu"}}},"/img/720p/bg/ED0000_a.ui":{"rootdata":{"0":{"1":"Ideia original, Cisne Negro, \" Amane Switch\"."}}},"/ui/1080p/config/config.ui":{"rootdata":{"1":"sistema"}},"/ui/common/title/btn_continue.ui":{"rootdata":{"0":"Continuar"}},"/img/1080p/bg/ED0007_a.ui":{"rootdata":{"0":{"1":"aleta"}}},"/ui/common/ui/btn_exit.ui":{"rootdata":{"2":"sa\u00edda"}},"character":{"1st_grade":"aluno de primeiro ano","cat":"gato","female_student2":"F\u00eamea 2","police_officer":"pol\u00edcia","friend":"amigo","doctor":"m\u00e9dico","teacher":"professor (sala de aula)","amane":"Amane","female":"mulher","amane_with_mother":"M\u00e3e. Amane","pe_teacher":"professor de educa\u00e7\u00e3o f\u00edsica","director":"chefe de um clube (escolar)","theater_tirector":"chefe do departamento de teatro","School_principal":"diretor","theater_member":"membro de uma trupe teatral","police_officer2":"Oficial de Pol\u00edcia 2","nurse":"enfermeira registrada","yukika":"Yukika","teacher1":"Professor 1","hospital_officials":"pessoal hospitalar","soccer_member":"clube de futebol","store_manager":"gerente da loja","3rd_grade":"aluno do terceiro ano","unknown":"O qu\u00ea?","wet_woman":"Mulher ensopada e molhada","police_officer3":"Agente de Pol\u00edcia 3.","4heroines":"Yoko & Izumi & Shizuku & Yukika","female_student":"estudante do sexo feminino","Students":"alunos","literary_club_Director":"chefe do departamento liter\u00e1rio","part_time_job":"byte","youko":"Yoko","male":"g\u00eanero masculino","children":"crian\u00e7a","youhei":"Yohei","Audiovisual_committee":"membro do comit\u00ea de priva\u00e7\u00e3o sensorial","male_student":"estudante do sexo masculino","izumi":"Izumi","child":"crian\u00e7as","male_student2":"Estudante do sexo masculino 2","hospital_officials2":"Pessoal hospitalar 2","police_officer1":"Oficial de Pol\u00edcia 1","classmate":"colega de classe","member2":"Membro 2.","athletics_member":"s\u00f3cio do clube de atletismo","male_student1":"Estudante do sexo masculino 1","resident":"residente","homeroom_teacher":"professor universit\u00e1rio","father":"pai","police_officer4":"Oficial de Pol\u00edcia 4.","literary_club_member":"um membro liter\u00e1rio da equipe","customer":"cliente","softball_member":"departamento de software","baseball_member":"clube de beisebol (ou seja, equipe de beisebol de uma universidade, corpora\u00e7\u00e3o, etc.)","male_student3":"Aluno Masculino 3","news_caster":"galheta","teacher4":"Professor Quatro.","shizuku":"Shizuku","vice-president":"vice-presidente (de um clube ou organiza\u00e7\u00e3o, organiza\u00e7\u00e3o)","member1":"Membro 1","teacher3":"Professor Tr\u00eas.","shinzi":"Shinji","sales_clerk":"escriv\u00e3o","female_student1":"F\u00eamea 1","mother":"m\u00e3e","father_in_law":"sogro","hospital_officials1":"Pessoal hospitalar 1","member3":"Membro 3.","teacher2":"Professor 2"},"/ui/720p/extra/cgpage.ui":{"rootdata":{"0":{"0":"CG"}}},"/ui/1080p/extra/routepage.ui":{"rootdata":{"0":{"0":"cena"}}},"scene":{"34":{"hidden":"FIM5","name":"FIM \"A doen\u00e7a que n\u00e3o pode ser curada\"."},"29":{"hidden":"FIM3","name":"FIM \"chuvoso de novo"},"27":{"hidden":"25","name":"A minha irm\u00e3 favorita."},"8":{"hidden":"08","name":"Vida di\u00e1ria de pervers\u00e3o"},"6":{"hidden":"06","name":"Rela\u00e7\u00e3o com Amane"},"15":{"hidden":"15","name":"\u00c9 engra\u00e7ado."},"5":{"hidden":"05","name":"convite"},"23":{"hidden":"FIM1","name":"FIM \"Ame Furi"},"35":{"hidden":"FIM6","name":"FIM \"The End of the Run: ......"},"11":{"hidden":"11","name":"No que eu acredito..."},"26":{"hidden":"FIM2","name":"FIM \"L\u00e1grimas de Chuva"},"36":{"hidden":"FIM secreto","name":"FIM \"Chuva de Nova Chamada\"."},"16":{"hidden":"16","name":"Ent\u00e3o sou o \u00fanico que \u00e9 louco?"},"25":{"hidden":"24","name":"chuva caindo em um momento de tristeza"},"4":{"hidden":"04","name":"amigo"},"22":{"hidden":"22","name":"lapso de l\u00edngua"},"12":{"hidden":"12","name":"acto de barb\u00e1rie"},"18":{"hidden":"18","name":"A pedra que come\u00e7ou a rolar."},"21":{"hidden":"21","name":"Interruptor Amane"},"1":{"hidden":"01","name":"O novo aluno..."},"0":{"hidden":"00","name":"Amane"},"7":{"hidden":"07","name":"estar cheio de buracos"},"17":{"hidden":"17","name":"escolha"},"32":{"hidden":"28","name":"reconhecimento do direito \u00e0 propriedade da terra (pelo xogunato, um senhor feudal, etc.)"},"24":{"hidden":"23","name":"Eu estava a pensar em ti."},"9":{"hidden":"09","name":"roda dentada"},"19":{"hidden":"19","name":"Como \u00e9 que isto aconteceu?"},"30":{"hidden":"27","name":"livre-arb\u00edtrio"},"10":{"hidden":"10","name":"assassino"},"14":{"hidden":"14","name":"paz de esp\u00edrito tempor\u00e1ria"},"3":{"hidden":"03","name":"Amane e a chuva"},"31":{"hidden":"FIM4","name":"FIM \"The End of Assault: ......"},"2":{"hidden":"02","name":"Tempo feliz"},"28":{"hidden":"26","name":"constitui\u00e7\u00e3o (f\u00edsica)"},"13":{"hidden":"13","name":"Agora estamos juntos."},"33":{"hidden":"29","name":"decente"},"20":{"hidden":"20","name":"momentos de morte"}},"/img/720p/bg/ED0006_a.ui":{"rootdata":{"0":{"1":"produ\u00e7\u00e3o","2":"Ride On Works, Inc."}}},"/ui/720p/extra/soundpage.ui":{"rootdata":{"0":{"0":"som"}}},"/ui/common/title/btn_start.ui":{"rootdata":{"0":"in\u00edcio"}},"/img/720p/bg/ED0007_a.ui":{"rootdata":{"0":{"1":"aleta"}}},"/img/1080p/bg/ED0002_a.ui":{"rootdata":{"0":{"1":"produto","2":"Pengin","3":"Ryusei"}}},"/ui/common/ui/btn_back.ui":{"rootdata":{"2":"voltar"}},"/ui/common/title/btn_load.ui":{"rootdata":{"0":"carga"}},"/ui/720p/language/language.ui":{"rootdata":{"1":"Idioma"}},"/ui/common/extra/achieve.ui":{"rootdata":{"1":"taxa de realiza\u00e7\u00e3o"}},"/ui/720p/talk/log.ui":{"rootdata":{"0":{"1":"BackLog"}}},"/img/1080p/bg/ED0000_a.ui":{"rootdata":{"0":{"1":"Ideia original, Cisne Negro, \" Amane Switch\"."}}},"/img/720p/bg/ED0004_a.ui":{"rootdata":{"0":{"1":"produ\u00e7\u00e3o abrangente","2":"Bushi"}}},"/ui/720p/extra/scenepage.ui":{"rootdata":{"0":{"0":"cena"}}},"/ui/1080p/extra/soundpage.ui":{"rootdata":{"0":{"0":"som"}}},"/img/1080p/bg/ED0004_a.ui":{"rootdata":{"0":{"1":"produ\u00e7\u00e3o abrangente","2":"Bushi"}}},"/ui/common/extra/btn_thumbnail.ui":{"rootdata":{"0":{"1":"NoData"}}},"/ui/common/title/btn_config.ui":{"rootdata":{"0":"Config"}},"/img/720p/bg/ED0002_a.ui":{"rootdata":{"0":{"1":"produto","2":"Pengin","3":"Ryusei"}}},"/img/1080p/bg/ED0005_a.ui":{"rootdata":{"0":{"1":"coopera\u00e7\u00e3o na produ\u00e7\u00e3o","2":"Cyber Step Corporation"}}},"/img/720p/bg/ED0005_a.ui":{"rootdata":{"0":{"1":"coopera\u00e7\u00e3o na produ\u00e7\u00e3o","2":"Cyber Step Corporation"}}},"/ui/common/extra/btn_cg.ui":{"rootdata":{"2":"CG"}},"/ui/1080p/language/language.ui":{"rootdata":{"1":"Idioma"}},"/ui/common/config/btn_system.ui":{"rootdata":{"2":"sistema"}},"/ui/1080p/storage/storage.ui":{"rootdata":{"1":"Salvar"}},"/img/1080p/bg/ED0006_a.ui":{"rootdata":{"0":{"1":"produ\u00e7\u00e3o","2":"Ride On Works, Inc."}}},"/ui/720p/extra/routepage.ui":{"rootdata":{"0":{"0":"cena"}}},"bgm":{"insecurity":{"label":"melancolia"},"eye1":{"label":"remoagem"},"h1":{"label":"ondula\u00e7\u00e3o"},"rain":{"label":"vento frio"},"sys":{"label":"Lago Tranq\u00fcilo"},"eye2":{"label":"c\u00e9u nublado (tempo)"},"sir":{"label":"desespero"},"op":{"label":"Amane"},"ed":{"label":"Derreter no amplo c\u00e9u"},"healing":{"label":"tocar (o cora\u00e7\u00e3o de uma pessoa)"},"danger":{"label":"estar se aproximando"},"h2":{"label":"l\u00e1grimas"}},"/ui/common/extra/btn_sound.ui":{"rootdata":{"2":"som"}},"/ui/1080p/extra/cgpage.ui":{"rootdata":{"0":{"0":"CG"}}},"/img/1080p/bg/ED0001_a.ui":{"rootdata":{"0":{"5":"Shizuku Kizaki :. Uki Nashiki","6":"Yukika Mizushima :. Mei Oshiro","3":"Yoko Minegishi :. Ari Sayama","4":"Izumi Kizaki :. Nemea Iori (Campus do Ciclo Stellar)","1":"elenco","2":"Amane Satonaka :. Kyoko Kuramochi (Campus do Ciclo Stellar)"}}},"/ui/common/title/btn_extra.ui":{"rootdata":{"0":"Extra"}},"/img/720p/bg/ED0003_a.ui":{"rootdata":{"0":{"5":"Kanon Rapipaka","3":"Mekabu Shinonome","4":"Oni MAYUGE","10":"Yui","2":"Tsukimachi Usagi","7":"arp","8":"Minami no Tenjino","6":"Koyo Urami","1":"Remake Staff","9":"Majin Hachimitsu"}}},"/ui/common/extra/btn_scene.ui":{"rootdata":{"2":"cena"}},"/img/720p/bg/ED0001_a.ui":{"rootdata":{"0":{"5":"Shizuku Kizaki :. Uki Nashiki","6":"Yukika Mizushima :. Mei Oshiro","3":"Yoko Minegishi :. Ari Sayama","4":"Izumi Kizaki :. Nemea Iori (Campus do Ciclo Stellar)","1":"elenco","2":"Amane Satonaka :. Kyoko Kuramochi (Campus do Ciclo Stellar)"}}},"dict":{"title.translate.cancaled":"O download foi interrompido e as configura\u00e7\u00f5es de idioma foram inicializadas.","talk.quickload.confirm.yes":"Vamos retomar.","title.continue.confirm.yes":"Vamos retomar.","config.10.0":"local","storage.title.save":"Salvar","language.restart":"Volte para a tela de t\u00edtulo.","config.6":"transpar\u00eancia da janela de mensagens","title.continue.confirm":"Quer recome\u00e7ar a partir de uma cena salva?","title.continue.nodata":"N\u00e3o h\u00e1 dados de grava\u00e7\u00e3o.","storage.date":"Data :","config.1":"m\u00fasica de fundo","config.8.0":"local","extra.scene.confirm":"Queres come\u00e7ar com esta cena?","title.translate.confirm.yes":"baixar","title.translate.confirm":"Baixe os arquivos de atualiza\u00e7\u00e3o necess\u00e1rios para iniciar o jogo em %s.","common.dialog.message.exit.yes":"Saia.","common.dialog.btn.no":"cancelar","language.confirm.yes":"Mudan\u00e7a.","config.10.1":"valer a pena","storage.label.none":"Sem dados","language.confirm":"Voc\u00ea quer mudar o idioma que usa para %s?","config.10":"Mudar a cor das frases j\u00e1 lidas","storage.title.load":"carga","config.5":"Velocidade do modo autom\u00e1tico","config.7.all":"todos","config.8":"Pular a continua\u00e7\u00e3o ap\u00f3s a escolha","config.9.1":"valer a pena","common.dialog.btn.yes":"OK","config.tab.system":"sistema","extra.cg.dialog.page":"%d / %d","common.dialog.message.save.yes":"salvar","common.dialog.message.load.yes":"carga","common.dialog.message.save":"Queres salv\u00e1-lo?","config.7.read":"apenas leitura","config.3":"VOZ","config.9.0":"local","config.reset.confirm.yes":"Inicializar.","talk.quickload.confirm":"Quer recome\u00e7ar a partir de uma cena salva?","config.tab.sound":"SOM","talk.quicksave.message":"Voc\u00ea salvou o jogo.\nVoc\u00ea pode retomar a partir da cena atual.","config.4":"velocidade de exibi\u00e7\u00e3o de caracteres","config.reset.confirm":"Voc\u00ea quer inicializar as configura\u00e7\u00f5es?","common.dialog.message.download":"A descarregar.","title.translate.notallowed":"Inicializar as configura\u00e7\u00f5es de idioma porque os arquivos necess\u00e1rios est\u00e3o faltando.","storage.date.none":"----/--/-- --:--","common.dialog.btn.cancel":"interrup\u00e7\u00e3o","language.error.2":"Voc\u00ea n\u00e3o est\u00e1 autorizado a acessar o servidor.","config.7":"modo pular","language.error.1":"O servidor est\u00e1 em manuten\u00e7\u00e3o.","config.9":"Continua\u00e7\u00e3o do modo autom\u00e1tico ap\u00f3s a sele\u00e7\u00e3o","common.dialog.message.title":"Quer voltar para o ecr\u00e3 do t\u00edtulo?","extra.scene.confirm.yes":"Iniciar.","common.dialog.message.load":"Queres carregar?","common.dialog.message.title.yes":"Para o t\u00edtulo","config.2":"SE","config.8.1":"valer a pena","title.translate.failed":"Inicialize as configura\u00e7\u00f5es de idioma porque o download falhou.","common.dialog.message.exit":"Queres desistir do jogo?","language.error.255":"O servidor est\u00e1 indispon\u00edvel."},"/ui/common/config/btn_sound.ui":{"rootdata":{"2":"som"}},"/ui/common/ui/btn_title.ui":{"rootdata":{"2":"t\u00edtulo"}},"/ui/720p/storage/storage.ui":{"rootdata":{"1":"Salvar"}},"/ui/common/storage/datum.ui":{"rootdata":{"3":{"1":"Sem Dados"}}},"/ui/720p/config/config.ui":{"rootdata":{"1":"sistema"}},"/ui/common/title/btn_language.ui":{"rootdata":{"0":"Idioma"}}}