{"/ui/1080p/talk/log.ui":{"rootdata":{"0":{"1":"BackLog"}}},"/ui/common/config/btn_reset.ui":{"rootdata":{"2":"Reset"}},"/ui/1080p/extra/scenepage.ui":{"rootdata":{"0":{"0":"pamandangan"}}},"/img/1080p/bg/ED0003_a.ui":{"rootdata":{"0":{"5":"Kanon Rapipaka","3":"Mekabu Shinonome","4":"Oni MAYUGE","10":"Yui","2":"Tsukimachi Usagi","7":"arp","8":"Minami no Tenjino","6":"Koyo Urami","1":"Bangun deui Staf","9":"Majin Hachimitsu"}}},"/img/720p/bg/ED0000_a.ui":{"rootdata":{"0":{"1":"Ideu asli, Hideung Swan, \"Amane Switch\""}}},"/ui/1080p/config/config.ui":{"rootdata":{"1":"sistem"}},"/ui/common/title/btn_continue.ui":{"rootdata":{"0":"Teraskeun"}},"/img/1080p/bg/ED0007_a.ui":{"rootdata":{"0":{"1":"fin"}}},"/ui/common/ui/btn_exit.ui":{"rootdata":{"2":"Kaluar"}},"character":{"1st_grade":"murid taun munggaran","cat":"ucing","female_student2":"Murid aw\u00e9w\u00e9 2","police_officer":"pulisi","friend":"sobat","doctor":"dokter","teacher":"guru (kelas)","amane":"Amane","female":"aw\u00e9w\u00e9","amane_with_mother":"Indung. Amane","pe_teacher":"guru pendidikan jasmani","director":"kapala klub (sakola)","theater_tirector":"kapala jurusan drama","School_principal":"poko","theater_member":"anggota rombongan sandiwara","police_officer2":"Patugas Pulisi 2","nurse":"perawat didaptarkeun","yukika":"Yukika","teacher1":"Guru 1","hospital_officials":"tanaga rumah sakit","soccer_member":"klub ma\u00e9n bal","store_manager":"gerentes toko","3rd_grade":"murid taun katilu","unknown":"Naon?","wet_woman":"Aw\u00e9w\u00e9 baseuh soaking","police_officer3":"Patugas Pulisi 3.","4heroines":"Yoko & Izumi & Shizuku & Yukika","female_student":"murid aw\u00e9w\u00e9","Students":"murid","literary_club_Director":"kapala jurusan sastra","part_time_job":"bait","youko":"Yoko","male":"jenis kelamin maskulin","children":"anaking","youhei":"Yohei","Audiovisual_committee":"anggota panitia kakurangan indrawi","male_student":"murid lalaki","izumi":"Izumi","child":"barudak","male_student2":"Murid lalaki 2","hospital_officials2":"Personalia rumah sakit 2","police_officer1":"Patugas Pulisi 1","classmate":"babaturan sakelas","member2":"Anggota 2.","athletics_member":"anggota klub lagu sareng lapangan","male_student1":"Murid lalaki 1","resident":"nyicingan","homeroom_teacher":"guru wali kelas","father":"bapa","police_officer4":"Patugas Pulisi 4.","literary_club_member":"anggota literatur tina staf","customer":"konsum\u00e9n","softball_member":"departem\u00e9n software","baseball_member":"klub baseball (nya\u00e9ta tim bisbol universitas, perusahaan, sareng sajabana)","male_student3":"Murid lalaki 3","news_caster":"kastor","teacher4":"Guru Kaopat.","shizuku":"Shizuku","vice-president":"wakil presiden (tina klub atanapi organisasi, organisasi)","member1":"Anggota 1","teacher3":"Guru Tilu.","shinzi":"Shinji","sales_clerk":"juru tulis","female_student1":"Murid aw\u00e9w\u00e9 1","mother":"indung","father_in_law":"bapa mitoha","hospital_officials1":"Personalia rumah sakit 1","member3":"Anggota 3.","teacher2":"Guru 2"},"/ui/720p/extra/cgpage.ui":{"rootdata":{"0":{"0":"CG"}}},"/ui/1080p/extra/routepage.ui":{"rootdata":{"0":{"0":"pamandangan"}}},"scene":{"34":{"hidden":"TAMAT5","name":"TAMAT 'Panyakit anu teu tiasa diubaran'"},"29":{"hidden":"TUNGTUNG3","name":"TAMAT \"hujan deui"},"27":{"hidden":"25","name":"Adina karesep kuring."},"8":{"hidden":"08","name":"Kahirupan sapopo\u00e9 tina perversion"},"6":{"hidden":"06","name":"Hubungan jeung Amane"},"15":{"hidden":"15","name":"\u00c9ta lucu."},"5":{"hidden":"05","name":"uleman"},"23":{"hidden":"TAMAT1","name":"TAMAT \"Ame Furi"},"35":{"hidden":"TAMAT6","name":"TAMAT \"Akhir Lumpat: ......"},"11":{"hidden":"11","name":"Naon anu kuring percanten ..."},"26":{"hidden":"TAMAT2","name":"TAMAT \"Cimata Hujan"},"36":{"hidden":"Rusiah TAMAT","name":"TAMAT \"Hujan Telepon Anyar\"."},"16":{"hidden":"16","name":"Janten kuring hiji-hijina anu g\u00e9lo?"},"25":{"hidden":"24","name":"hujan ragrag dina waktos kasedihan"},"4":{"hidden":"04","name":"sobat"},"22":{"hidden":"22","name":"leueur tina l\u00e9tah"},"12":{"hidden":"12","name":"kalakuan babarit"},"18":{"hidden":"18","name":"Batu anu mimiti ngagulidag."},"21":{"hidden":"21","name":"Amane saklar"},"1":{"hidden":"01","name":"Murid anyar ..."},"0":{"hidden":"00","name":"Amane"},"7":{"hidden":"07","name":"keur pinuh ku liang"},"17":{"hidden":"17","name":"pilihan"},"32":{"hidden":"28","name":"pangakuan hak kapamilikan lahan (ku shogunate, lord feodal, jsb.)"},"24":{"hidden":"23","name":"Abdi atos mikiran anjeun."},"9":{"hidden":"09","name":"cog-wheel"},"19":{"hidden":"19","name":"Kumaha ieu kajadian?"},"30":{"hidden":"27","name":"bakal b\u00e9bas"},"10":{"hidden":"10","name":"rajapati"},"14":{"hidden":"14","name":"karapihan samentawis pikiran"},"3":{"hidden":"03","name":"Amane sareng hujan"},"31":{"hidden":"TAMAT4","name":"TAMAT \"Tungtung Narajang: ......"},"2":{"hidden":"02","name":"Waktos senang"},"28":{"hidden":"26","name":"konstitusi (fisik)"},"13":{"hidden":"13","name":"Ayeuna urang sasarengan."},"33":{"hidden":"29","name":"menak"},"20":{"hidden":"20","name":"saat-saat sakarat"}},"/img/720p/bg/ED0006_a.ui":{"rootdata":{"0":{"1":"produksi","2":"Ride On Works, Inc."}}},"/ui/720p/extra/soundpage.ui":{"rootdata":{"0":{"0":"sora"}}},"/ui/common/title/btn_start.ui":{"rootdata":{"0":"ngamimitian"}},"/img/720p/bg/ED0007_a.ui":{"rootdata":{"0":{"1":"fin"}}},"/img/1080p/bg/ED0002_a.ui":{"rootdata":{"0":{"1":"ngahasilkeun","2":"Hayang","3":"Ryusei"}}},"/ui/common/ui/btn_back.ui":{"rootdata":{"2":"balik deui"}},"/ui/common/title/btn_load.ui":{"rootdata":{"0":"momotan"}},"/ui/720p/language/language.ui":{"rootdata":{"1":"Bahasa"}},"/ui/common/extra/achieve.ui":{"rootdata":{"1":"laju kahontal"}},"/ui/720p/talk/log.ui":{"rootdata":{"0":{"1":"BackLog"}}},"/img/1080p/bg/ED0000_a.ui":{"rootdata":{"0":{"1":"Ideu asli, Hideung Swan, \"Amane Switch\""}}},"/img/720p/bg/ED0004_a.ui":{"rootdata":{"0":{"1":"produksi komprehensif","2":"Bushi"}}},"/ui/720p/extra/scenepage.ui":{"rootdata":{"0":{"0":"pamandangan"}}},"/ui/1080p/extra/soundpage.ui":{"rootdata":{"0":{"0":"sora"}}},"/img/1080p/bg/ED0004_a.ui":{"rootdata":{"0":{"1":"produksi komprehensif","2":"Bushi"}}},"/ui/common/extra/btn_thumbnail.ui":{"rootdata":{"0":{"1":"NoData"}}},"/ui/common/title/btn_config.ui":{"rootdata":{"0":"Konpigurasikeun"}},"/img/720p/bg/ED0002_a.ui":{"rootdata":{"0":{"1":"ngahasilkeun","2":"Hayang","3":"Ryusei"}}},"/img/1080p/bg/ED0005_a.ui":{"rootdata":{"0":{"1":"kerjasama produksi","2":"Cyber Step Corporation"}}},"/img/720p/bg/ED0005_a.ui":{"rootdata":{"0":{"1":"kerjasama produksi","2":"Cyber Step Corporation"}}},"/ui/common/extra/btn_cg.ui":{"rootdata":{"2":"CG"}},"/ui/1080p/language/language.ui":{"rootdata":{"1":"Bahasa"}},"/ui/common/config/btn_system.ui":{"rootdata":{"2":"sistem"}},"/ui/1080p/storage/storage.ui":{"rootdata":{"1":"Ngah\u00e9mat"}},"/img/1080p/bg/ED0006_a.ui":{"rootdata":{"0":{"1":"produksi","2":"Ride On Works, Inc."}}},"/ui/720p/extra/routepage.ui":{"rootdata":{"0":{"0":"pamandangan"}}},"bgm":{"insecurity":{"label":"hanjakal"},"eye1":{"label":"puddling jauh"},"h1":{"label":"riak"},"rain":{"label":"angin tiis"},"sys":{"label":"Tenang Danau"},"eye2":{"label":"langit mendung (cuaca)"},"sir":{"label":"asa-asa"},"op":{"label":"Amane"},"ed":{"label":"Lebur ka langit lega"},"healing":{"label":"n\u00e9mp\u00e9l (hiji jalma) hat\u00e9"},"danger":{"label":"janten ngadeukeutan"},"h2":{"label":"cimata"}},"/ui/common/extra/btn_sound.ui":{"rootdata":{"2":"sora"}},"/ui/1080p/extra/cgpage.ui":{"rootdata":{"0":{"0":"CG"}}},"/img/1080p/bg/ED0001_a.ui":{"rootdata":{"0":{"5":"Shizuku Kizaki:. Uki Nashiki","6":"Yukika Mizushima:. Mei Oshiro","3":"Yoko Minegishi:. Ari Sayama","4":"Izumi Kizaki:. Nemea Iori (Kampus Siklus Stellar)","1":"matak","2":"Amane Satonaka:. Kyoko Kuramochi (Kampus Siklus Stellar)"}}},"/ui/common/title/btn_extra.ui":{"rootdata":{"0":"Ekstra"}},"/img/720p/bg/ED0003_a.ui":{"rootdata":{"0":{"5":"Kanon Rapipaka","3":"Mekabu Shinonome","4":"Oni MAYUGE","10":"Yui","2":"Tsukimachi Usagi","7":"arp","8":"Minami no Tenjino","6":"Koyo Urami","1":"Bangun deui Staf","9":"Majin Hachimitsu"}}},"/ui/common/extra/btn_scene.ui":{"rootdata":{"2":"pamandangan"}},"/img/720p/bg/ED0001_a.ui":{"rootdata":{"0":{"5":"Shizuku Kizaki:. Uki Nashiki","6":"Yukika Mizushima:. Mei Oshiro","3":"Yoko Minegishi:. Ari Sayama","4":"Izumi Kizaki:. Nemea Iori (Kampus Siklus Stellar)","1":"matak","2":"Amane Satonaka:. Kyoko Kuramochi (Kampus Siklus Stellar)"}}},"dict":{"title.translate.cancaled":"Unduhan parantos kaganggu sareng set\u00e9lan basa diinisialisasi.","talk.quickload.confirm.yes":"Urang teraskeun deui.","title.continue.confirm.yes":"Urang teraskeun deui.","config.10.0":"lokal","storage.title.save":"Ngah\u00e9mat","language.restart":"Balik deui kana layar judul.","config.6":"transparansi jandela pesen","title.continue.confirm":"Naha anjeun hoyong balikan deui tina pidangan anu disimpen?","title.continue.nodata":"Teu aya data simpen.","storage.date":"Kaping :","config.1":"musik latar","config.8.0":"lokal","extra.scene.confirm":"Naha anjeun bad\u00e9 mimitian ku pamandangan ieu?","title.translate.confirm.yes":"download","title.translate.confirm":"Unduh file pembaruan anu diperyogikeun pikeun ngamimitian kaulinan di %s .","common.dialog.message.exit.yes":"Kaluar.","common.dialog.btn.no":"ngabatalkeun","language.confirm.yes":"Ngarobih.","config.10.1":"janten patut","storage.label.none":"Teu aya data","language.confirm":"Naha anjeun hoyong ngarobih basa anu anjeun anggo kana %s ?","config.10":"Ngarobih warna kalimat anu parantos dibaca","storage.title.load":"momotan","config.5":"Laju modeu otomatis","config.7.all":"sadayana","config.8":"Skip terusan saatos pilihan","config.9.1":"janten patut","common.dialog.btn.yes":"Ok\u00e9","config.tab.system":"sistem","extra.cg.dialog.page":"%d / %d","common.dialog.message.save.yes":"ngah\u00e9mat","common.dialog.message.load.yes":"momotan","common.dialog.message.save":"Naha anjeun bad\u00e9 nyimpenna?","config.7.read":"maca wa\u00e9","config.3":"SORA","config.9.0":"lokal","config.reset.confirm.yes":"Ngawitan.","talk.quickload.confirm":"Naha anjeun hoyong balikan deui tina pidangan anu disimpen?","config.tab.sound":"SORA","talk.quicksave.message":"Anjeun parantos ngahemat pertandingan. Anjeun tiasa neraskeun deui tina adegan ayeuna.","config.4":"kagancangan tampilan karakter","config.reset.confirm":"Naha anjeun hoyong ngainisialisasi set\u00e9lan?","common.dialog.message.download":"Ngunduh.","title.translate.notallowed":"Initialisasi set\u00e9lan basa sabab file anu diperyogikeun leungit.","storage.date.none":"---- / - / - -: -","common.dialog.btn.cancel":"gangguan","language.error.2":"Anjeun teu k\u00e9nging aks\u00e9s kana s\u00e9rver.","config.7":"modeu luncat","language.error.1":"Server dina pangrop\u00e9a.","config.9":"Tulisan modeu otomatis saatos dipilih","common.dialog.message.title":"Naha anjeun hoyong uih deui kana layar judul?","extra.scene.confirm.yes":"Ngawitan.","common.dialog.message.load":"Naha anjeun bad\u00e9 ngamuat?","common.dialog.message.title.yes":"Kana judulna","config.2":"SE","config.8.1":"janten patut","title.translate.failed":"Initialisasi set\u00e9lan basa sabab unduhanna gagal.","common.dialog.message.exit":"Naha anjeun hoyong kaluar ti buruan?","language.error.255":"Server henteu sayogi."},"/ui/common/config/btn_sound.ui":{"rootdata":{"2":"sora"}},"/ui/common/ui/btn_title.ui":{"rootdata":{"2":"gelar"}},"/ui/720p/storage/storage.ui":{"rootdata":{"1":"Ngah\u00e9mat"}},"/ui/common/storage/datum.ui":{"rootdata":{"3":{"1":"Teu Data"}}},"/ui/720p/config/config.ui":{"rootdata":{"1":"sistem"}},"/ui/common/title/btn_language.ui":{"rootdata":{"0":"Bahasa"}}}