{"/ui/1080p/talk/log.ui":{"rootdata":{"0":{"1":"BackLog"}}},"/ui/common/config/btn_reset.ui":{"rootdata":{"2":"Pib dua"}},"/ui/1080p/extra/scenepage.ui":{"rootdata":{"0":{"0":"qhov chaw"}}},"/img/1080p/bg/ED0003_a.ui":{"rootdata":{"0":{"5":"Kanon Rapipaka","3":"Mekabu Shinonome","4":"Nws yog MAYUGE","10":"Yui","2":"Tsukimachi Usagi","7":"pab arp","8":"Minami thiab Tenjino","6":"Koj Urami","1":"Remake Cov Neeg Ua Haujlwm","9":"Majin Hachimitsu"}}},"/img/720p/bg/ED0000_a.ui":{"rootdata":{"0":{"1":"Thawj lub tswv yim, Dub Swan, \"Amane Hloov\""}}},"/ui/1080p/config/config.ui":{"rootdata":{"1":"lawv"}},"/ui/common/title/btn_continue.ui":{"rootdata":{"0":"Txuas ntxiv"}},"/img/1080p/bg/ED0007_a.ui":{"rootdata":{"0":{"1":"fin"}}},"/ui/common/ui/btn_exit.ui":{"rootdata":{"2":"tawm"}},"character":{"1st_grade":"menyuam kawm ntawv thawj xyoo","cat":"miv","female_student2":"Poj niam kawm ntawv 2","police_officer":"tub ceev xwm","friend":"phooj ywg","doctor":"kws kho mob","teacher":"xib fwb (chav kawm)","amane":"Amane","female":"poj niam","amane_with_mother":"Niam. Amane","pe_teacher":"tus kws qhia ntawv lub cev","director":"lub taub hau ntawm (tsev kawm ntawv) qws","theater_tirector":"tus thawj coj ntawm chav ua yeeb yam","School_principal":"tus thawj xibfwb","theater_member":"tus tswv cuab ntawm pawg ua yeeb yam","police_officer2":"Tub Ceev Xwm 2","nurse":"tus nais maum sau npe","yukika":"Yukika","teacher1":"Xib fwb 1","hospital_officials":"cov neeg ua haujlwm hauv tsev kho mob","soccer_member":"ncaws pob","store_manager":"tus thawj tswj kav khw","3rd_grade":"tub ntxhais kawm xyoo peb","unknown":"Dab tsi?","wet_woman":"So ntub poj niam","police_officer3":"Tub Ceev Xwm 3.","4heroines":"Yoko & Izumi & Shizuku & Yukika","female_student":"poj niam menyuam kawm ntawv","Students":"menyuam kawm ntawv","literary_club_Director":"tus thawj coj ntawm chav sau ntawv","part_time_job":"byte ib","youko":"Yoko","male":"txiv neej poj niam","children":"menyuam","youhei":"Yog","Audiovisual_committee":"tus tswv cuab ntawm lub cev tsis txaus siab","male_student":"tub ntxhais kawm ntawv","izumi":"Izumi","child":"menyuam yaus","male_student2":"Txiv neej kawm ntawv 2","hospital_officials2":"Cov neeg ua haujlwm hauv tsev kho mob 2","police_officer1":"Tub ceev xwm tub ceev xwm 1","classmate":"phooj ywg","member2":"Tus tswv cuab 2.","athletics_member":"taug qab thiab cov tswv cuab hauv pab pawg","male_student1":"Txiv neej kawm ntawv 1","resident":"neeg nyob","homeroom_teacher":"homeroom xib fwb","father":"txiv","police_officer4":"Tub Ceev Xwm 4.","literary_club_member":"tus neeg sau ntawv ntawm cov neeg ua haujlwm","customer":"neeg","softball_member":"software department","baseball_member":"ntaus pob ntaus pob (piv txwv li pab pawg ntaus pob hauv tsev kawm ntawv, koom nrog, thiab lwm yam)","male_student3":"Txiv neej kawm ntawv 3","news_caster":"caster","teacher4":"Xib Fwb Plaub.","shizuku":"Shizuku","vice-president":"tus lwm thawj tswj hwm (ntawm qws lossis koom haum, koom haum)","member1":"Tus tswv cuab 1","teacher3":"Xib Hwb Peb.","shinzi":"Shinji","sales_clerk":"tus tuav ntaub ntawv","female_student1":"Poj niam kawm ntawv 1","mother":"niam","father_in_law":"txiv ntxawm","hospital_officials1":"Cov neeg ua haujlwm hauv tsev kho mob 1","member3":"Tus tswv cuab 3.","teacher2":"Xib fwb 2"},"/ui/720p/extra/cgpage.ui":{"rootdata":{"0":{"0":"CG"}}},"/ui/1080p/extra/routepage.ui":{"rootdata":{"0":{"0":"qhov chaw"}}},"scene":{"34":{"hidden":"Kawg 5","name":"Xaus 'Tus kab mob uas tsis tuaj yeem kho tau'"},"29":{"hidden":"Kawg 3","name":"END \"los nag dua"},"27":{"hidden":"25","name":"Tus viv ncaus kuv nyiam"},"8":{"hidden":"08","name":"Lub neej txhua hnub ntawm perversion"},"6":{"hidden":"06","name":"Kev sib raug zoo nrog Amane"},"15":{"hidden":"15","name":"Nws lom zem."},"5":{"hidden":"05","name":"caw"},"23":{"hidden":"Kawg 1","name":"Qhov kawg \"Ame Furi"},"35":{"hidden":"Kawg 6","name":"END \"Qhov kawg ntawm Kev Ua Haujlwm: ......"},"11":{"hidden":"11","name":"Qhov kuv ntseeg hauv ..."},"26":{"hidden":"Kawg 2","name":"END \"Los kua muag"},"36":{"hidden":"Secret END","name":"END \"Hu Xov Tooj Tshiab\"."},"16":{"hidden":"16","name":"Yog li kuv tsuas yog ib tus neeg vwm xwb?"},"25":{"hidden":"24","name":"nag poob thaum lub sijhawm tu siab"},"4":{"hidden":"04","name":"phooj ywg"},"22":{"hidden":"22","name":"plam ntawm tus nplaig"},"12":{"hidden":"12","name":"kev ua tsis ncaj ncees"},"18":{"hidden":"18","name":"Pob zeb uas pib dov."},"21":{"hidden":"21","name":"Amane hloov"},"1":{"hidden":"01","name":"Tus menyuam kawm ntawv tshiab ..."},"0":{"hidden":"00","name":"Amane"},"7":{"hidden":"07","name":"ua puv ntawm qhov"},"17":{"hidden":"17","name":"xaiv"},"32":{"hidden":"28","name":"paub txog txoj cai los ua tswv cuab (los ntawm shogunate, tus tswv feudal, thiab lwm yam)"},"24":{"hidden":"23","name":"Kuv tau xav txog koj."},"9":{"hidden":"09","name":"cog cog"},"19":{"hidden":"19","name":"Qhov no tshwm sim li cas?"},"30":{"hidden":"27","name":"yuav dawb"},"10":{"hidden":"10","name":"tus neeg tua neeg"},"14":{"hidden":"14","name":"kev thaj yeeb nyab xeeb ib ntus"},"3":{"hidden":"03","name":"Amane thiab nag"},"31":{"hidden":"Kawg 4","name":"END \"Qhov kawg ntawm kev ua phem: ......"},"2":{"hidden":"02","name":"Lub sijhawm zoo siab"},"28":{"hidden":"26","name":"tsab cai lij choj (lub cev)"},"13":{"hidden":"13","name":"Tam sim no peb nyob ua ke."},"33":{"hidden":"29","name":"tsim nyog"},"20":{"hidden":"20","name":"tuag lub sijhawm"}},"/img/720p/bg/ED0006_a.ui":{"rootdata":{"0":{"1":"ntau lawm","2":"Caij On Works, Inc."}}},"/ui/720p/extra/soundpage.ui":{"rootdata":{"0":{"0":"suab"}}},"/ui/common/title/btn_start.ui":{"rootdata":{"0":"pib"}},"/img/720p/bg/ED0007_a.ui":{"rootdata":{"0":{"1":"fin"}}},"/img/1080p/bg/ED0002_a.ui":{"rootdata":{"0":{"1":"tsim","2":"Pengin","3":"Ryusei"}}},"/ui/common/ui/btn_back.ui":{"rootdata":{"2":"rov qab"}},"/ui/common/title/btn_load.ui":{"rootdata":{"0":"thauj khoom"}},"/ui/720p/language/language.ui":{"rootdata":{"1":"Lus"}},"/ui/common/extra/achieve.ui":{"rootdata":{"1":"tus nqi ntawm kev ua tiav"}},"/ui/720p/talk/log.ui":{"rootdata":{"0":{"1":"BackLog"}}},"/img/1080p/bg/ED0000_a.ui":{"rootdata":{"0":{"1":"Thawj lub tswv yim, Dub Swan, \"Amane Hloov\""}}},"/img/720p/bg/ED0004_a.ui":{"rootdata":{"0":{"1":"ntau lawm ntau lawm","2":"Bushi"}}},"/ui/720p/extra/scenepage.ui":{"rootdata":{"0":{"0":"qhov chaw"}}},"/ui/1080p/extra/soundpage.ui":{"rootdata":{"0":{"0":"suab"}}},"/img/1080p/bg/ED0004_a.ui":{"rootdata":{"0":{"1":"ntau lawm ntau lawm","2":"Bushi"}}},"/ui/common/extra/btn_thumbnail.ui":{"rootdata":{"0":{"1":"NoData"}}},"/ui/common/title/btn_config.ui":{"rootdata":{"0":"Kho"}},"/img/720p/bg/ED0002_a.ui":{"rootdata":{"0":{"1":"tsim","2":"Pengin","3":"Ryusei"}}},"/img/1080p/bg/ED0005_a.ui":{"rootdata":{"0":{"1":"kev koom tes ntau lawm","2":"Cyber Step Corporation Cov"}}},"/img/720p/bg/ED0005_a.ui":{"rootdata":{"0":{"1":"kev koom tes ntau lawm","2":"Cyber Step Corporation Cov"}}},"/ui/common/extra/btn_cg.ui":{"rootdata":{"2":"CG"}},"/ui/1080p/language/language.ui":{"rootdata":{"1":"Lus"}},"/ui/common/config/btn_system.ui":{"rootdata":{"2":"lawv"}},"/ui/1080p/storage/storage.ui":{"rootdata":{"1":"Txuag"}},"/img/1080p/bg/ED0006_a.ui":{"rootdata":{"0":{"1":"ntau lawm","2":"Caij On Works, Inc."}}},"/ui/720p/extra/routepage.ui":{"rootdata":{"0":{"0":"qhov chaw"}}},"bgm":{"insecurity":{"label":"melancholy"},"eye1":{"label":"ploj mus"},"h1":{"label":"ripple"},"rain":{"label":"cua txias"},"sys":{"label":"Ntsiag to Lake"},"eye2":{"label":"pos huab (huab cua)"},"sir":{"label":"poob siab"},"op":{"label":"Amane"},"ed":{"label":"Qhuav rau saum ntuj"},"healing":{"label":"kov (tus neeg) lub plawv"},"danger":{"label":"yuav los ze zog"},"h2":{"label":"kua muag"}},"/ui/common/extra/btn_sound.ui":{"rootdata":{"2":"suab"}},"/ui/1080p/extra/cgpage.ui":{"rootdata":{"0":{"0":"CG"}}},"/img/1080p/bg/ED0001_a.ui":{"rootdata":{"0":{"5":"Shizuku Kizaki :. Uki Nashiki","6":"Yukika Cov Lus Qhia:. Mei Oshiro","3":"Yoko Minegishi: Cov. Ari Sayama","4":"Tus Kheej:. Nemea Iori (Stellar Cycle Campus)","1":"nrum","2":"Amane Satonaka: Cov. Kyoko Kuramochi (Stellar Cycle Campus)"}}},"/ui/common/title/btn_extra.ui":{"rootdata":{"0":"Ntxiv"}},"/img/720p/bg/ED0003_a.ui":{"rootdata":{"0":{"5":"Kanon Rapipaka","3":"Mekabu Shinonome","4":"Nws yog MAYUGE","10":"Yui","2":"Tsukimachi Usagi","7":"pab arp","8":"Minami thiab Tenjino","6":"Koj Urami","1":"Remake Cov Neeg Ua Haujlwm","9":"Majin Hachimitsu"}}},"/ui/common/extra/btn_scene.ui":{"rootdata":{"2":"qhov chaw"}},"/img/720p/bg/ED0001_a.ui":{"rootdata":{"0":{"5":"Shizuku Kizaki :. Uki Nashiki","6":"Yukika Cov Lus Qhia:. Mei Oshiro","3":"Yoko Minegishi: Cov. Ari Sayama","4":"Tus Kheej:. Nemea Iori (Stellar Cycle Campus)","1":"nrum","2":"Amane Satonaka: Cov. Kyoko Kuramochi (Stellar Cycle Campus)"}}},"dict":{"title.translate.cancaled":"Qhov rub tawm tau raug cuam tshuam thiab cov lus teeb tsa tau pib.","talk.quickload.confirm.yes":"Peb mam rov pib dua.","title.continue.confirm.yes":"Peb mam rov pib dua.","config.10.0":"hauv zos","storage.title.save":"Txuag","language.restart":"Rov qab mus rau lub npe tshuaj ntsuam.","config.6":"lus qhov rai pob tshab","title.continue.confirm":"Koj puas xav rov pib dua los ntawm qhov xwm txheej tau txais kev cawmdim?","title.continue.nodata":"Tsis muaj cov ntaub ntawv khaws tseg.","storage.date":"Hnub tim:","config.1":"suab paj nruag keeb kwm yav dhau","config.8.0":"hauv zos","extra.scene.confirm":"Koj puas xav pib nrog qhov xwm txheej no?","title.translate.confirm.yes":"rub tawm","title.translate.confirm":"Rub tawm cov ntaub ntawv hloov tshiab xav tau los pib qhov kev ua si ntawm %s .","common.dialog.message.exit.yes":"Tawm.","common.dialog.btn.no":"rho tawm","language.confirm.yes":"Hloov.","config.10.1":"tsim nyog","storage.label.none":"Tsis muaj cov ntaub ntawv","language.confirm":"Koj puas xav hloov cov lus uas koj siv rau %s ?","config.10":"Hloov cov xim ntawm kab lus twb tau nyeem lawm","storage.title.load":"thauj khoom","config.5":"Nws pib hom nrawm","config.7.all":"tag nrho","config.8":"Hla kev txuas ntxiv tom qab xaiv","config.9.1":"tsim nyog","common.dialog.btn.yes":"OK","config.tab.system":"lawv","extra.cg.dialog.page":"%d / %d","common.dialog.message.save.yes":"cawm","common.dialog.message.load.yes":"thauj khoom","common.dialog.message.save":"Koj puas xav txuag nws?","config.7.read":"nyeem xwb","config.3":"VOICE","config.9.0":"hauv zos","config.reset.confirm.yes":"Pib.","talk.quickload.confirm":"Koj puas xav rov pib dua los ntawm qhov xwm txheej tau txais kev cawmdim?","config.tab.sound":"Suab","talk.quicksave.message":"Koj tau cawm qhov kev ua si. Koj tuaj yeem rov pib dua los ntawm qhov xwm txheej tam sim no.","config.4":"cim ua yeeb yam ceev","config.reset.confirm":"Koj puas xav pib qhov chaw?","common.dialog.message.download":"Rub tawm.","title.translate.notallowed":"Pib cov lus teeb tsa vim tias cov ntaub ntawv xav tau ploj lawm.","storage.date.none":"----/-/--:-----","common.dialog.btn.cancel":"kev cuam tshuam","language.error.2":"Koj tsis raug tso cai nkag mus rau server.","config.7":"hla hom","language.error.1":"Tus neeg rau zaub mov tab tom saib xyuas.","config.9":"Nws pib hom txuas ntxiv tom qab xaiv","common.dialog.message.title":"Koj puas xav rov qab mus rau lub npe tshuaj ntsuam?","extra.scene.confirm.yes":"Pib.","common.dialog.message.load":"Koj puas xav thauj khoom?","common.dialog.message.title.yes":"Mus rau lub npe","config.2":"SE","config.8.1":"tsim nyog","title.translate.failed":"Pib cov lus teeb tsa vim tias rub tawm tsis tau.","common.dialog.message.exit":"Koj puas xav txiav qhov kev ua si?","language.error.255":"Tus neeg rau zaub mov tsis muaj."},"/ui/common/config/btn_sound.ui":{"rootdata":{"2":"suab"}},"/ui/common/ui/btn_title.ui":{"rootdata":{"2":"lub npe"}},"/ui/720p/storage/storage.ui":{"rootdata":{"1":"Txuag"}},"/ui/common/storage/datum.ui":{"rootdata":{"3":{"1":"Tsis Muaj Cov Ntaub Ntawv"}}},"/ui/720p/config/config.ui":{"rootdata":{"1":"lawv"}},"/ui/common/title/btn_language.ui":{"rootdata":{"0":"Lus"}}}