{"/ui/1080p/talk/log.ui":{"rootdata":{"0":{"1":"\ubc31\ub85c\uadf8"}}},"/ui/common/config/btn_reset.ui":{"rootdata":{"2":"\ucd08\uae30\ud654"}},"/ui/1080p/extra/scenepage.ui":{"rootdata":{"0":{"0":"\uc7a5\uba74"}}},"/img/1080p/bg/ED0003_a.ui":{"rootdata":{"0":{"5":"\uce74\ub17c \ub77c\ud53c\ud30c\uce74","3":"\uba54\uce74\ubd80 \uc2dc\ub178\ub178\uba54","4":"\uc624\ub2c8 \ub9c8\uc720\uac8c","10":"\uc720\uc774","2":"\uce20\ud0a4\ub9c8\uce58 \uc6b0\uc0ac\uae30","7":"\uc544\ub974\ubc14\uc774\ud2b8","8":"\ubbf8\ub098\ubbf8\ub178 \ud150\uc9c0\ub178","6":"\uc6b0\ub77c\ubbf8 \ucf54\uc694","1":"\ub9ac\uba54\uc774\ud06c \uc2a4\ud0dc\ud504","9":"\ub9c8\uc778 \ud558\uce58\ubbf8\uce20"}}},"/img/720p/bg/ED0000_a.ui":{"rootdata":{"0":{"1":"\uc624\ub9ac\uc9c0\ub110 \uc544\uc774\ub514\uc5b4, \ube14\ub799 \uc2a4\uc644, \"\uc544\ub9c8\ub124 \uc2a4\uc704\uce58\""}}},"/ui/1080p/config/config.ui":{"rootdata":{"1":"\uccb4\uacc4"}},"/ui/common/title/btn_continue.ui":{"rootdata":{"0":"\uacc4\uc18d\ud558\ub2e4"}},"/img/1080p/bg/ED0007_a.ui":{"rootdata":{"0":{"1":"\uc9c0\ub290\ub7ec\ubbf8"}}},"/ui/common/ui/btn_exit.ui":{"rootdata":{"2":"\ucd9c\uad6c"}},"character":{"1st_grade":"1\ud559\ub144 \ud559\uc0dd","cat":"\uace0\uc591\uc774","female_student2":"\uc5ec\ud559\uc0dd 2","police_officer":"\uacbd\uad00","friend":"\uce5c\uad6c","doctor":"\ub0b4\uacfc \uc758\uc0ac","teacher":"\uc120\uc0dd\ub2d8(\uad50\uc2e4)","amane":"\uc544\ub9c8\ub124","female":"\uc5ec\uc131","amane_with_mother":"\uc5b4\uba38\ub2c8. \uc544\ub9c8\ub124","pe_teacher":"\uccb4\uc721 \uad50\uc0ac","director":"(\ud559\uad50) \ub3d9\uc544\ub9ac\uc7a5","theater_tirector":"\uc5f0\uadf9\ubd80\uc7a5","School_principal":"\uc8fc\uc694\ud55c","theater_member":"\uadf9\ub2e8\uc758 \uc77c\uc6d0","police_officer2":"\uacbd\ucc30 2","nurse":"\ub4f1\ub85d \uac04\ud638\uc0ac","yukika":"\uc720\ud0a4\uce74","teacher1":"\uc120\uc0dd\ub2d8 1","hospital_officials":"\ubcd1\uc6d0 \uc9c1\uc6d0","soccer_member":"\ucd95\uad6c \ud074\ub7fd","store_manager":"\uc810\uc7a5","3rd_grade":"3\ud559\ub144 \ud559\uc0dd","unknown":"\ubb50\ub77c\uace0 \uc694?","wet_woman":"\ubab8\uc744 \ub2f4\uadf8\uace0 \uc816\uc740 \uc5ec\uc790","police_officer3":"\uacbd\ucc30\uad00 3.","4heroines":"\uc694\ucf54 & \uc774\uc988\ubbf8 & \uc2dc\uc988\ucfe0 & \uc720\ud0a4\uce74","female_student":"\uc5ec\ud559\uc0dd","Students":"\uc7ac\ud559\uc0dd","literary_club_Director":"\ubb38\ud559\ubd80\uc7a5","part_time_job":"\ubc14\uc774\ud2b8","youko":"\uc694\ucf54","male":"\ub0a8\uc131","children":"\uc544\uc774","youhei":"\uc694\ud5e4\uc774","Audiovisual_committee":"\uac10\uac01 \ubc15\ud0c8 \uc704\uc6d0\ud68c \uc704\uc6d0","male_student":"\ub0a8\ud559\uc0dd","izumi":"\uc774\uc988\ubbf8","child":"\uc5b4\ub9b0\uc774\ub4e4","male_student2":"\ub0a8\ud559\uc0dd 2","hospital_officials2":"\ubcd1\uc6d0 \uc9c1\uc6d0 2","police_officer1":"\uacbd\ucc30 1","classmate":"\ub3d9\uae09\uc0dd","member2":"\ud68c\uc6d0 2.","athletics_member":"\uc721\uc0c1\ubd80 \ud68c\uc6d0","male_student1":"\ub0a8\ud559\uc0dd 1","resident":"\uac70\uc8fc\uc790","homeroom_teacher":"\ub2f4\uc784\uc120\uc0dd\ub2d8","father":"\uc544\ubc84\uc9c0","police_officer4":"\uacbd\ucc30 4.","literary_club_member":"\uc9c1\uc6d0\uc758 \ubb38\ud559 \ud68c\uc6d0","customer":"\uace0\uac1d","softball_member":"\uc18c\ud504\ud2b8\uc6e8\uc5b4 \ubd80\uc11c","baseball_member":"\uc57c\uad6c \ub3d9\uc544\ub9ac(\uc608: \ub300\ud559, \uae30\uc5c5\uc758 \uc57c\uad6c\ud300 \ub4f1)","male_student3":"\ub0a8\ud559\uc0dd 3","news_caster":"\ub358\uc9c0\ub294 \uc0ac\ub78c","teacher4":"\ub124\ubc88\uc9f8 \uc120\uc0dd\ub2d8.","shizuku":"\uc2dc\uc988\ucfe0","vice-president":"\ubd80\ud68c\uc7a5 (\ud074\ub7fd\uc774\ub098 \uc870\uc9c1, \uc870\uc9c1\uc758)","member1":"\uba64\ubc84 1","teacher3":"\uc120\uc0dd\ub2d8 \uc0bc.","shinzi":"\uc2e0\uc9c0","sales_clerk":"\uc0ac\ubb34\uc6d0","female_student1":"\uc5ec\ud559\uc0dd 1","mother":"\uc5b4\uba38\ub2c8","father_in_law":"\uc2dc\uc544\ubc84\uc9c0","hospital_officials1":"\ubcd1\uc6d0 \uc9c1\uc6d0 1","member3":"\ud68c\uc6d0 3.","teacher2":"\uc120\uc0dd\ub2d8 2"},"/ui/720p/extra/cgpage.ui":{"rootdata":{"0":{"0":"CG"}}},"/ui/1080p/extra/routepage.ui":{"rootdata":{"0":{"0":"\uc7a5\uba74"}}},"scene":{"34":{"hidden":"END5","name":"END '\uace0\uce60 \uc218 \uc5c6\ub294 \ubcd1'"},"29":{"hidden":"END3","name":"END \"\ub610 \ube44"},"27":{"hidden":"25","name":"\ub0b4\uac00 \uc88b\uc544\ud558\ub294 \uc5b8\ub2c8."},"8":{"hidden":"08","name":"\ubcc0\ud0dc\uc758 \uc77c\uc0c1"},"6":{"hidden":"06","name":"\uc544\ub9c8\ub124\uc640\uc758 \uad00\uacc4"},"15":{"hidden":"15","name":"\uc7ac\ubbf8\uc788\ub2e4."},"5":{"hidden":"05","name":"\ucd08\ub300"},"23":{"hidden":"END1","name":"END \"\ud6c4\ub9ac \uc544\uba54"},"35":{"hidden":"END6","name":"END \"\ub2ec\ub9ac\uae30\uc758 \ub05d: ......."},"11":{"hidden":"11","name":"\ub0b4\uac00 \ubbff\ub294 \uac83..."},"26":{"hidden":"END2","name":"END \"\ube44\uc758 \ub208\ubb3c"},"36":{"hidden":"\ube44\ubc00 \ub05d","name":"END \"\ub274 \ucf5c \ub808\uc778\"."},"16":{"hidden":"16","name":"\uadf8\ub7fc \ub098\ub9cc \ubbf8\ucce4\ub098?"},"25":{"hidden":"24","name":"\uc2ac\ud514\uc758 \uc2dc\uac04\uc5d0 \ub0b4\ub9ac\ub294 \ube44"},"4":{"hidden":"04","name":"\uce5c\uad6c"},"22":{"hidden":"22","name":"\ud600\uc758 \ubbf8\ub044\ub7ec\uc9d0"},"12":{"hidden":"12","name":"\uc57c\ub9cc\uc801\uc778 \ud589\uc704"},"18":{"hidden":"18","name":"\uad74\ub7ec\uac00\uae30 \uc2dc\uc791\ud55c \ub3cc."},"21":{"hidden":"21","name":"\uc544\ub9c8\ub124 \uc2a4\uc704\uce58"},"1":{"hidden":"01","name":"\uc2e0\uc785\uc0dd..."},"0":{"hidden":"00","name":"\uc544\ub9c8\ub124"},"7":{"hidden":"07","name":"\uad6c\uba4d\uc774 \uac00\ub4dd\ud558\ub2e4"},"17":{"hidden":"17","name":"\uc120\ud0dd"},"32":{"hidden":"28","name":"\ud1a0\uc9c0\uc18c\uc720\uad8c \uc778\uc815(\ub9c9\ubd80, \uc601\uc8fc \ub4f1)"},"24":{"hidden":"23","name":"\ub09c \ub110 \uc0dd\uac01\ud558\ub294 \uc911\uc774 \uc5c8\uc5b4."},"9":{"hidden":"09","name":"\ud1b1\ub2c8\ubc14\ud034"},"19":{"hidden":"19","name":"\uc5b4\ub5bb\uac8c \uc774\ub7f0\uc77c\uc774 \uc77c\uc5b4 \ub0ac\uc2b5\ub2c8\uae4c?"},"30":{"hidden":"27","name":"\uc790\uc720 \uc758\uc9c0"},"10":{"hidden":"10","name":"\uc554\uc0b4\uc790"},"14":{"hidden":"14","name":"\uc77c\uc2dc\uc801\uc778 \ub9c8\uc74c\uc758 \ud3c9\ud654"},"3":{"hidden":"03","name":"\uc544\ub9c8\ub124\uc640 \ube44"},"31":{"hidden":"END4","name":"END \"\ub3cc\uaca9\uc758 \ub05d: ......."},"2":{"hidden":"02","name":"\ud589\ubcf5\ud55c \uc2dc\uac04"},"28":{"hidden":"26","name":"\uccb4\uc9c8(\uc2e0\uccb4)"},"13":{"hidden":"13","name":"\uc774\uc81c \uc6b0\ub9ac\ub294 \ud568\uaed8\ud569\ub2c8\ub2e4."},"33":{"hidden":"29","name":"\ud488\uc704\uc788\ub294"},"20":{"hidden":"20","name":"\uc8fd\uc5b4\uac00\ub294 \uc21c\uac04\ub4e4"}},"/img/720p/bg/ED0006_a.ui":{"rootdata":{"0":{"1":"\uc0dd\uc0b0","2":"\ub77c\uc774\ub4dc \uc628 \uc6cd\uc2a4, Inc."}}},"/ui/720p/extra/soundpage.ui":{"rootdata":{"0":{"0":"\uc18c\ub9ac"}}},"/ui/common/title/btn_start.ui":{"rootdata":{"0":"\uc2dc\uc791"}},"/img/720p/bg/ED0007_a.ui":{"rootdata":{"0":{"1":"\uc9c0\ub290\ub7ec\ubbf8"}}},"/img/1080p/bg/ED0002_a.ui":{"rootdata":{"0":{"1":"\uc0dd\uc0b0\ud558\ub2e4","2":"\ud3ad\uadc4","3":"\ub958\uc138\uc774"}}},"/ui/common/ui/btn_back.ui":{"rootdata":{"2":"\ub4a4\ucabd\uc5d0"}},"/ui/common/title/btn_load.ui":{"rootdata":{"0":"\uc9d0"}},"/ui/720p/language/language.ui":{"rootdata":{"1":"\uc5b8\uc5b4"}},"/ui/common/extra/achieve.ui":{"rootdata":{"1":"\uc131\ucde8\uc728"}},"/ui/720p/talk/log.ui":{"rootdata":{"0":{"1":"\ubc31\ub85c\uadf8"}}},"/img/1080p/bg/ED0000_a.ui":{"rootdata":{"0":{"1":"\uc624\ub9ac\uc9c0\ub110 \uc544\uc774\ub514\uc5b4, \ube14\ub799 \uc2a4\uc644, \"\uc544\ub9c8\ub124 \uc2a4\uc704\uce58\""}}},"/img/720p/bg/ED0004_a.ui":{"rootdata":{"0":{"1":"\uc885\ud569 \uc0dd\uc0b0","2":"\ubd80\uc2dc"}}},"/ui/720p/extra/scenepage.ui":{"rootdata":{"0":{"0":"\uc7a5\uba74"}}},"/ui/1080p/extra/soundpage.ui":{"rootdata":{"0":{"0":"\uc18c\ub9ac"}}},"/img/1080p/bg/ED0004_a.ui":{"rootdata":{"0":{"1":"\uc885\ud569 \uc0dd\uc0b0","2":"\ubd80\uc2dc"}}},"/ui/common/extra/btn_thumbnail.ui":{"rootdata":{"0":{"1":"\ub370\uc774\ud130 \uc5c6\uc74c"}}},"/ui/common/title/btn_config.ui":{"rootdata":{"0":"\uad6c\uc131"}},"/img/720p/bg/ED0002_a.ui":{"rootdata":{"0":{"1":"\uc0dd\uc0b0\ud558\ub2e4","2":"\ud3ad\uadc4","3":"\ub958\uc138\uc774"}}},"/img/1080p/bg/ED0005_a.ui":{"rootdata":{"0":{"1":"\uc0dd\uc0b0 \ud611\ub825","2":"\uc0ac\uc774\ubc84\uc2a4\ud15d \uc8fc\uc2dd\ud68c\uc0ac"}}},"/img/720p/bg/ED0005_a.ui":{"rootdata":{"0":{"1":"\uc0dd\uc0b0 \ud611\ub825","2":"\uc0ac\uc774\ubc84\uc2a4\ud15d \uc8fc\uc2dd\ud68c\uc0ac"}}},"/ui/common/extra/btn_cg.ui":{"rootdata":{"2":"CG"}},"/ui/1080p/language/language.ui":{"rootdata":{"1":"\uc5b8\uc5b4"}},"/ui/common/config/btn_system.ui":{"rootdata":{"2":"\uccb4\uacc4"}},"/ui/1080p/storage/storage.ui":{"rootdata":{"1":"\uad6c\ud558\ub2e4"}},"/img/1080p/bg/ED0006_a.ui":{"rootdata":{"0":{"1":"\uc0dd\uc0b0","2":"\ub77c\uc774\ub4dc \uc628 \uc6cd\uc2a4, Inc."}}},"/ui/720p/extra/routepage.ui":{"rootdata":{"0":{"0":"\uc7a5\uba74"}}},"bgm":{"insecurity":{"label":"\uc6b0\uc6b8"},"eye1":{"label":"\uc6c5\ub369\uc774"},"h1":{"label":"\ub9ac\ud50c"},"rain":{"label":"\ucc2c\ubc14\ub78c"},"sys":{"label":"\uace0\uc694\ud55c \ud638\uc218"},"eye2":{"label":"\ud750\ub9b0 \ud558\ub298(\ub0a0\uc528)"},"sir":{"label":"\uc808\ub9dd"},"op":{"label":"\uc544\ub9c8\ub124"},"ed":{"label":"\ub113\uc740 \ud558\ub298\uc5d0 \ub179\uc544"},"healing":{"label":"(\uc0ac\ub78c\uc758) \ub9c8\uc74c\uc744 \ub9cc\uc9c0\ub2e4"},"danger":{"label":"\uc811\uadfc\ud558\ub2e4"},"h2":{"label":"\ub208\ubb3c"}},"/ui/common/extra/btn_sound.ui":{"rootdata":{"2":"\uc18c\ub9ac"}},"/ui/1080p/extra/cgpage.ui":{"rootdata":{"0":{"0":"CG"}}},"/img/1080p/bg/ED0001_a.ui":{"rootdata":{"0":{"5":"\ud0a4\uc790\ud0a4 \uc2dc\uc988\ucfe0 :. \uc6b0\ud0a4 \ub098\uc2dc\ud0a4","6":"\ubbf8\uc988\uc2dc\ub9c8 \uc720\ud0a4\uce74 :. \uba54\uc774 \uc624\uc2dc\ub85c","3":"\ubbf8\ub124\uae30\uc2dc \uc694\ucf54 :. \uc0ac\uc57c\ub9c8 \uc544\ub9ac","4":"\ud0a4\uc790\ud0a4 \uc774\uc988\ubbf8 :. \ub124\uba54\uc544 \uc774\uc624\ub9ac(\uc2a4\ud154\ub77c \uc0ac\uc774\ud074 \ucea0\ud37c\uc2a4)","1":"\uae41\uc2a4","2":"\uc544\ub9c8\ub124 \uc0ac\ud1a0\ub098\uce74 :. \uad6c\ub77c\ubaa8\uce58 \ucfc4\ucf54(\uc2a4\ud154\ub77c \uc0ac\uc774\ud074 \ucea0\ud37c\uc2a4)"}}},"/ui/common/title/btn_extra.ui":{"rootdata":{"0":"\ucd94\uac00\uc758"}},"/img/720p/bg/ED0003_a.ui":{"rootdata":{"0":{"5":"\uce74\ub17c \ub77c\ud53c\ud30c\uce74","3":"\uba54\uce74\ubd80 \uc2dc\ub178\ub178\uba54","4":"\uc624\ub2c8 \ub9c8\uc720\uac8c","10":"\uc720\uc774","2":"\uce20\ud0a4\ub9c8\uce58 \uc6b0\uc0ac\uae30","7":"\uc544\ub974\ubc14\uc774\ud2b8","8":"\ubbf8\ub098\ubbf8\ub178 \ud150\uc9c0\ub178","6":"\uc6b0\ub77c\ubbf8 \ucf54\uc694","1":"\ub9ac\uba54\uc774\ud06c \uc2a4\ud0dc\ud504","9":"\ub9c8\uc778 \ud558\uce58\ubbf8\uce20"}}},"/ui/common/extra/btn_scene.ui":{"rootdata":{"2":"\uc7a5\uba74"}},"/img/720p/bg/ED0001_a.ui":{"rootdata":{"0":{"5":"\ud0a4\uc790\ud0a4 \uc2dc\uc988\ucfe0 :. \uc6b0\ud0a4 \ub098\uc2dc\ud0a4","6":"\ubbf8\uc988\uc2dc\ub9c8 \uc720\ud0a4\uce74 :. \uba54\uc774 \uc624\uc2dc\ub85c","3":"\ubbf8\ub124\uae30\uc2dc \uc694\ucf54 :. \uc0ac\uc57c\ub9c8 \uc544\ub9ac","4":"\ud0a4\uc790\ud0a4 \uc774\uc988\ubbf8 :. \ub124\uba54\uc544 \uc774\uc624\ub9ac(\uc2a4\ud154\ub77c \uc0ac\uc774\ud074 \ucea0\ud37c\uc2a4)","1":"\uae41\uc2a4","2":"\uc544\ub9c8\ub124 \uc0ac\ud1a0\ub098\uce74 :. \uad6c\ub77c\ubaa8\uce58 \ucfc4\ucf54(\uc2a4\ud154\ub77c \uc0ac\uc774\ud074 \ucea0\ud37c\uc2a4)"}}},"dict":{"title.translate.cancaled":"\ub2e4\uc6b4\ub85c\ub4dc\uac00 \uc911\ub2e8\ub418\uace0 \uc5b8\uc5b4 \uc124\uc815\uc774 \ucd08\uae30\ud654\ub429\ub2c8\ub2e4.","talk.quickload.confirm.yes":"\uc7ac\uac1c\ud558\uaca0\uc2b5\ub2c8\ub2e4.","title.continue.confirm.yes":"\uc7ac\uac1c\ud558\uaca0\uc2b5\ub2c8\ub2e4.","config.10.0":"\ud604\uc9c0\uc758","storage.title.save":"\uad6c\ud558\ub2e4","language.restart":"\ud0c0\uc774\ud2c0 \ud654\uba74\uc73c\ub85c \ub3cc\uc544\uac11\ub2c8\ub2e4.","config.6":"\uba54\uc2dc\uc9c0 \ucc3d \ud22c\uba85\ub3c4","title.continue.confirm":"\uc800\uc7a5\ub41c \uc7a5\uba74\uc5d0\uc11c \ub2e4\uc2dc \uc2dc\uc791\ud558\uc2dc\uaca0\uc2b5\ub2c8\uae4c?","title.continue.nodata":"\uc138\uc774\ube0c \ub370\uc774\ud130\uac00 \uc5c6\uc2b5\ub2c8\ub2e4.","storage.date":"\ub0a0\uc9dc :","config.1":"\ubc30\uacbd \uc74c\uc545","config.8.0":"\ud604\uc9c0\uc758","extra.scene.confirm":"\uc774 \uc7a5\uba74\ubd80\ud130 \uc2dc\uc791\ud558\uc2dc\uaca0\uc2b5\ub2c8\uae4c?","title.translate.confirm.yes":"\ub2e4\uc6b4\ub85c\ub4dc","title.translate.confirm":"%s \uc5d0\uc11c \uac8c\uc784\uc744 \uc2dc\uc791\ud558\ub294 \ub370 \ud544\uc694\ud55c \uc5c5\ub370\uc774\ud2b8 \ud30c\uc77c\uc744 \ub2e4\uc6b4\ub85c\ub4dc\ud569\ub2c8\ub2e4.","common.dialog.message.exit.yes":"\ucd9c\uad6c.","common.dialog.btn.no":"\ucde8\uc18c","language.confirm.yes":"\ubcc0\ud654.","config.10.1":"\uac00\uce58\uac00\uc788\ub2e4","storage.label.none":"\ub370\uc774\ud130 \uc5c6\uc74c","language.confirm":"\uc0ac\uc6a9\ud558\ub294 \uc5b8\uc5b4\ub97c %s \ub85c \ubcc0\uacbd\ud558\uc2dc\uaca0\uc2b5\ub2c8\uae4c?","config.10":"\uc774\ubbf8 \uc77d\uc740 \ubb38\uc7a5\uc758 \uc0c9\uc0c1 \ubcc0\uacbd","storage.title.load":"\uc9d0","config.5":"\uc790\ub3d9 \ubaa8\ub4dc \uc18d\ub3c4","config.7.all":"\ubaa8\ub450","config.8":"\uc120\ud0dd \ud6c4 \uacc4\uc18d \uac74\ub108\ub6f0\uae30","config.9.1":"\uac00\uce58\uac00\uc788\ub2e4","common.dialog.btn.yes":"\uc88b\uc544\uc694","config.tab.system":"\uccb4\uacc4","extra.cg.dialog.page":"%d / %d","common.dialog.message.save.yes":"\uc800\uc7a5","common.dialog.message.load.yes":"\uc9d0","common.dialog.message.save":"\uc800\uc7a5\ud558\uc2dc\uaca0\uc2b5\ub2c8\uae4c?","config.7.read":"\uc77d\uae30 \uc804\uc6a9","config.3":"\ubaa9\uc18c\ub9ac","config.9.0":"\ud604\uc9c0\uc758","config.reset.confirm.yes":"\ucd08\uae30\ud654\ud569\ub2c8\ub2e4.","talk.quickload.confirm":"\uc800\uc7a5\ub41c \uc7a5\uba74\uc5d0\uc11c \ub2e4\uc2dc \uc2dc\uc791\ud558\uc2dc\uaca0\uc2b5\ub2c8\uae4c?","config.tab.sound":"\uc18c\ub9ac","talk.quicksave.message":"\uac8c\uc784\uc744 \uc800\uc7a5\ud588\uc2b5\ub2c8\ub2e4. \ud604\uc7ac \uc7a5\uba74\uc5d0\uc11c \ub2e4\uc2dc \uc2dc\uc791\ud560 \uc218 \uc788\uc2b5\ub2c8\ub2e4.","config.4":"\ubb38\uc790 \ud45c\uc2dc \uc18d\ub3c4","config.reset.confirm":"\uc124\uc815\uc744 \ucd08\uae30\ud654\ud558\uc2dc\uaca0\uc2b5\ub2c8\uae4c?","common.dialog.message.download":"\ub2e4\uc6b4\ub85c\ub4dc \uc911.","title.translate.notallowed":"\ud544\uc694\ud55c \ud30c\uc77c\uc774 \uc5c6\uae30 \ub54c\ubb38\uc5d0 \uc5b8\uc5b4 \uc124\uc815\uc744 \ucd08\uae30\ud654\ud558\uc2ed\uc2dc\uc624.","storage.date.none":"--/--/-- --:--","common.dialog.btn.cancel":"\uc911\ub2e8","language.error.2":"\uc11c\ubc84\uc5d0 \uc561\uc138\uc2a4\ud560 \uc218 \uc5c6\uc2b5\ub2c8\ub2e4.","config.7":"\uc2a4\ud0b5 \ubaa8\ub4dc","language.error.1":"\uc11c\ubc84 \uc810\uac80 \uc911\uc785\ub2c8\ub2e4.","config.9":"\uc120\ud0dd \ud6c4 \uc790\ub3d9 \ubaa8\ub4dc \uacc4\uc18d","common.dialog.message.title":"\ud0c0\uc774\ud2c0 \ud654\uba74\uc73c\ub85c \ub3cc\uc544\uac00\uc2dc\uaca0\uc2b5\ub2c8\uae4c?","extra.scene.confirm.yes":"\uc2dc\uc791\ud569\ub2c8\ub2e4.","common.dialog.message.load":"\ub85c\ub4dc\ud558\uc2dc\uaca0\uc2b5\ub2c8\uae4c?","common.dialog.message.title.yes":"\uc81c\ubaa9\uc73c\ub85c","config.2":"SE","config.8.1":"\uac00\uce58\uac00\uc788\ub2e4","title.translate.failed":"\ub2e4\uc6b4\ub85c\ub4dc\uc5d0 \uc2e4\ud328\ud558\uc5ec \uc5b8\uc5b4 \uc124\uc815\uc744 \ucd08\uae30\ud654\ud558\uc2ed\uc2dc\uc624.","common.dialog.message.exit":"\uac8c\uc784\uc744 \uc885\ub8cc\ud558\uc2dc\uaca0\uc2b5\ub2c8\uae4c?","language.error.255":"\uc11c\ubc84\ub97c \uc0ac\uc6a9\ud560 \uc218 \uc5c6\uc2b5\ub2c8\ub2e4."},"/ui/common/config/btn_sound.ui":{"rootdata":{"2":"\uc18c\ub9ac"}},"/ui/common/ui/btn_title.ui":{"rootdata":{"2":"\uc81c\ubaa9"}},"/ui/720p/storage/storage.ui":{"rootdata":{"1":"\uad6c\ud558\ub2e4"}},"/ui/common/storage/datum.ui":{"rootdata":{"3":{"1":"\ub370\uc774\ud130 \uc5c6\uc74c"}}},"/ui/720p/config/config.ui":{"rootdata":{"1":"\uccb4\uacc4"}},"/ui/common/title/btn_language.ui":{"rootdata":{"0":"\uc5b8\uc5b4"}}}