{"/ui/1080p/talk/log.ui":{"rootdata":{"0":{"1":"BackLog"}}},"/ui/common/config/btn_reset.ui":{"rootdata":{"2":"Atiestat\u012bt"}},"/ui/1080p/extra/scenepage.ui":{"rootdata":{"0":{"0":"ainas"}}},"/img/1080p/bg/ED0003_a.ui":{"rootdata":{"0":{"5":"Kanons Rapipaka","3":"Mekabu Shinonome","4":"Oni MAYUGE","10":"Yui","2":"Cukima\u010di Usagi","7":"arp","8":"Minami no Tenjino","6":"Kojo Urami","1":"P\u0101rtais\u012bt person\u0101lu","9":"Majins Ha\u010dimitsu"}}},"/img/720p/bg/ED0000_a.ui":{"rootdata":{"0":{"1":"Ori\u0123in\u0101l\u0101 ideja, Black Swan, \"Amane Switch\""}}},"/ui/1080p/config/config.ui":{"rootdata":{"1":"sist\u0113ma"}},"/ui/common/title/btn_continue.ui":{"rootdata":{"0":"Turpin\u0101t"}},"/img/1080p/bg/ED0007_a.ui":{"rootdata":{"0":{"1":"fin"}}},"/ui/common/ui/btn_exit.ui":{"rootdata":{"2":"Izeja"}},"character":{"1st_grade":"pirm\u0101 kursa studente","cat":"ka\u0137is","female_student2":"Studente 2","police_officer":"policists","friend":"draugs","doctor":"\u0101rsts","teacher":"skolot\u0101js (klas\u0113)","amane":"Amane","female":"sieviete","amane_with_mother":"M\u0101te. Amane","pe_teacher":"fizisk\u0101s audzin\u0101\u0161anas skolot\u0101js","director":"(skolas) kluba vad\u012bt\u0101js","theater_tirector":"dr\u0101mas noda\u013cas vad\u012bt\u0101js","School_principal":"galvenais","theater_member":"te\u0101tra trupas dal\u012bbnieks","police_officer2":"Policists 2","nurse":"re\u0123istr\u0113ta medm\u0101sa","yukika":"Jukika","teacher1":"Skolot\u0101js 1","hospital_officials":"slimn\u012bcas person\u0101ls","soccer_member":"futbola klubs","store_manager":"veikala vad\u012bt\u0101js","3rd_grade":"tre\u0161\u0101 kursa studente","unknown":"Kas?","wet_woman":"Izmirkusi sieviete","police_officer3":"Policists 3.","4heroines":"Yoko & Izumi & Shizuku & Yukika","female_student":"studente","Students":"studenti","literary_club_Director":"liter\u0101r\u0101s noda\u013cas vad\u012bt\u0101js","part_time_job":"baits","youko":"Joko","male":"v\u012bri\u0161\u0137ais dzimums","children":"b\u0113rns","youhei":"Johei","Audiovisual_committee":"sensor\u0101s at\u0146em\u0161anas komitejas loceklis","male_student":"v\u012brietis students","izumi":"Izumi","child":"b\u0113rniem","male_student2":"Students v\u012brietis 2","hospital_officials2":"Slimn\u012bcas person\u0101ls 2","police_officer1":"Policijas darbinieks 1","classmate":"klasesbiedrs","member2":"2. dal\u012bbnieks.","athletics_member":"vieglatl\u0113tikas kluba biedrs","male_student1":"Students v\u012brietis 1","resident":"iedz\u012bvot\u0101js","homeroom_teacher":"m\u0101jas skolot\u0101ja","father":"t\u0113vs","police_officer4":"Policists 4.","literary_club_member":"liter\u0101rais darbinieks","customer":"klientu","softball_member":"programmat\u016bras noda\u013ca","baseball_member":"beisbola klubs (ti, universit\u0101tes, korpor\u0101cijas uc beisbola komanda)","male_student3":"Students v\u012brietis 3","news_caster":"ritenti\u0146\u0161","teacher4":"Skolot\u0101js \u010detri.","shizuku":"\u0160izuku","vice-president":"viceprezidents (kluba vai organiz\u0101cijas, organiz\u0101cijas)","member1":"Biedrs 1","teacher3":"Skolot\u0101js Tre\u0161ais.","shinzi":"Shinji","sales_clerk":"ier\u0113dnis","female_student1":"Studente 1","mother":"m\u0101te","father_in_law":"v\u012brat\u0113vs","hospital_officials1":"Slimn\u012bcas person\u0101ls 1","member3":"3. dal\u012bbnieks.","teacher2":"Skolot\u0101js 2"},"/ui/720p/extra/cgpage.ui":{"rootdata":{"0":{"0":"CG"}}},"/ui/1080p/extra/routepage.ui":{"rootdata":{"0":{"0":"ainas"}}},"scene":{"34":{"hidden":"BEIGAS5","name":"BEIGAS \"Slim\u012bba, kuru nevar iz\u0101rst\u0113t\""},"29":{"hidden":"BEIGAS3","name":"BEIGAS \"atkal lietains"},"27":{"hidden":"25","name":"Mana m\u012b\u013c\u0101k\u0101 m\u0101sa."},"8":{"hidden":"08","name":"Perversijas ikdiena"},"6":{"hidden":"06","name":"Attiec\u012bbas ar Amani"},"15":{"hidden":"15","name":"Tas ir smiekl\u012bgi."},"5":{"hidden":"05","name":"iel\u016bgums"},"23":{"hidden":"BEIGAS1","name":"BEIGAS \"Ame Furi"},"35":{"hidden":"BEIGAS6","name":"BEIGAS \"Skrie\u0161anas beigas: ......"},"11":{"hidden":"11","name":"Kam es ticu..."},"26":{"hidden":"BEIGAS2","name":"BEIGAS \"Lietus asaras"},"36":{"hidden":"Slepenais BEIGAS","name":"BEIGAS \"Jauns zvanu lietus\"."},"16":{"hidden":"16","name":"T\u0101tad es esmu vien\u012bgais, kur\u0161 ir traks?"},"25":{"hidden":"24","name":"lietus l\u012bst skumju laik\u0101"},"4":{"hidden":"04","name":"draugs"},"22":{"hidden":"22","name":"m\u0113les pasl\u012bd\u0113\u0161ana"},"12":{"hidden":"12","name":"barbarisma akts"},"18":{"hidden":"18","name":"Akmens, kas s\u0101ka ripot."},"21":{"hidden":"21","name":"Amane sl\u0113dzis"},"1":{"hidden":"01","name":"Jaunais students..."},"0":{"hidden":"00","name":"Amane"},"7":{"hidden":"07","name":"ir pilns ar caurumiem"},"17":{"hidden":"17","name":"izv\u0113le"},"32":{"hidden":"28","name":"zemes \u012bpa\u0161uma ties\u012bbu atz\u012b\u0161ana (\u0161ogun\u0101ta, feod\u0101\u013ca uc)"},"24":{"hidden":"23","name":"Es dom\u0101ju par tevi."},"9":{"hidden":"09","name":"zobrats"},"19":{"hidden":"19","name":"K\u0101 tas notika?"},"30":{"hidden":"27","name":"br\u012bv\u0101 griba"},"10":{"hidden":"10","name":"slepkava"},"14":{"hidden":"14","name":"\u012bslaic\u012bgs sirdsmiers"},"3":{"hidden":"03","name":"Amane un lietus"},"31":{"hidden":"BEIGAS4","name":"BEIGAS \"Uzbrukuma beigas: ......"},"2":{"hidden":"02","name":"Laim\u012bgs laiks"},"28":{"hidden":"26","name":"konstit\u016bcija (fizisk\u0101)"},"13":{"hidden":"13","name":"Tagad m\u0113s esam kop\u0101."},"33":{"hidden":"29","name":"piekl\u0101j\u012bgs"},"20":{"hidden":"20","name":"mirsto\u0161ie mirk\u013ci"}},"/img/720p/bg/ED0006_a.ui":{"rootdata":{"0":{"1":"ra\u017eo\u0161anu","2":"Ride On Works, Inc."}}},"/ui/720p/extra/soundpage.ui":{"rootdata":{"0":{"0":"ska\u0146u"}}},"/ui/common/title/btn_start.ui":{"rootdata":{"0":"s\u0101kt"}},"/img/720p/bg/ED0007_a.ui":{"rootdata":{"0":{"1":"fin"}}},"/img/1080p/bg/ED0002_a.ui":{"rootdata":{"0":{"1":"ra\u017eot","2":"Pengin","3":"Ryusei"}}},"/ui/common/ui/btn_back.ui":{"rootdata":{"2":"atpaka\u013c"}},"/ui/common/title/btn_load.ui":{"rootdata":{"0":"slodze"}},"/ui/720p/language/language.ui":{"rootdata":{"1":"Valoda"}},"/ui/common/extra/achieve.ui":{"rootdata":{"1":"sasniegumu l\u012bmenis"}},"/ui/720p/talk/log.ui":{"rootdata":{"0":{"1":"BackLog"}}},"/img/1080p/bg/ED0000_a.ui":{"rootdata":{"0":{"1":"Ori\u0123in\u0101l\u0101 ideja, Black Swan, \"Amane Switch\""}}},"/img/720p/bg/ED0004_a.ui":{"rootdata":{"0":{"1":"visaptvero\u0161a ra\u017eo\u0161ana","2":"Bu\u0161i"}}},"/ui/720p/extra/scenepage.ui":{"rootdata":{"0":{"0":"ainas"}}},"/ui/1080p/extra/soundpage.ui":{"rootdata":{"0":{"0":"ska\u0146u"}}},"/img/1080p/bg/ED0004_a.ui":{"rootdata":{"0":{"1":"visaptvero\u0161a ra\u017eo\u0161ana","2":"Bu\u0161i"}}},"/ui/common/extra/btn_thumbnail.ui":{"rootdata":{"0":{"1":"Nav datu"}}},"/ui/common/title/btn_config.ui":{"rootdata":{"0":"Konfig"}},"/img/720p/bg/ED0002_a.ui":{"rootdata":{"0":{"1":"ra\u017eot","2":"Pengin","3":"Ryusei"}}},"/img/1080p/bg/ED0005_a.ui":{"rootdata":{"0":{"1":"ra\u017eo\u0161anas sadarb\u012bba","2":"Cyber Step Corporation"}}},"/img/720p/bg/ED0005_a.ui":{"rootdata":{"0":{"1":"ra\u017eo\u0161anas sadarb\u012bba","2":"Cyber Step Corporation"}}},"/ui/common/extra/btn_cg.ui":{"rootdata":{"2":"CG"}},"/ui/1080p/language/language.ui":{"rootdata":{"1":"Valoda"}},"/ui/common/config/btn_system.ui":{"rootdata":{"2":"sist\u0113ma"}},"/ui/1080p/storage/storage.ui":{"rootdata":{"1":"Saglab\u0101t"}},"/img/1080p/bg/ED0006_a.ui":{"rootdata":{"0":{"1":"ra\u017eo\u0161anu","2":"Ride On Works, Inc."}}},"/ui/720p/extra/routepage.ui":{"rootdata":{"0":{"0":"ainas"}}},"bgm":{"insecurity":{"label":"melanholija"},"eye1":{"label":"pe\u013c\u0137\u0113 prom"},"h1":{"label":"vi\u013c\u0146o\u0161an\u0101s"},"rain":{"label":"auksts v\u0113j\u0161"},"sys":{"label":"Klusais ezers"},"eye2":{"label":"m\u0101ko\u0146ainas debesis (laiks)"},"sir":{"label":"izmisums"},"op":{"label":"Amane"},"ed":{"label":"Izk\u016bst pla\u0161aj\u0101s debes\u012bs"},"healing":{"label":"pieskarties (cilv\u0113ka) sirdij"},"danger":{"label":"tuvojas"},"h2":{"label":"asaras"}},"/ui/common/extra/btn_sound.ui":{"rootdata":{"2":"ska\u0146u"}},"/ui/1080p/extra/cgpage.ui":{"rootdata":{"0":{"0":"CG"}}},"/img/1080p/bg/ED0001_a.ui":{"rootdata":{"0":{"5":"\u0160izuku Kizaki :. Uki Na\u0161iki","6":"Jukika Mizu\u0161ima:. Mei O\u0161iro","3":"Yoko Minegishi:. Ari Sajama","4":"Izumi Kizaki :. Nemea Iori (Zvaig\u017e\u0146u cikla pils\u0113ti\u0146a)","1":"cast","2":"Amane Satonaka :. Kyoko Kuramochi (Zvaig\u017e\u0146u cikla pils\u0113ti\u0146a)"}}},"/ui/common/title/btn_extra.ui":{"rootdata":{"0":"Papildus"}},"/img/720p/bg/ED0003_a.ui":{"rootdata":{"0":{"5":"Kanons Rapipaka","3":"Mekabu Shinonome","4":"Oni MAYUGE","10":"Yui","2":"Cukima\u010di Usagi","7":"arp","8":"Minami no Tenjino","6":"Kojo Urami","1":"P\u0101rtais\u012bt person\u0101lu","9":"Majins Ha\u010dimitsu"}}},"/ui/common/extra/btn_scene.ui":{"rootdata":{"2":"ainas"}},"/img/720p/bg/ED0001_a.ui":{"rootdata":{"0":{"5":"\u0160izuku Kizaki :. Uki Na\u0161iki","6":"Jukika Mizu\u0161ima:. Mei O\u0161iro","3":"Yoko Minegishi:. Ari Sajama","4":"Izumi Kizaki :. Nemea Iori (Zvaig\u017e\u0146u cikla pils\u0113ti\u0146a)","1":"cast","2":"Amane Satonaka :. Kyoko Kuramochi (Zvaig\u017e\u0146u cikla pils\u0113ti\u0146a)"}}},"dict":{"title.translate.cancaled":"Lejupiel\u0101de ir p\u0101rtraukta, un valodas iestat\u012bjumi ir inicializ\u0113ti.","talk.quickload.confirm.yes":"M\u0113s ats\u0101ksim.","title.continue.confirm.yes":"M\u0113s ats\u0101ksim.","config.10.0":"viet\u0113jais","storage.title.save":"Saglab\u0101t","language.restart":"Atgriezieties virsraksta ekr\u0101n\u0101.","config.6":"zi\u0146ojumu loga caursp\u012bd\u012bgums","title.continue.confirm":"Vai v\u0113laties ats\u0101kt no saglab\u0101tas ainas?","title.continue.nodata":"Nav datu saglab\u0101\u0161anas.","storage.date":"Datums :","config.1":"fona m\u016bzika","config.8.0":"viet\u0113jais","extra.scene.confirm":"Vai v\u0113laties s\u0101kt ar \u0161o ainu?","title.translate.confirm.yes":"lejupiel\u0101d\u0113t","title.translate.confirm":"Lejupiel\u0101d\u0113jiet atjaunin\u0101\u0161anas failus, kas nepiecie\u0161ami sp\u0113les s\u0101k\u0161anai vietn\u0113 %s .","common.dialog.message.exit.yes":"Izeja.","common.dialog.btn.no":"atcelt","language.confirm.yes":"Main\u012bt.","config.10.1":"b\u016bt v\u0113rtam","storage.label.none":"Nav datu","language.confirm":"Vai v\u0113laties main\u012bt valodu uz %s ?","config.10":"Mainiet jau izlas\u012bto teikumu kr\u0101su","storage.title.load":"slodze","config.5":"Autom\u0101tisk\u0101 re\u017e\u012bma \u0101trums","config.7.all":"visi","config.8":"P\u0113c izv\u0113les izlaist turpin\u0101jumu","config.9.1":"b\u016bt v\u0113rtam","common.dialog.btn.yes":"labi","config.tab.system":"sist\u0113ma","extra.cg.dialog.page":"%d / %d","common.dialog.message.save.yes":"saglab\u0101t","common.dialog.message.load.yes":"slodze","common.dialog.message.save":"Vai v\u0113laties to saglab\u0101t?","config.7.read":"tikai las\u012bt","config.3":"BALSS","config.9.0":"viet\u0113jais","config.reset.confirm.yes":"Palaist.","talk.quickload.confirm":"Vai v\u0113laties ats\u0101kt no saglab\u0101tas ainas?","config.tab.sound":"SKA\u0145A","talk.quicksave.message":"J\u016bs esat saglab\u0101jis sp\u0113li. Varat ats\u0101kt no pa\u0161reiz\u0113j\u0101s ainas.","config.4":"rakstz\u012bmju displeja \u0101trums","config.reset.confirm":"Vai v\u0113laties inicializ\u0113t iestat\u012bjumus?","common.dialog.message.download":"Notiek lejupiel\u0101de.","title.translate.notallowed":"Inicializ\u0113jiet valodas iestat\u012bjumus, jo tr\u016bkst nepiecie\u0161amo failu.","storage.date.none":"----/--/-- --:--","common.dialog.btn.cancel":"p\u0101rtraukums","language.error.2":"Jums nav at\u013cauts piek\u013c\u016bt serverim.","config.7":"izlaist re\u017e\u012bmu","language.error.1":"Serverim tiek veikta apkope.","config.9":"Autom\u0101tisk\u0101 re\u017e\u012bma turpin\u0101jums p\u0113c atlases","common.dialog.message.title":"Vai v\u0113laties atgriezties virsraksta ekr\u0101n\u0101?","extra.scene.confirm.yes":"Uzs\u0101kt.","common.dialog.message.load":"Vai v\u0113laties iel\u0101d\u0113t?","common.dialog.message.title.yes":"Uz virsrakstu","config.2":"SE","config.8.1":"b\u016bt v\u0113rtam","title.translate.failed":"Inicializ\u0113jiet valodas iestat\u012bjumus, jo lejupiel\u0101de neizdev\u0101s.","common.dialog.message.exit":"Vai v\u0113laties iziet no sp\u0113les?","language.error.255":"Serveris nav pieejams."},"/ui/common/config/btn_sound.ui":{"rootdata":{"2":"ska\u0146u"}},"/ui/common/ui/btn_title.ui":{"rootdata":{"2":"virsraksts"}},"/ui/720p/storage/storage.ui":{"rootdata":{"1":"Saglab\u0101t"}},"/ui/common/storage/datum.ui":{"rootdata":{"3":{"1":"Nav datu"}}},"/ui/720p/config/config.ui":{"rootdata":{"1":"sist\u0113ma"}},"/ui/common/title/btn_language.ui":{"rootdata":{"0":"Valoda"}}}