{"/ui/1080p/talk/log.ui":{"rootdata":{"0":{"1":"BackLog"}}},"/ui/common/config/btn_reset.ui":{"rootdata":{"2":"Ail gychwyn"}},"/ui/1080p/extra/scenepage.ui":{"rootdata":{"0":{"0":"olygfa"}}},"/img/1080p/bg/ED0003_a.ui":{"rootdata":{"0":{"5":"Kanon Rapipaka","3":"Mekabu Shinonome","4":"MAI Oni","10":"Yui","2":"Tsukimachi Usagi","7":"arp","8":"Minami dim Tenjino","6":"Koyo Urami","1":"Ail-wneud Staff","9":"Majin Hachimitsu"}}},"/img/720p/bg/ED0000_a.ui":{"rootdata":{"0":{"1":"Syniad gwreiddiol, Black Swan, \"Amane Switch\""}}},"/ui/1080p/config/config.ui":{"rootdata":{"1":"system"}},"/ui/common/title/btn_continue.ui":{"rootdata":{"0":"Parhewch"}},"/img/1080p/bg/ED0007_a.ui":{"rootdata":{"0":{"1":"fin"}}},"/ui/common/ui/btn_exit.ui":{"rootdata":{"2":"allanfa"}},"character":{"1st_grade":"myfyriwr blwyddyn gyntaf","cat":"cath","female_student2":"Myfyriwr benywaidd 2","police_officer":"plismon","friend":"ffrind","doctor":"meddyg","teacher":"athro (ystafell ddosbarth)","amane":"Amane","female":"fenyw","amane_with_mother":"Mam. Amane","pe_teacher":"athro addysg gorfforol","director":"pennaeth clwb (ysgol)","theater_tirector":"pennaeth yr adran ddrama","School_principal":"prifathro","theater_member":"aelod o griw theatraidd","police_officer2":"Swyddog Heddlu 2","nurse":"nyrs gofrestredig","yukika":"Yukika","teacher1":"Athro 1","hospital_officials":"person\u00e9l ysbyty","soccer_member":"clwb p\u00eal-droed","store_manager":"rheolwr siop","3rd_grade":"myfyriwr trydedd flwyddyn","unknown":"Beth?","wet_woman":"Dyn gwlyb socian","police_officer3":"Swyddog Heddlu 3.","4heroines":"Yoko & Izumi & Shizuku & Yukika","female_student":"myfyriwr benywaidd","Students":"myfyrwyr","literary_club_Director":"pennaeth yr adran lenyddol","part_time_job":"beit","youko":"Yoko","male":"rhyw wrywaidd","children":"plentyn","youhei":"Yohei","Audiovisual_committee":"aelod o'r pwyllgor amddifadedd synhwyraidd","male_student":"myfyriwr gwrywaidd","izumi":"Izumi","child":"plant","male_student2":"Myfyriwr gwrywaidd 2","hospital_officials2":"Person\u00e9l yr ysbyty 2","police_officer1":"Swyddog Heddlu 1","classmate":"cyd-ddisgybl","member2":"Aelod 2.","athletics_member":"aelod clwb trac a maes","male_student1":"Myfyriwr gwrywaidd 1","resident":"preswylydd","homeroom_teacher":"athro homeroom","father":"tad","police_officer4":"Swyddog Heddlu 4.","literary_club_member":"aelod llenyddol o'r staff","customer":"cwsmer","softball_member":"adran feddalwedd","baseball_member":"clwb p\u00eal fas (hy t\u00eem p\u00eal fas prifysgol, corfforaeth, ac ati)","male_student3":"Myfyriwr gwrywaidd 3","news_caster":"caster","teacher4":"Athro Pedwar.","shizuku":"Shizuku","vice-president":"is-lywydd (clwb neu sefydliad, sefydliad)","member1":"Aelod 1","teacher3":"Athro Tri.","shinzi":"Shinji","sales_clerk":"clerc","female_student1":"Myfyriwr benywaidd 1","mother":"mam","father_in_law":"tad-yng-nghyfraith","hospital_officials1":"Person\u00e9l yr ysbyty 1","member3":"Aelod 3.","teacher2":"Athro 2"},"/ui/720p/extra/cgpage.ui":{"rootdata":{"0":{"0":"CG"}}},"/ui/1080p/extra/routepage.ui":{"rootdata":{"0":{"0":"olygfa"}}},"scene":{"34":{"hidden":"DIWEDD 5","name":"DIWEDD 'Y clefyd na ellir ei wella'"},"29":{"hidden":"END3","name":"DIWEDD \"glawog eto"},"27":{"hidden":"25","name":"Fy hoff chwaer."},"8":{"hidden":"08","name":"Bywyd beunyddiol gwyrdroi"},"6":{"hidden":"06","name":"Perthynas ag Amane"},"15":{"hidden":"15","name":"Mae'n ddoniol."},"5":{"hidden":"05","name":"gwahoddiad"},"23":{"hidden":"DIWEDD1","name":"DIWEDD \"Ame Furi"},"35":{"hidden":"DIWEDD 6","name":"DIWEDD \"Diwedd y Rhedeg: ......"},"11":{"hidden":"11","name":"Yr hyn rwy'n credu ynddo ..."},"26":{"hidden":"DIWEDD 2","name":"DIWEDD \"Dagrau Glaw"},"36":{"hidden":"DIWEDD Cyfrinachol","name":"DIWEDD \"Glaw Galwad Newydd\"."},"16":{"hidden":"16","name":"Felly fi yw'r unig un sy'n wallgof?"},"25":{"hidden":"24","name":"glaw yn cwympo ar adeg o dristwch"},"4":{"hidden":"04","name":"ffrind"},"22":{"hidden":"22","name":"slip y tafod"},"12":{"hidden":"12","name":"gweithred o farbariaeth"},"18":{"hidden":"18","name":"Y garreg a ddechreuodd rolio."},"21":{"hidden":"21","name":"Newid Amane"},"1":{"hidden":"01","name":"Y myfyriwr newydd ..."},"0":{"hidden":"00","name":"Amane"},"7":{"hidden":"07","name":"bod yn llawn tyllau"},"17":{"hidden":"17","name":"dewis"},"32":{"hidden":"28","name":"cydnabod hawl i berchnogaeth tir (gan y shogunate, arglwydd ffiwdal, ac ati)"},"24":{"hidden":"23","name":"Roeddwn i'n meddwl amdanoch chi."},"9":{"hidden":"09","name":"cog-olwyn"},"19":{"hidden":"19","name":"Sut digwyddodd hyn?"},"30":{"hidden":"27","name":"ewyllys rhydd"},"10":{"hidden":"10","name":"llofrudd"},"14":{"hidden":"14","name":"tawelwch meddwl dros dro"},"3":{"hidden":"03","name":"Amane a glaw"},"31":{"hidden":"END4","name":"DIWEDD \"Diwedd Ymosodiad: ......"},"2":{"hidden":"02","name":"Amser hapus"},"28":{"hidden":"26","name":"cyfansoddiad (corfforol)"},"13":{"hidden":"13","name":"Nawr rydyn ni gyda'n gilydd."},"33":{"hidden":"29","name":"gweddus"},"20":{"hidden":"20","name":"eiliadau marw"}},"/img/720p/bg/ED0006_a.ui":{"rootdata":{"0":{"1":"cynhyrchu","2":"Ride On Works, Inc."}}},"/ui/720p/extra/soundpage.ui":{"rootdata":{"0":{"0":"sain"}}},"/ui/common/title/btn_start.ui":{"rootdata":{"0":"dechrau"}},"/img/720p/bg/ED0007_a.ui":{"rootdata":{"0":{"1":"fin"}}},"/img/1080p/bg/ED0002_a.ui":{"rootdata":{"0":{"1":"cynhyrchu","2":"Pengin","3":"Ryusei"}}},"/ui/common/ui/btn_back.ui":{"rootdata":{"2":"yn \u00f4l"}},"/ui/common/title/btn_load.ui":{"rootdata":{"0":"llwyth"}},"/ui/720p/language/language.ui":{"rootdata":{"1":"Iaith"}},"/ui/common/extra/achieve.ui":{"rootdata":{"1":"cyfradd cyflawniad"}},"/ui/720p/talk/log.ui":{"rootdata":{"0":{"1":"BackLog"}}},"/img/1080p/bg/ED0000_a.ui":{"rootdata":{"0":{"1":"Syniad gwreiddiol, Black Swan, \"Amane Switch\""}}},"/img/720p/bg/ED0004_a.ui":{"rootdata":{"0":{"1":"cynhyrchu cynhwysfawr","2":"Bushi"}}},"/ui/720p/extra/scenepage.ui":{"rootdata":{"0":{"0":"olygfa"}}},"/ui/1080p/extra/soundpage.ui":{"rootdata":{"0":{"0":"sain"}}},"/img/1080p/bg/ED0004_a.ui":{"rootdata":{"0":{"1":"cynhyrchu cynhwysfawr","2":"Bushi"}}},"/ui/common/extra/btn_thumbnail.ui":{"rootdata":{"0":{"1":"NoData"}}},"/ui/common/title/btn_config.ui":{"rootdata":{"0":"Ffurfweddu"}},"/img/720p/bg/ED0002_a.ui":{"rootdata":{"0":{"1":"cynhyrchu","2":"Pengin","3":"Ryusei"}}},"/img/1080p/bg/ED0005_a.ui":{"rootdata":{"0":{"1":"cydweithredu cynhyrchu","2":"Gorfforaeth Cyber Step"}}},"/img/720p/bg/ED0005_a.ui":{"rootdata":{"0":{"1":"cydweithredu cynhyrchu","2":"Gorfforaeth Cyber Step"}}},"/ui/common/extra/btn_cg.ui":{"rootdata":{"2":"CG"}},"/ui/1080p/language/language.ui":{"rootdata":{"1":"Iaith"}},"/ui/common/config/btn_system.ui":{"rootdata":{"2":"system"}},"/ui/1080p/storage/storage.ui":{"rootdata":{"1":"Arbedwch"}},"/img/1080p/bg/ED0006_a.ui":{"rootdata":{"0":{"1":"cynhyrchu","2":"Ride On Works, Inc."}}},"/ui/720p/extra/routepage.ui":{"rootdata":{"0":{"0":"olygfa"}}},"bgm":{"insecurity":{"label":"melancholy"},"eye1":{"label":"pwdlo i ffwrdd"},"h1":{"label":"crychdonni"},"rain":{"label":"gwynt oer"},"sys":{"label":"Llyn Tawel"},"eye2":{"label":"awyr gymylog (tywydd)"},"sir":{"label":"anobaith"},"op":{"label":"Amane"},"ed":{"label":"Toddi i'r awyr lydan"},"healing":{"label":"cyffwrdd (person) calon"},"danger":{"label":"bod yn agos\u00e1u"},"h2":{"label":"dagrau"}},"/ui/common/extra/btn_sound.ui":{"rootdata":{"2":"sain"}},"/ui/1080p/extra/cgpage.ui":{"rootdata":{"0":{"0":"CG"}}},"/img/1080p/bg/ED0001_a.ui":{"rootdata":{"0":{"5":"Shizuku Kizaki:. Uki Nashiki","6":"Yukika Mizushima:. Mei Oshiro","3":"Yoko Minegishi:. Ari Sayama","4":"Izumi Kizaki:. Nemea Iori (Campws Beicio Stellar)","1":"cast","2":"Amane Satonaka:. Kyoko Kuramochi (Campws Beicio Stellar)"}}},"/ui/common/title/btn_extra.ui":{"rootdata":{"0":"Ychwanegol"}},"/img/720p/bg/ED0003_a.ui":{"rootdata":{"0":{"5":"Kanon Rapipaka","3":"Mekabu Shinonome","4":"MAI Oni","10":"Yui","2":"Tsukimachi Usagi","7":"arp","8":"Minami dim Tenjino","6":"Koyo Urami","1":"Ail-wneud Staff","9":"Majin Hachimitsu"}}},"/ui/common/extra/btn_scene.ui":{"rootdata":{"2":"olygfa"}},"/img/720p/bg/ED0001_a.ui":{"rootdata":{"0":{"5":"Shizuku Kizaki:. Uki Nashiki","6":"Yukika Mizushima:. Mei Oshiro","3":"Yoko Minegishi:. Ari Sayama","4":"Izumi Kizaki:. Nemea Iori (Campws Beicio Stellar)","1":"cast","2":"Amane Satonaka:. Kyoko Kuramochi (Campws Beicio Stellar)"}}},"dict":{"title.translate.cancaled":"Amharwyd ar y dadlwythiad a chaiff y gosodiadau iaith eu sefydlu.","talk.quickload.confirm.yes":"Byddwn yn ailddechrau.","title.continue.confirm.yes":"Byddwn yn ailddechrau.","config.10.0":"lleol","storage.title.save":"Arbedwch","language.restart":"Dychwelwch i'r sgrin deitl.","config.6":"tryloywder ffenestr neges","title.continue.confirm":"Ydych chi am ailgychwyn o olygfa sydd wedi'i chadw?","title.continue.nodata":"Nid oes unrhyw ddata arbed.","storage.date":"Dyddiad:","config.1":"cerddoriaeth gefndir","config.8.0":"lleol","extra.scene.confirm":"Ydych chi am ddechrau gyda'r olygfa hon?","title.translate.confirm.yes":"lawrlwytho","title.translate.confirm":"Dadlwythwch y ffeiliau diweddaru sydd eu hangen i ddechrau'r g\u00eam yn %s .","common.dialog.message.exit.yes":"Allanfa.","common.dialog.btn.no":"canslo","language.confirm.yes":"Newid.","config.10.1":"fod yn werth","storage.label.none":"Dim data","language.confirm":"Ydych chi am newid yr iaith rydych chi'n ei defnyddio i %s ?","config.10":"Newid lliw brawddegau sydd eisoes wedi'u darllen","storage.title.load":"llwyth","config.5":"Cyflymder modd awto","config.7.all":"I gyd","config.8":"Sgipio parhad ar \u00f4l dewis","config.9.1":"fod yn werth","common.dialog.btn.yes":"iawn","config.tab.system":"system","extra.cg.dialog.page":"%d %d","common.dialog.message.save.yes":"arbed","common.dialog.message.load.yes":"llwyth","common.dialog.message.save":"Ydych chi am ei achub?","config.7.read":"darllen yn unig","config.3":"LLAIS","config.9.0":"lleol","config.reset.confirm.yes":"Cychwyn.","talk.quickload.confirm":"Ydych chi am ailgychwyn o olygfa sydd wedi'i chadw?","config.tab.sound":"SAIN","talk.quicksave.message":"Rydych chi wedi achub y g\u00eam. Gallwch chi ailddechrau o'r olygfa gyfredol.","config.4":"cyflymder arddangos cymeriad","config.reset.confirm":"Ydych chi am gychwyn y gosodiadau?","common.dialog.message.download":"Llwytho i lawr.","title.translate.notallowed":"Dechreuwch y gosodiadau iaith oherwydd bod y ffeiliau gofynnol ar goll.","storage.date.none":"---- / - / - -: -","common.dialog.btn.cancel":"ymyrraeth","language.error.2":"Ni chaniateir i chi gyrchu'r gweinydd.","config.7":"modd sgip","language.error.1":"Mae'r gweinydd yn cael ei gynnal a'i gadw.","config.9":"Parhad modd awto ar \u00f4l dewis","common.dialog.message.title":"Ydych chi eisiau dychwelyd i'r sgrin deitl?","extra.scene.confirm.yes":"Cychwyn.","common.dialog.message.load":"Ydych chi eisiau llwytho?","common.dialog.message.title.yes":"I'r teitl","config.2":"SE","config.8.1":"fod yn werth","title.translate.failed":"Dechreuwch y gosodiadau iaith oherwydd bod y dadlwythiad wedi methu.","common.dialog.message.exit":"Ydych chi am roi'r gorau i'r g\u00eam?","language.error.255":"Nid yw'r gweinydd ar gael."},"/ui/common/config/btn_sound.ui":{"rootdata":{"2":"sain"}},"/ui/common/ui/btn_title.ui":{"rootdata":{"2":"teitl"}},"/ui/720p/storage/storage.ui":{"rootdata":{"1":"Arbedwch"}},"/ui/common/storage/datum.ui":{"rootdata":{"3":{"1":"Dim Data"}}},"/ui/720p/config/config.ui":{"rootdata":{"1":"system"}},"/ui/common/title/btn_language.ui":{"rootdata":{"0":"Iaith"}}}