{"/ui/1080p/talk/log.ui":{"rootdata":{"0":{"1":"BackLog"}}},"/ui/common/config/btn_reset.ui":{"rootdata":{"2":"Zur\u00fccksetzen"}},"/ui/1080p/extra/scenepage.ui":{"rootdata":{"0":{"0":"Szene"}}},"/img/1080p/bg/ED0003_a.ui":{"rootdata":{"0":{"5":"Kanon Rapipaka","3":"Mekabu Shinonome","4":"Oni MAYUGE","10":"Yui","2":"Tsukimachi Usagi","7":"arp","8":"Minami no Tenjino","6":"Koyo Urami","1":"Remake Personal","9":"Majin Hachimitsu"}}},"/img/720p/bg/ED0000_a.ui":{"rootdata":{"0":{"1":"Originelle Idee, Schwarzer Schwan, \"Amane Switch\""}}},"/ui/1080p/config/config.ui":{"rootdata":{"1":"System"}},"/ui/common/title/btn_continue.ui":{"rootdata":{"0":"Weiter"}},"/img/1080p/bg/ED0007_a.ui":{"rootdata":{"0":{"1":"Flosse"}}},"/ui/common/ui/btn_exit.ui":{"rootdata":{"2":"Ausgang"}},"character":{"1st_grade":"Studienanf\u00e4ngerin","cat":"Katze","female_student2":"Studentin 2","police_officer":"Polizist","friend":"Freund","doctor":"Arzt","teacher":"Lehrer (Klassenzimmer)","amane":"Amane","female":"Frau","amane_with_mother":"Mutter. Amane","pe_teacher":"Sportlehrer","director":"Leiter eines (Schul-)Clubs","theater_tirector":"Leiterin der Abteilung Schauspiel","School_principal":"Auftraggeber","theater_member":"Mitglied einer Theatertruppe","police_officer2":"Polizeibeamter 2","nurse":"examinierte Krankenschwester","yukika":"Yukika","teacher1":"Lehrkraft 1","hospital_officials":"Krankenhauspersonal","soccer_member":"Fu\u00dfballverein","store_manager":"Verkaufsstellenleiter","3rd_grade":"Studentin im dritten Jahr","unknown":"Wie?","wet_woman":"Klatschnasse Frau","police_officer3":"Polizeibeamter 3.","4heroines":"Yoko & Izumi & Shizuku & Yukika","female_student":"Studentin","Students":"Studenten","literary_club_Director":"Leiterin der Literaturabteilung","part_time_job":"Byte","youko":"Yoko","male":"m\u00e4nnliches Geschlecht","children":"Kind","youhei":"Yohei","Audiovisual_committee":"Ausschussmitglied f\u00fcr sensorische Deprivation","male_student":"m\u00e4nnlicher Student","izumi":"Izumi","child":"Kinder","male_student2":"M\u00e4nnlicher Student 2","hospital_officials2":"Krankenhauspersonal 2","police_officer1":"Polizeibeamter 1","classmate":"Klassenkamerad","member2":"Mitglied 2.","athletics_member":"Leichtathletik-Clubmitglied","male_student1":"M\u00e4nnlicher Student 1","resident":"resident","homeroom_teacher":"Klassenlehrerin","father":"Vater","police_officer4":"Polizeibeamter 4.","literary_club_member":"ein literarisches Mitglied der Belegschaft","customer":"Kunde","softball_member":"Softwareabteilung","baseball_member":"Baseballverein (z. B. Baseballmannschaft einer Universit\u00e4t, eines Unternehmens usw.)","male_student3":"M\u00e4nnlicher Student 3","news_caster":"Nachlauf","teacher4":"Lehrerin Vier.","shizuku":"Shizuku","vice-president":"Vizepr\u00e4sident (eines Vereins oder einer Organisation, Organisation)","member1":"Mitglied 1","teacher3":"Lehrerin Drei.","shinzi":"Shinji","sales_clerk":"Sachbearbeiter","female_student1":"Studentin 1","mother":"Mutter","father_in_law":"Schwiegervater","hospital_officials1":"Krankenhauspersonal 1","member3":"Mitglied 3.","teacher2":"Lehrerin 2"},"/ui/720p/extra/cgpage.ui":{"rootdata":{"0":{"0":"CG"}}},"/ui/1080p/extra/routepage.ui":{"rootdata":{"0":{"0":"Szene"}}},"scene":{"34":{"hidden":"END5","name":"END 'Die Krankheit, die nicht geheilt werden kann'"},"29":{"hidden":"END3","name":"END \"wieder regnerisch"},"27":{"hidden":"25","name":"Meine Lieblingsschwester."},"8":{"hidden":"08","name":"Das t\u00e4gliche Leben der Perversion"},"6":{"hidden":"06","name":"Beziehung zu Amane"},"15":{"hidden":"15","name":"Das ist lustig."},"5":{"hidden":"05","name":"Einladung"},"23":{"hidden":"END1","name":"END \"Ame Furi"},"35":{"hidden":"END6","name":"END \"Das Ende des Laufs: ......"},"11":{"hidden":"11","name":"Woran ich glaube..."},"26":{"hidden":"END2","name":"END \"Tr\u00e4nen des Regens"},"36":{"hidden":"Geheimes ENDE","name":"END \"Neuer Anruf Regen\"."},"16":{"hidden":"16","name":"Ich bin also der Einzige, der verr\u00fcckt ist?"},"25":{"hidden":"24","name":"Regen, der in einer Zeit der Traurigkeit f\u00e4llt"},"4":{"hidden":"04","name":"Freund"},"22":{"hidden":"22","name":"Versprecher der Sprache"},"12":{"hidden":"12","name":"barbarischer Akt"},"18":{"hidden":"18","name":"Der Stein, der ins Rollen kam."},"21":{"hidden":"21","name":"Amane-Schalter"},"1":{"hidden":"01","name":"Der neue Student..."},"0":{"hidden":"00","name":"Amane"},"7":{"hidden":"07","name":"durchl\u00f6chert zu sein"},"17":{"hidden":"17","name":"Auswahl"},"32":{"hidden":"28","name":"Anerkennung des Rechts auf Landbesitz (durch das Shogunat, einen Feudalherrn usw.)"},"24":{"hidden":"23","name":"Ich habe an dich gedacht."},"9":{"hidden":"09","name":"Zahnrad"},"19":{"hidden":"19","name":"Wie konnte das passieren?"},"30":{"hidden":"27","name":"freier Wille"},"10":{"hidden":"10","name":"Meuchelm\u00f6rder"},"14":{"hidden":"14","name":"vor\u00fcbergehende Sorglosigkeit"},"3":{"hidden":"03","name":"Amane und Regen"},"31":{"hidden":"END4","name":"END \"Das Ende von Assault: ......"},"2":{"hidden":"02","name":"Gl\u00fcckliche Zeit"},"28":{"hidden":"26","name":"Verfassung (physisch)"},"13":{"hidden":"13","name":"Jetzt sind wir zusammen."},"33":{"hidden":"29","name":"anst\u00e4ndig"},"20":{"hidden":"20","name":"letzte Momente"}},"/img/720p/bg/ED0006_a.ui":{"rootdata":{"0":{"1":"Produktion","2":"Ride On Works, Inc."}}},"/ui/720p/extra/soundpage.ui":{"rootdata":{"0":{"0":"Klang"}}},"/ui/common/title/btn_start.ui":{"rootdata":{"0":"Start"}},"/img/720p/bg/ED0007_a.ui":{"rootdata":{"0":{"1":"Flosse"}}},"/img/1080p/bg/ED0002_a.ui":{"rootdata":{"0":{"1":"produzieren","2":"Pengin","3":"Ryusei"}}},"/ui/common/ui/btn_back.ui":{"rootdata":{"2":"zur\u00fcck"}},"/ui/common/title/btn_load.ui":{"rootdata":{"0":"laden"}},"/ui/720p/language/language.ui":{"rootdata":{"1":"Sprache"}},"/ui/common/extra/achieve.ui":{"rootdata":{"1":"Erreichungsgrad"}},"/ui/720p/talk/log.ui":{"rootdata":{"0":{"1":"BackLog"}}},"/img/1080p/bg/ED0000_a.ui":{"rootdata":{"0":{"1":"Originelle Idee, Schwarzer Schwan, \"Amane Switch\""}}},"/img/720p/bg/ED0004_a.ui":{"rootdata":{"0":{"1":"umfangreiche Produktion","2":"Bushi"}}},"/ui/720p/extra/scenepage.ui":{"rootdata":{"0":{"0":"Szene"}}},"/ui/1080p/extra/soundpage.ui":{"rootdata":{"0":{"0":"Klang"}}},"/img/1080p/bg/ED0004_a.ui":{"rootdata":{"0":{"1":"umfangreiche Produktion","2":"Bushi"}}},"/ui/common/extra/btn_thumbnail.ui":{"rootdata":{"0":{"1":"NoData"}}},"/ui/common/title/btn_config.ui":{"rootdata":{"0":"Konfigurieren Sie"}},"/img/720p/bg/ED0002_a.ui":{"rootdata":{"0":{"1":"produzieren","2":"Pengin","3":"Ryusei"}}},"/img/1080p/bg/ED0005_a.ui":{"rootdata":{"0":{"1":"Produktionskooperation","2":"Cyber Step Gesellschaft"}}},"/img/720p/bg/ED0005_a.ui":{"rootdata":{"0":{"1":"Produktionskooperation","2":"Cyber Step Gesellschaft"}}},"/ui/common/extra/btn_cg.ui":{"rootdata":{"2":"CG"}},"/ui/1080p/language/language.ui":{"rootdata":{"1":"Sprache"}},"/ui/common/config/btn_system.ui":{"rootdata":{"2":"System"}},"/ui/1080p/storage/storage.ui":{"rootdata":{"1":"Speichern Sie"}},"/img/1080p/bg/ED0006_a.ui":{"rootdata":{"0":{"1":"Produktion","2":"Ride On Works, Inc."}}},"/ui/720p/extra/routepage.ui":{"rootdata":{"0":{"0":"Szene"}}},"bgm":{"insecurity":{"label":"Melancholie"},"eye1":{"label":"pf\u00fctzend"},"h1":{"label":"Welligkeit"},"rain":{"label":"kalter Wind"},"sys":{"label":"Stiller See"},"eye2":{"label":"bew\u00f6lkter Himmel (Wetter)"},"sir":{"label":"Verzweiflung"},"op":{"label":"Amane"},"ed":{"label":"Schmelzen in den weiten Himmel"},"healing":{"label":"das Herz (einer Person) ber\u00fchren"},"danger":{"label":"im Anflug sein"},"h2":{"label":"Tr\u00e4nen"}},"/ui/common/extra/btn_sound.ui":{"rootdata":{"2":"Klang"}},"/ui/1080p/extra/cgpage.ui":{"rootdata":{"0":{"0":"CG"}}},"/img/1080p/bg/ED0001_a.ui":{"rootdata":{"0":{"5":"Shizuku Kizaki :. Uki Nashiki","6":"Yukika Mizushima :. Mei Oshiro","3":"Yoko Minegishi :. Ari Sayama","4":"Izumi Kizaki :. Nemea Iori (Stellar Cycle Campus)","1":"gie\u00dfen","2":"Amane Satonaka :. Kyoko Kuramochi (Stellar Cycle Campus)"}}},"/ui/common/title/btn_extra.ui":{"rootdata":{"0":"Extra"}},"/img/720p/bg/ED0003_a.ui":{"rootdata":{"0":{"5":"Kanon Rapipaka","3":"Mekabu Shinonome","4":"Oni MAYUGE","10":"Yui","2":"Tsukimachi Usagi","7":"arp","8":"Minami no Tenjino","6":"Koyo Urami","1":"Remake Personal","9":"Majin Hachimitsu"}}},"/ui/common/extra/btn_scene.ui":{"rootdata":{"2":"Szene"}},"/img/720p/bg/ED0001_a.ui":{"rootdata":{"0":{"5":"Shizuku Kizaki :. Uki Nashiki","6":"Yukika Mizushima :. Mei Oshiro","3":"Yoko Minegishi :. Ari Sayama","4":"Izumi Kizaki :. Nemea Iori (Stellar Cycle Campus)","1":"gie\u00dfen","2":"Amane Satonaka :. Kyoko Kuramochi (Stellar Cycle Campus)"}}},"dict":{"title.translate.cancaled":"Der Download wurde unterbrochen und die Spracheinstellungen werden initialisiert.","talk.quickload.confirm.yes":"Wir werden fortfahren.","title.continue.confirm.yes":"Wir werden fortfahren.","config.10.0":"lokal","storage.title.save":"Speichern Sie","language.restart":"Kehren Sie zum Titelbildschirm zur\u00fcck.","config.6":"Transparenz des Nachrichtenfensters","title.continue.confirm":"M\u00f6chten Sie von einer gespeicherten Szene aus neu starten?","title.continue.nodata":"Es gibt keine gespeicherten Daten.","storage.date":"Datum:","config.1":"Hintergrundmusik","config.8.0":"lokal","extra.scene.confirm":"M\u00f6chten Sie mit dieser Szene beginnen?","title.translate.confirm.yes":"herunterladen","title.translate.confirm":"Laden Sie die zum Starten des Spiels erforderlichen Aktualisierungsdateien unter %s herunter.","common.dialog.message.exit.yes":"Ausstieg.","common.dialog.btn.no":"k\u00fcndigen","language.confirm.yes":"\u00c4ndern.","config.10.1":"wert sein","storage.label.none":"Keine Daten","language.confirm":"M\u00f6chten Sie die von Ihnen verwendete Sprache auf %s \u00e4ndern?","config.10":"\u00c4ndern der Farbe von bereits gelesenen S\u00e4tzen","storage.title.load":"laden","config.5":"Auto-Modus Geschwindigkeit","config.7.all":"alle","config.8":"Fortsetzung nach Wahl \u00fcberspringen","config.9.1":"wert sein","common.dialog.btn.yes":"OK","config.tab.system":"System","extra.cg.dialog.page":"%d / %d","common.dialog.message.save.yes":"speichern","common.dialog.message.load.yes":"laden","common.dialog.message.save":"Willst du es retten?","config.7.read":"nur lesen","config.3":"STIMME","config.9.0":"lokal","config.reset.confirm.yes":"Initialisieren.","talk.quickload.confirm":"M\u00f6chten Sie von einer gespeicherten Szene aus neu starten?","config.tab.sound":"TON","talk.quicksave.message":"Sie haben das Spiel gespeichert.\nSie k\u00f6nnen in der aktuellen Szene fortfahren.","config.4":"Zeichenanzeigegeschwindigkeit","config.reset.confirm":"M\u00f6chten Sie die Einstellungen initialisieren?","common.dialog.message.download":"Herunterladen.","title.translate.notallowed":"Initialisieren Sie die Spracheinstellungen, da die erforderlichen Dateien fehlen.","storage.date.none":"----/--/-- --:--","common.dialog.btn.cancel":"Unterbrechung","language.error.2":"Sie haben keine Berechtigung, auf den Server zuzugreifen.","config.7":"\u00dcberspringungsmodus","language.error.1":"Der Server wird gerade gewartet.","config.9":"Fortsetzung des Automodus nach der Auswahl","common.dialog.message.title":"M\u00f6chten Sie zum Titelbildschirm zur\u00fcckkehren?","extra.scene.confirm.yes":"Initiieren.","common.dialog.message.load":"M\u00f6chten Sie laden?","common.dialog.message.title.yes":"Zum Titel","config.2":"SE","config.8.1":"wert sein","title.translate.failed":"Initialisieren Sie die Spracheinstellungen, da der Download fehlgeschlagen ist.","common.dialog.message.exit":"Willst du das Spiel verlassen?","language.error.255":"Der Server ist nicht verf\u00fcgbar."},"/ui/common/config/btn_sound.ui":{"rootdata":{"2":"Klang"}},"/ui/common/ui/btn_title.ui":{"rootdata":{"2":"Titel"}},"/ui/720p/storage/storage.ui":{"rootdata":{"1":"Speichern Sie"}},"/ui/common/storage/datum.ui":{"rootdata":{"3":{"1":"Keine Daten"}}},"/ui/720p/config/config.ui":{"rootdata":{"1":"System"}},"/ui/common/title/btn_language.ui":{"rootdata":{"0":"Sprache"}}}