{"/ui/1080p/talk/log.ui":{"rootdata":{"0":{"1":"BackLog"}}},"/ui/common/config/btn_reset.ui":{"rootdata":{"2":"R\u00e9initialiser"}},"/ui/1080p/extra/scenepage.ui":{"rootdata":{"0":{"0":"sc\u00e8ne"}}},"/img/1080p/bg/ED0003_a.ui":{"rootdata":{"0":{"5":"Kanon Rapipaka","3":"Mekabu Shinonome","4":"Oni MAYUGE","10":"Yui","2":"Tsukimachi Usagi","7":"arp","8":"Minami no Tenjino","6":"Koyo Urami","1":"Personnel de Remake","9":"Majin Hachimitsu"}}},"/img/720p/bg/ED0000_a.ui":{"rootdata":{"0":{"1":"Id\u00e9e originale, Black Swan, \" Amane Switch \"."}}},"/ui/1080p/config/config.ui":{"rootdata":{"1":"syst\u00e8me"}},"/ui/common/title/btn_continue.ui":{"rootdata":{"0":"Continuer"}},"/img/1080p/bg/ED0007_a.ui":{"rootdata":{"0":{"1":"fin"}}},"/ui/common/ui/btn_exit.ui":{"rootdata":{"2":"quitter"}},"character":{"1st_grade":"\u00e9tudiant de premi\u00e8re ann\u00e9e","cat":"chat","female_student2":"\u00c9tudiante 2","police_officer":"policier","friend":"ami","doctor":"m\u00e9decin","teacher":"enseignant (salle de classe)","amane":"Amane","female":"femme","amane_with_mother":"M\u00e8re. Amane","pe_teacher":"professeur d'\u00e9ducation physique","director":"responsable d'un club (scolaire)","theater_tirector":"chef du d\u00e9partement d'art dramatique","School_principal":"principal","theater_member":"membre d'une troupe th\u00e9\u00e2trale","police_officer2":"Agent de police 2","nurse":"infirmi\u00e8re dipl\u00f4m\u00e9e","yukika":"Yukika","teacher1":"Enseignant 1","hospital_officials":"personnel hospitalier","soccer_member":"club de football","store_manager":"chef d'atelier","3rd_grade":"\u00e9tudiant de troisi\u00e8me ann\u00e9e","unknown":"Quoi ?","wet_woman":"Femme tremp\u00e9e","police_officer3":"Officier de police 3.","4heroines":"Yoko & Izumi & Shizuku & Yukika","female_student":"\u00e9tudiante","Students":"\u00e9tudiants","literary_club_Director":"chef du d\u00e9partement litt\u00e9raire","part_time_job":"octet","youko":"Yoko","male":"genre masculin","children":"enfant","youhei":"Yohei","Audiovisual_committee":"membre du comit\u00e9 de privation sensorielle","male_student":"\u00e9tudiant masculin","izumi":"Izumi","child":"enfants","male_student2":"\u00c9tudiant masculin 2","hospital_officials2":"Personnel hospitalier 2","police_officer1":"Agent de police 1","classmate":"camarade de classe","member2":"Membre 2.","athletics_member":"membre du club d'athl\u00e9tisme","male_student1":"\u00c9tudiant masculin 1","resident":"r\u00e9sident","homeroom_teacher":"professeur principal","father":"p\u00e8re","police_officer4":"Officier de police 4.","literary_club_member":"un membre litt\u00e9raire du personnel","customer":"client","softball_member":"d\u00e9partement des logiciels","baseball_member":"club de baseball (c'est-\u00e0-dire l'\u00e9quipe de baseball d'une universit\u00e9, d'une soci\u00e9t\u00e9, etc.)","male_student3":"\u00c9tudiant masculin 3","news_caster":"roulette","teacher4":"Professeur quatre.","shizuku":"Shizuku","vice-president":"vice-pr\u00e9sident (d'un club ou d'une organisation, organisation)","member1":"Membre 1","teacher3":"Professeur trois.","shinzi":"Shinji","sales_clerk":"greffier","female_student1":"\u00c9tudiante 1","mother":"m\u00e8re","father_in_law":"beau-p\u00e8re","hospital_officials1":"Personnel hospitalier 1","member3":"Membre 3.","teacher2":"Enseignant 2"},"/ui/720p/extra/cgpage.ui":{"rootdata":{"0":{"0":"CG"}}},"/ui/1080p/extra/routepage.ui":{"rootdata":{"0":{"0":"sc\u00e8ne"}}},"scene":{"34":{"hidden":"END5","name":"END \"La maladie qui ne se gu\u00e9rit pas\"."},"29":{"hidden":"END3","name":"END \"Encore de la pluie"},"27":{"hidden":"25","name":"Ma s\u0153ur pr\u00e9f\u00e9r\u00e9e."},"8":{"hidden":"08","name":"Le quotidien de la perversion"},"6":{"hidden":"06","name":"Relation avec Amane"},"15":{"hidden":"15","name":"C'est dr\u00f4le."},"5":{"hidden":"05","name":"invitation"},"23":{"hidden":"END1","name":"FIN \"Ame Furi"},"35":{"hidden":"END6","name":"END \"La fin de la course : ......"},"11":{"hidden":"11","name":"Ce en quoi je crois..."},"26":{"hidden":"END2","name":"FIN \"Larmes de pluie"},"36":{"hidden":"Secret END","name":"END \"New Call Rain\"."},"16":{"hidden":"16","name":"Alors je suis le seul \u00e0 \u00eatre fou ?"},"25":{"hidden":"24","name":"la pluie qui tombe \u00e0 un moment de tristesse"},"4":{"hidden":"04","name":"ami"},"22":{"hidden":"22","name":"lapsus"},"12":{"hidden":"12","name":"acte de barbarie"},"18":{"hidden":"18","name":"La pierre qui a commenc\u00e9 \u00e0 rouler."},"21":{"hidden":"21","name":"Interrupteur Amane"},"1":{"hidden":"01","name":"Le nouvel \u00e9tudiant..."},"0":{"hidden":"00","name":"Amane"},"7":{"hidden":"07","name":"\u00eatre plein de trous"},"17":{"hidden":"17","name":"choix"},"32":{"hidden":"28","name":"reconnaissance du droit \u00e0 la propri\u00e9t\u00e9 fonci\u00e8re (par le shogunat, un seigneur f\u00e9odal, etc.)"},"24":{"hidden":"23","name":"Je pensais \u00e0 toi."},"9":{"hidden":"09","name":"roue dent\u00e9e"},"19":{"hidden":"19","name":"Comment cela est-il arriv\u00e9 ?"},"30":{"hidden":"27","name":"libre arbitre"},"10":{"hidden":"10","name":"assassin"},"14":{"hidden":"14","name":"une tranquillit\u00e9 d'esprit temporaire"},"3":{"hidden":"03","name":"Amane et la pluie"},"31":{"hidden":"END4","name":"END \"La fin d'Assaut : ......"},"2":{"hidden":"02","name":"Heureux moment"},"28":{"hidden":"26","name":"constitution (physique)"},"13":{"hidden":"13","name":"Maintenant, nous sommes ensemble."},"33":{"hidden":"29","name":"d\u00e9cent"},"20":{"hidden":"20","name":"moments de mort"}},"/img/720p/bg/ED0006_a.ui":{"rootdata":{"0":{"1":"production","2":"Ride On Works, Inc."}}},"/ui/720p/extra/soundpage.ui":{"rootdata":{"0":{"0":"son"}}},"/ui/common/title/btn_start.ui":{"rootdata":{"0":"commencer"}},"/img/720p/bg/ED0007_a.ui":{"rootdata":{"0":{"1":"fin"}}},"/img/1080p/bg/ED0002_a.ui":{"rootdata":{"0":{"1":"produire","2":"Pengin","3":"Ryusei"}}},"/ui/common/ui/btn_back.ui":{"rootdata":{"2":"arri\u00e8re"}},"/ui/common/title/btn_load.ui":{"rootdata":{"0":"charge"}},"/ui/720p/language/language.ui":{"rootdata":{"1":"Langue"}},"/ui/common/extra/achieve.ui":{"rootdata":{"1":"taux de r\u00e9alisation"}},"/ui/720p/talk/log.ui":{"rootdata":{"0":{"1":"BackLog"}}},"/img/1080p/bg/ED0000_a.ui":{"rootdata":{"0":{"1":"Id\u00e9e originale, Black Swan, \" Amane Switch \"."}}},"/img/720p/bg/ED0004_a.ui":{"rootdata":{"0":{"1":"production compl\u00e8te","2":"Bushi"}}},"/ui/720p/extra/scenepage.ui":{"rootdata":{"0":{"0":"sc\u00e8ne"}}},"/ui/1080p/extra/soundpage.ui":{"rootdata":{"0":{"0":"son"}}},"/img/1080p/bg/ED0004_a.ui":{"rootdata":{"0":{"1":"production compl\u00e8te","2":"Bushi"}}},"/ui/common/extra/btn_thumbnail.ui":{"rootdata":{"0":{"1":"NoData"}}},"/ui/common/title/btn_config.ui":{"rootdata":{"0":"Config"}},"/img/720p/bg/ED0002_a.ui":{"rootdata":{"0":{"1":"produire","2":"Pengin","3":"Ryusei"}}},"/img/1080p/bg/ED0005_a.ui":{"rootdata":{"0":{"1":"coop\u00e9ration de production","2":"Cyber Step Corporation"}}},"/img/720p/bg/ED0005_a.ui":{"rootdata":{"0":{"1":"coop\u00e9ration de production","2":"Cyber Step Corporation"}}},"/ui/common/extra/btn_cg.ui":{"rootdata":{"2":"CG"}},"/ui/1080p/language/language.ui":{"rootdata":{"1":"Langue"}},"/ui/common/config/btn_system.ui":{"rootdata":{"2":"syst\u00e8me"}},"/ui/1080p/storage/storage.ui":{"rootdata":{"1":"Sauvez"}},"/img/1080p/bg/ED0006_a.ui":{"rootdata":{"0":{"1":"production","2":"Ride On Works, Inc."}}},"/ui/720p/extra/routepage.ui":{"rootdata":{"0":{"0":"sc\u00e8ne"}}},"bgm":{"insecurity":{"label":"m\u00e9lancolie"},"eye1":{"label":"s'enliser"},"h1":{"label":"ondulation"},"rain":{"label":"vent froid"},"sys":{"label":"Lac tranquille"},"eye2":{"label":"ciel nuageux (m\u00e9t\u00e9o)"},"sir":{"label":"d\u00e9sespoir"},"op":{"label":"Amane"},"ed":{"label":"Fondre dans le grand ciel"},"healing":{"label":"toucher le c\u0153ur (d'une personne)"},"danger":{"label":"s'approcher"},"h2":{"label":"larmes"}},"/ui/common/extra/btn_sound.ui":{"rootdata":{"2":"son"}},"/ui/1080p/extra/cgpage.ui":{"rootdata":{"0":{"0":"CG"}}},"/img/1080p/bg/ED0001_a.ui":{"rootdata":{"0":{"5":"Shizuku Kizaki :. Uki Nashiki","6":"Yukika Mizushima :. Mei Oshiro","3":"Yoko Minegishi :. Ari Sayama","4":"Izumi Kizaki :. Nemea Iori (Campus du cycle stellaire)","1":"moulage","2":"Amane Satonaka :. Kyoko Kuramochi (Stellar Cycle Campus)"}}},"/ui/common/title/btn_extra.ui":{"rootdata":{"0":"Extra"}},"/img/720p/bg/ED0003_a.ui":{"rootdata":{"0":{"5":"Kanon Rapipaka","3":"Mekabu Shinonome","4":"Oni MAYUGE","10":"Yui","2":"Tsukimachi Usagi","7":"arp","8":"Minami no Tenjino","6":"Koyo Urami","1":"Personnel de Remake","9":"Majin Hachimitsu"}}},"/ui/common/extra/btn_scene.ui":{"rootdata":{"2":"sc\u00e8ne"}},"/img/720p/bg/ED0001_a.ui":{"rootdata":{"0":{"5":"Shizuku Kizaki :. Uki Nashiki","6":"Yukika Mizushima :. Mei Oshiro","3":"Yoko Minegishi :. Ari Sayama","4":"Izumi Kizaki :. Nemea Iori (Campus du cycle stellaire)","1":"moulage","2":"Amane Satonaka :. Kyoko Kuramochi (Stellar Cycle Campus)"}}},"dict":{"title.translate.cancaled":"Le t\u00e9l\u00e9chargement a \u00e9t\u00e9 interrompu et les param\u00e8tres linguistiques sont initialis\u00e9s.","talk.quickload.confirm.yes":"Nous allons reprendre.","title.continue.confirm.yes":"Nous allons reprendre.","config.10.0":"local","storage.title.save":"Sauvez","language.restart":"Retournez \u00e0 l'\u00e9cran titre.","config.6":"transparence de la fen\u00eatre de message","title.continue.confirm":"Voulez-vous red\u00e9marrer \u00e0 partir d'une sc\u00e8ne sauvegard\u00e9e ?","title.continue.nodata":"Il n'y a pas de donn\u00e9es de sauvegarde.","storage.date":"Date :","config.1":"musique de fond","config.8.0":"local","extra.scene.confirm":"Voulez-vous commencer par cette sc\u00e8ne ?","title.translate.confirm.yes":"t\u00e9l\u00e9charger","title.translate.confirm":"T\u00e9l\u00e9chargez les fichiers de mise \u00e0 jour n\u00e9cessaires pour d\u00e9marrer le jeu sur %s.","common.dialog.message.exit.yes":"Sortie.","common.dialog.btn.no":"annuler","language.confirm.yes":"Changez.","config.10.1":"valoir","storage.label.none":"Pas de donn\u00e9es","language.confirm":"Voulez-vous changer la langue que vous utilisez pour %s?","config.10":"Changez la couleur des phrases d\u00e9j\u00e0 lues","storage.title.load":"charge","config.5":"Vitesse en mode automatique","config.7.all":"tous","config.8":"Sauter la suite apr\u00e8s le choix","config.9.1":"valoir","common.dialog.btn.yes":"OK","config.tab.system":"syst\u00e8me","extra.cg.dialog.page":"%d / %d","common.dialog.message.save.yes":"sauver","common.dialog.message.load.yes":"charge","common.dialog.message.save":"Voulez-vous le sauver ?","config.7.read":"lecture seulement","config.3":"VOIX","config.9.0":"local","config.reset.confirm.yes":"Initialiser.","talk.quickload.confirm":"Voulez-vous red\u00e9marrer \u00e0 partir d'une sc\u00e8ne sauvegard\u00e9e ?","config.tab.sound":"SON","talk.quicksave.message":"Vous avez sauvegard\u00e9 le jeu.\nVous pouvez reprendre \u00e0 partir de la sc\u00e8ne actuelle.","config.4":"vitesse d'affichage des caract\u00e8res","config.reset.confirm":"Voulez-vous initialiser les param\u00e8tres ?","common.dialog.message.download":"T\u00e9l\u00e9chargement.","title.translate.notallowed":"Initialiser les param\u00e8tres linguistiques car les fichiers requis sont manquants.","storage.date.none":"----/--/-- --:--","common.dialog.btn.cancel":"interruption","language.error.2":"Vous n'\u00eates pas autoris\u00e9 \u00e0 acc\u00e9der au serveur.","config.7":"mode de saut","language.error.1":"Le serveur est en cours de maintenance.","config.9":"Poursuite du mode automatique apr\u00e8s s\u00e9lection","common.dialog.message.title":"Voulez-vous revenir \u00e0 l'\u00e9cran titre ?","extra.scene.confirm.yes":"Initiez.","common.dialog.message.load":"Vous voulez charger ?","common.dialog.message.title.yes":"Au titre","config.2":"SE","config.8.1":"valoir","title.translate.failed":"Initialiser les param\u00e8tres linguistiques car le t\u00e9l\u00e9chargement a \u00e9chou\u00e9.","common.dialog.message.exit":"Voulez-vous quitter le jeu ?","language.error.255":"Le serveur est indisponible."},"/ui/common/config/btn_sound.ui":{"rootdata":{"2":"son"}},"/ui/common/ui/btn_title.ui":{"rootdata":{"2":"titre"}},"/ui/720p/storage/storage.ui":{"rootdata":{"1":"Sauvez"}},"/ui/common/storage/datum.ui":{"rootdata":{"3":{"1":"Pas de donn\u00e9es"}}},"/ui/720p/config/config.ui":{"rootdata":{"1":"syst\u00e8me"}},"/ui/common/title/btn_language.ui":{"rootdata":{"0":"Langue"}}}