{"/ui/1080p/talk/log.ui":{"rootdata":{"0":{"1":"backlog"}}},"/ui/common/config/btn_reset.ui":{"rootdata":{"2":"Reddere praeferentias"}},"/ui/1080p/extra/scenepage.ui":{"rootdata":{"0":{"0":"scene"}}},"/img/1080p/bg/ED0003_a.ui":{"rootdata":{"0":{"5":"Kanon Rapipaka","3":"Mekabu Shinonome","4":"MAYUGE sui Benomi,","10":"yui","2":"Tsukimachi Usagi","7":"arp","8":"Minami non Tenjino","6":"Koyo Urami","1":"Staff reformandam","9":"Majin Hachimitsu"}}},"/img/720p/bg/ED0000_a.ui":{"rootdata":{"0":{"1":"Prima specie Black 'Cie Amane \""}}},"/ui/1080p/config/config.ui":{"rootdata":{"1":"ratio"}},"/ui/common/title/btn_continue.ui":{"rootdata":{"0":"continue"}},"/img/1080p/bg/ED0007_a.ui":{"rootdata":{"0":{"1":"fin"}}},"/ui/common/ui/btn_exit.ui":{"rootdata":{"2":"exitus"}},"character":{"1st_grade":"ante annos discipulus","cat":"cattus","female_student2":"Feminam studiosum II","police_officer":"LICTOR","friend":"amica","doctor":"medicus","teacher":"magister (Curabitur aliquet ultricies)","amane":"amane","female":"femina","amane_with_mother":"Mater. amane","pe_teacher":"physica educationem magister","director":"a capite (ludum) clava","theater_tirector":"hac tragoedia princeps","School_principal":"principalem","theater_member":"socius ex cohorte ludicrum","police_officer2":"Police II","nurse":"genealogia nutrix","yukika":"Yukika","teacher1":"I magister","hospital_officials":"curatores hospitium","soccer_member":"Morbi clava","store_manager":"tabernam sit amet","3rd_grade":"tertius-annus discipulus","unknown":"Quid est?","wet_woman":"Mulier bibula infectum","police_officer3":"Police III.","4heroines":"Vivamus Izumi & & & Shizuku Yukika","female_student":"feminam studiosum","Students":"discipuli","literary_club_Director":"genere litterarum caput","part_time_job":"byte","youko":"Vivamus","male":"masculinum genus,","children":"puer","youhei":"Yohei","Audiovisual_committee":"committee socius sensitiva privatio","male_student":"masculum discipulus","izumi":"Izumi","child":"liberi","male_student2":"Male studiosum II","hospital_officials2":"Personae II hospitium","police_officer1":"Aliquam I MILITARIS","classmate":"classmate","member2":"II socius.","athletics_member":"track et agro clava membrum,","male_student1":"Male studiosum I","resident":"habitans","homeroom_teacher":"homeroom magister","father":"pater","police_officer4":"Police IV.","literary_club_member":"literary membrum est in virgam","customer":"Lorem","softball_member":"department software","baseball_member":"baseball clava (ie of a baseball quadrigis universitates, corporation, etc.)","male_student3":"Male discipulus III","news_caster":"Aquarius servulus monstra","teacher4":"Magister quattuor.","shizuku":"Shizuku","vice-president":"vice president (of a club or organization, organisation)","member1":"I membrum,","teacher3":"Tres magister.","shinzi":"Shinji","sales_clerk":"scriba","female_student1":"Feminam studiosum I","mother":"mater","father_in_law":"SOCER","hospital_officials1":"I personas hospitium","member3":"III socius.","teacher2":"II magister"},"/ui/720p/extra/cgpage.ui":{"rootdata":{"0":{"0":"CG,"}}},"/ui/1080p/extra/routepage.ui":{"rootdata":{"0":{"0":"scene"}}},"scene":{"34":{"hidden":"END5","name":"TERMINUS 'quod morbus potest curari,"},"29":{"hidden":"END3","name":"TERMINUS 'adhuc tempus pluvi\u00e6"},"27":{"hidden":"XXV","name":"Mea ventus soror."},"8":{"hidden":"VIII","name":"Cotidie vita est aversione"},"6":{"hidden":"VI","name":"Relatione ad Amane"},"15":{"hidden":"XV","name":"Est ridiculam."},"5":{"hidden":"V","name":"invitatio"},"23":{"hidden":"END1","name":"TERMINUS 'partis Furi"},"35":{"hidden":"END6","name":"TERMINUS 'et curre in finem: ......"},"11":{"hidden":"XI","name":"Quod in ..."},"26":{"hidden":"END2","name":"TERMINUS 'imbre"},"36":{"hidden":"SUNT FINIS, secret","name":"Finis \"New College Call Nubila.\""},"16":{"hidden":"XVI","name":"Sic Im aliquis qui suus 'tantum insanis?"},"25":{"hidden":"XXIV","name":"pluviae tempore tristitiae"},"4":{"hidden":"IV","name":"amica"},"22":{"hidden":"XXII","name":"labuntur linguae"},"12":{"hidden":"XII","name":"barbariem agere"},"18":{"hidden":"XVIII","name":"Quod coepi ut lapis volvens."},"21":{"hidden":"XXI","name":"amane switch"},"1":{"hidden":"I","name":"Nova discipulus ..."},"0":{"hidden":"00:","name":"amane"},"7":{"hidden":"VII","name":"non foraminosa"},"17":{"hidden":"XVII","name":"arbitrium"},"32":{"hidden":"XXVIII","name":"ob ius possessionis terrae (in shogunate a domino feudi, etc.)"},"24":{"hidden":"XXIII","name":"Te cogitabam."},"9":{"hidden":"IX","name":"cog-rota,"},"19":{"hidden":"XIX","name":"Quomodo hoc factum est?"},"30":{"hidden":"XXVII","name":"animus liber"},"10":{"hidden":"X","name":"cum sicario disputabo"},"14":{"hidden":"XIV","name":"animi tempus pacis"},"3":{"hidden":"III","name":"Amane et pluviam"},"31":{"hidden":"END4","name":"Finis \"INIURIA in finem: ......"},"2":{"hidden":"II","name":"Beatus tempus"},"28":{"hidden":"XXVI","name":"constitutionis (physica)"},"13":{"hidden":"XIII","name":"Nunc una sumus."},"33":{"hidden":"XXIX","name":"honestum"},"20":{"hidden":"XX","name":"momenta"}},"/img/720p/bg/ED0006_a.ui":{"rootdata":{"0":{"1":"Fabricatio","2":"De ride opera Inc."}}},"/ui/720p/extra/soundpage.ui":{"rootdata":{"0":{"0":"sana"}}},"/ui/common/title/btn_start.ui":{"rootdata":{"0":"initium"}},"/img/720p/bg/ED0007_a.ui":{"rootdata":{"0":{"1":"fin"}}},"/img/1080p/bg/ED0002_a.ui":{"rootdata":{"0":{"1":"fructus","2":"Pengin","3":"Ryusei"}}},"/ui/common/ui/btn_back.ui":{"rootdata":{"2":"rursus"}},"/ui/common/title/btn_load.ui":{"rootdata":{"0":"onus"}},"/ui/720p/language/language.ui":{"rootdata":{"1":"Lingua"}},"/ui/common/extra/achieve.ui":{"rootdata":{"1":"factum rate"}},"/ui/720p/talk/log.ui":{"rootdata":{"0":{"1":"backlog"}}},"/img/1080p/bg/ED0000_a.ui":{"rootdata":{"0":{"1":"Prima specie Black 'Cie Amane \""}}},"/img/720p/bg/ED0004_a.ui":{"rootdata":{"0":{"1":"productio comprehensive","2":"albigularis"}}},"/ui/720p/extra/scenepage.ui":{"rootdata":{"0":{"0":"scene"}}},"/ui/1080p/extra/soundpage.ui":{"rootdata":{"0":{"0":"sana"}}},"/img/1080p/bg/ED0004_a.ui":{"rootdata":{"0":{"1":"productio comprehensive","2":"albigularis"}}},"/ui/common/extra/btn_thumbnail.ui":{"rootdata":{"0":{"1":"NoData"}}},"/ui/common/title/btn_config.ui":{"rootdata":{"0":"Mando"}},"/img/720p/bg/ED0002_a.ui":{"rootdata":{"0":{"1":"fructus","2":"Pengin","3":"Ryusei"}}},"/img/1080p/bg/ED0005_a.ui":{"rootdata":{"0":{"1":"productio cooperante","2":"Gradus cyber Corporation"}}},"/img/720p/bg/ED0005_a.ui":{"rootdata":{"0":{"1":"productio cooperante","2":"Gradus cyber Corporation"}}},"/ui/common/extra/btn_cg.ui":{"rootdata":{"2":"CG,"}},"/ui/1080p/language/language.ui":{"rootdata":{"1":"Lingua"}},"/ui/common/config/btn_system.ui":{"rootdata":{"2":"ratio"}},"/ui/1080p/storage/storage.ui":{"rootdata":{"1":"salvare"}},"/img/1080p/bg/ED0006_a.ui":{"rootdata":{"0":{"1":"Fabricatio","2":"De ride opera Inc."}}},"/ui/720p/extra/routepage.ui":{"rootdata":{"0":{"0":"scene"}}},"bgm":{"insecurity":{"label":"melancholia"},"eye1":{"label":"puddling auferetur"},"h1":{"label":"UNDA"},"rain":{"label":"frigidus ventus"},"sys":{"label":"quietam mare"},"eye2":{"label":"caelum nubilum (tempestas)"},"sir":{"label":"desperationis"},"op":{"label":"amane"},"ed":{"label":"Wide conflandum in caelum"},"healing":{"label":"tactus (in homine est) animo"},"danger":{"label":"et appropinquare"},"h2":{"label":"lacrimae"}},"/ui/common/extra/btn_sound.ui":{"rootdata":{"2":"sana"}},"/ui/1080p/extra/cgpage.ui":{"rootdata":{"0":{"0":"CG,"}}},"/img/1080p/bg/ED0001_a.ui":{"rootdata":{"0":{"5":"Shizuku Kizaki:. uki Nashiki","6":"Yukika Mizushima:. Oshiro mei","3":"Vivamus Minegishi:. An Sayama","4":"Izumi Kizaki:. Maximus Nemeae Iori (Cicero sidereaque campo)","1":"cast","2":"Satonaka Amane:. Kyoko Kuramochi (Cicero sidereaque campo)"}}},"/ui/common/title/btn_extra.ui":{"rootdata":{"0":"extra"}},"/img/720p/bg/ED0003_a.ui":{"rootdata":{"0":{"5":"Kanon Rapipaka","3":"Mekabu Shinonome","4":"MAYUGE sui Benomi,","10":"yui","2":"Tsukimachi Usagi","7":"arp","8":"Minami non Tenjino","6":"Koyo Urami","1":"Staff reformandam","9":"Majin Hachimitsu"}}},"/ui/common/extra/btn_scene.ui":{"rootdata":{"2":"scene"}},"/img/720p/bg/ED0001_a.ui":{"rootdata":{"0":{"5":"Shizuku Kizaki:. uki Nashiki","6":"Yukika Mizushima:. Oshiro mei","3":"Vivamus Minegishi:. An Sayama","4":"Izumi Kizaki:. Maximus Nemeae Iori (Cicero sidereaque campo)","1":"cast","2":"Satonaka Amane:. Kyoko Kuramochi (Cicero sidereaque campo)"}}},"dict":{"title.translate.cancaled":"Aut interruptum download Et linguam et occasus sint initialized.","talk.quickload.confirm.yes":"Tibi nos referamus.","title.continue.confirm.yes":"Tibi nos referamus.","config.10.0":"locorum","storage.title.save":"salvare","language.restart":"Ad titulo screen.","config.6":"Perspicuum autem nuntius fenestra","title.continue.confirm":"Sileo de scaena vis salvari?","title.continue.nodata":"Nec nisi elit.","storage.date":"Date:","config.1":"background musica","config.8.0":"locorum","extra.scene.confirm":"Non volo ut satus cum hoc SCENA?","title.translate.confirm.yes":"download","title.translate.confirm":"Download files opus ad update ludum ad ad satus %s .","common.dialog.message.exit.yes":"Exit.","common.dialog.btn.no":"inrita","language.confirm.yes":"Mutare.","config.10.1":"dignum est","storage.label.none":"nulla notitia","language.confirm":"Non vis ad mutare lingua uteris %s ?","config.10":"Mutata colo colui cultum iam in sententias legere,","storage.title.load":"onus","config.5":"Auto modus celeritas","config.7.all":"omnis","config.8":"Skip arbitrium post Sequentia","config.9.1":"dignum est","common.dialog.btn.yes":"Bene","config.tab.system":"ratio","extra.cg.dialog.page":"%d / %d","common.dialog.message.save.yes":"salvare","common.dialog.message.load.yes":"onus","common.dialog.message.save":"Eam vis?","config.7.read":"tantum legere","config.3":"PROLOQUOR","config.9.0":"locorum","config.reset.confirm.yes":"Initialize.","talk.quickload.confirm":"Sileo de scaena vis salvari?","config.tab.sound":"VOX","talk.quicksave.message":"Servavisti ludum. Vos can sumere ex in current scaena.","config.4":"celeritatem ingenii ostentationem","config.reset.confirm":"Vis initialize fundis?","common.dialog.message.download":"Downloading.","title.translate.notallowed":"Initialize lingua occasus quod lima es absentis est requiritur.","storage.date.none":"---- / - / - -: -","common.dialog.btn.cancel":"intermissum","language.error.2":"Non licet tibi accessere in calculonis servi.","config.7":"skip modus","language.error.1":"Quod servo is sub tutela.","config.9":"Cum delectu modum continuationis auto-","common.dialog.message.title":"Title screen ad tibi vis redire?","extra.scene.confirm.yes":"Inchoare.","common.dialog.message.load":"Vis turpis?","common.dialog.message.title.yes":"Ad titulum","config.2":"Inter Aquilonem et Eurum","config.8.1":"dignum est","title.translate.failed":"Initialize lingua occasus download quia defecit.","common.dialog.message.exit":"Ipsum vultis abire?","language.error.255":"Quod servo is unavailable."},"/ui/common/config/btn_sound.ui":{"rootdata":{"2":"sana"}},"/ui/common/ui/btn_title.ui":{"rootdata":{"2":"title"}},"/ui/720p/storage/storage.ui":{"rootdata":{"1":"salvare"}},"/ui/common/storage/datum.ui":{"rootdata":{"3":{"1":"Nulla Data"}}},"/ui/720p/config/config.ui":{"rootdata":{"1":"ratio"}},"/ui/common/title/btn_language.ui":{"rootdata":{"0":"Lingua"}}}